level,category_id,alias_ids,l1_id,l1_slug,l1_name,slug,full_name,short_name,display_group,url,listing_count,facet_value_count,seo_facet_pages,name_part_1,name_part_2,name_part_3
1,1,,1,antiek-en-kunst,Antiek en Kunst,antiek-en-kunst,Antiek en Kunst,,,https://marketplace.apps-pilot.nl/l/antiek-en-kunst/,,0,0,Antiek en Kunst,,
2,2,,1,antiek-en-kunst,Antiek en Kunst,antiek-bestek,Antiek | Bestek,Bestek,Antiek | Eetgerei,https://marketplace.apps-pilot.nl/l/antiek-en-kunst/antiek-bestek/,14313,0,0,Antiek,Bestek,
2,3,,1,antiek-en-kunst,Antiek en Kunst,antiek-boeken-en-bijbels,Antiek | Boeken en Bijbels,Boeken en Bijbels,Antiek | Gebruiksvoorwerpen,https://marketplace.apps-pilot.nl/l/antiek-en-kunst/antiek-boeken-en-bijbels/,14618,0,0,Antiek,Boeken en Bijbels,
2,1100,,1,antiek-en-kunst,Antiek en Kunst,antiek-emaille,Antiek | Emaille,Emaille,Antiek | Gebruiksvoorwerpen,https://marketplace.apps-pilot.nl/l/antiek-en-kunst/antiek-emaille/,9345,0,0,Antiek,Emaille,
2,1501,,1,antiek-en-kunst,Antiek en Kunst,antiek-gereedschap-en-instrumenten,Antiek | Gereedschap en Instrumenten,Gereedschap en Instrumenten,Antiek | Gebruiksvoorwerpen,https://marketplace.apps-pilot.nl/l/antiek-en-kunst/antiek-gereedschap-en-instrumenten/,10296,0,0,Antiek,Gereedschap en Instrumenten,
2,1648,,1,antiek-en-kunst,Antiek en Kunst,antiek-glas-en-kristal,Antiek | Glas en Kristal,Glas en Kristal,Antiek | Gebruiksvoorwerpen,https://marketplace.apps-pilot.nl/l/antiek-en-kunst/antiek-glas-en-kristal/,30396,0,0,Antiek,Glas en Kristal,
2,2614,,1,antiek-en-kunst,Antiek en Kunst,antiek-goud-en-zilver,Antiek | Goud en Zilver,Goud en Zilver,Antiek | Gebruiksvoorwerpen,https://marketplace.apps-pilot.nl/l/antiek-en-kunst/antiek-goud-en-zilver/,9335,0,0,Antiek,Goud en Zilver,
2,2661,,1,antiek-en-kunst,Antiek en Kunst,antiek-kandelaars,Antiek | Kandelaars,Kandelaars,Antiek | Gebruiksvoorwerpen,https://marketplace.apps-pilot.nl/l/antiek-en-kunst/antiek-kandelaars/,7673,0,0,Antiek,Kandelaars,
2,1841,,1,antiek-en-kunst,Antiek en Kunst,antiek-kantoor-en-zakelijk,Antiek | Kantoor en Zakelijk,Kantoor en Zakelijk,Antiek | Gebruiksvoorwerpen,https://marketplace.apps-pilot.nl/l/antiek-en-kunst/antiek-kantoor-en-zakelijk/,3274,0,0,Antiek,Kantoor en Zakelijk,
2,1502,,1,antiek-en-kunst,Antiek en Kunst,antiek-keramiek-en-aardewerk,Antiek | Keramiek en Aardewerk,Keramiek en Aardewerk,Antiek | Gebruiksvoorwerpen,https://marketplace.apps-pilot.nl/l/antiek-en-kunst/antiek-keramiek-en-aardewerk/,26878,0,0,Antiek,Keramiek en Aardewerk,
2,1842,,1,antiek-en-kunst,Antiek en Kunst,antiek-keukenbenodigdheden,Antiek | Keukenbenodigdheden,Keukenbenodigdheden,Antiek | Gebruiksvoorwerpen,https://marketplace.apps-pilot.nl/l/antiek-en-kunst/antiek-keukenbenodigdheden/,8451,0,0,Antiek,Keukenbenodigdheden,
2,2118,,1,antiek-en-kunst,Antiek en Kunst,antiek-kleden-en-textiel,Antiek | Kleden en Textiel,Kleden en Textiel,Antiek | Gebruiksvoorwerpen,https://marketplace.apps-pilot.nl/l/antiek-en-kunst/antiek-kleden-en-textiel/,4247,0,0,Antiek,Kleden en Textiel,
2,1503,,1,antiek-en-kunst,Antiek en Kunst,antiek-kleding-en-accessoires,Antiek | Kleding en Accessoires,Kleding en Accessoires,Antiek | Gebruiksvoorwerpen,https://marketplace.apps-pilot.nl/l/antiek-en-kunst/antiek-kleding-en-accessoires/,2581,0,0,Antiek,Kleding en Accessoires,
2,6,,1,antiek-en-kunst,Antiek en Kunst,antiek-klokken,Antiek | Klokken,Klokken,Antiek | Gebruiksvoorwerpen,https://marketplace.apps-pilot.nl/l/antiek-en-kunst/antiek-klokken/,14036,0,0,Antiek,Klokken,
2,1647,,1,antiek-en-kunst,Antiek en Kunst,antiek-koper-en-brons,Antiek | Koper en Brons,Koper en Brons,Antiek | Gebruiksvoorwerpen,https://marketplace.apps-pilot.nl/l/antiek-en-kunst/antiek-koper-en-brons/,14735,0,0,Antiek,Koper en Brons,
2,7,,1,antiek-en-kunst,Antiek en Kunst,antiek-lampen,Antiek | Lampen,Lampen,Antiek | Gebruiksvoorwerpen,https://marketplace.apps-pilot.nl/l/antiek-en-kunst/antiek-lampen/,17080,0,0,Antiek,Lampen,
2,1504,,1,antiek-en-kunst,Antiek en Kunst,antiek-meubels-bedden,Antiek | Meubels | Bedden,Bedden,Antiek | Meubels,https://marketplace.apps-pilot.nl/l/antiek-en-kunst/antiek-meubels-bedden/,1154,0,0,Antiek,Meubels,Bedden
2,5,,1,antiek-en-kunst,Antiek en Kunst,antiek-meubels-kasten,Antiek | Meubels | Kasten,Kasten,Antiek | Meubels,https://marketplace.apps-pilot.nl/l/antiek-en-kunst/antiek-meubels-kasten/,13305,0,0,Antiek,Meubels,Kasten
2,1505,,1,antiek-en-kunst,Antiek en Kunst,antiek-meubels-stoelen-en-banken,Antiek | Meubels | Stoelen en Banken,Stoelen en Banken,Antiek | Meubels,https://marketplace.apps-pilot.nl/l/antiek-en-kunst/antiek-meubels-stoelen-en-banken/,19490,0,0,Antiek,Meubels,Stoelen en Banken
2,1506,,1,antiek-en-kunst,Antiek en Kunst,antiek-meubels-tafels,Antiek | Meubels | Tafels,Tafels,Antiek | Meubels,https://marketplace.apps-pilot.nl/l/antiek-en-kunst/antiek-meubels-tafels/,10806,0,0,Antiek,Meubels,Tafels
2,1101,,1,antiek-en-kunst,Antiek en Kunst,antiek-naaimachines,Antiek | Naaimachines,Naaimachines,Antiek | Gebruiksvoorwerpen,https://marketplace.apps-pilot.nl/l/antiek-en-kunst/antiek-naaimachines/,2084,0,0,Antiek,Naaimachines,
2,9,,1,antiek-en-kunst,Antiek en Kunst,antiek-overige-antiek,Antiek | Overige Antiek,Overige Antiek,Antiek | Gebruiksvoorwerpen,https://marketplace.apps-pilot.nl/l/antiek-en-kunst/antiek-overige-antiek/,25106,0,0,Antiek,Overige Antiek,
2,10,,1,antiek-en-kunst,Antiek en Kunst,antiek-porselein,Antiek | Porselein,Porselein,Antiek | Gebruiksvoorwerpen,https://marketplace.apps-pilot.nl/l/antiek-en-kunst/antiek-porselein/,22759,0,0,Antiek,Porselein,
2,1102,,1,antiek-en-kunst,Antiek en Kunst,antiek-religie,Antiek | Religie,Religie,Antiek | Gebruiksvoorwerpen,https://marketplace.apps-pilot.nl/l/antiek-en-kunst/antiek-religie/,9692,0,0,Antiek,Religie,
2,1103,,1,antiek-en-kunst,Antiek en Kunst,antiek-schalen,Antiek | Schalen,Schalen,Antiek | Eetgerei,https://marketplace.apps-pilot.nl/l/antiek-en-kunst/antiek-schalen/,11236,0,0,Antiek,Schalen,
2,2662,,1,antiek-en-kunst,Antiek en Kunst,antiek-schoolplaten,Antiek | Schoolplaten,Schoolplaten,Antiek | Gebruiksvoorwerpen,https://marketplace.apps-pilot.nl/l/antiek-en-kunst/antiek-schoolplaten/,3108,0,0,Antiek,Schoolplaten,
2,1843,,1,antiek-en-kunst,Antiek en Kunst,antiek-servies-compleet,Antiek | Servies compleet,Servies compleet,Antiek | Eetgerei,https://marketplace.apps-pilot.nl/l/antiek-en-kunst/antiek-servies-compleet/,8262,0,0,Antiek,Servies compleet,
2,12,,1,antiek-en-kunst,Antiek en Kunst,antiek-servies-los,Antiek | Servies los,Servies los,Antiek | Eetgerei,https://marketplace.apps-pilot.nl/l/antiek-en-kunst/antiek-servies-los/,21602,0,0,Antiek,Servies los,
2,1507,,1,antiek-en-kunst,Antiek en Kunst,antiek-speelgoed,Antiek | Speelgoed,Speelgoed,Antiek | Gebruiksvoorwerpen,https://marketplace.apps-pilot.nl/l/antiek-en-kunst/antiek-speelgoed/,12996,0,0,Antiek,Speelgoed,
2,2663,,1,antiek-en-kunst,Antiek en Kunst,antiek-spiegels,Antiek | Spiegels,Spiegels,Antiek | Gebruiksvoorwerpen,https://marketplace.apps-pilot.nl/l/antiek-en-kunst/antiek-spiegels/,6283,0,0,Antiek,Spiegels,
2,2664,,1,antiek-en-kunst,Antiek en Kunst,antiek-tin,Antiek | Tin,Tin,Antiek | Gebruiksvoorwerpen,https://marketplace.apps-pilot.nl/l/antiek-en-kunst/antiek-tin/,5299,0,0,Antiek,Tin,
2,11,,1,antiek-en-kunst,Antiek en Kunst,antiek-tv-s-en-audio,Antiek | Tv's en Audio,Tv's en Audio,Antiek | Gebruiksvoorwerpen,https://marketplace.apps-pilot.nl/l/antiek-en-kunst/antiek-tv-s-en-audio/,1820,0,0,Antiek,Tv's en Audio,
2,14,,1,antiek-en-kunst,Antiek en Kunst,antiek-vazen,Antiek | Vazen,Vazen,Antiek | Gebruiksvoorwerpen,https://marketplace.apps-pilot.nl/l/antiek-en-kunst/antiek-vazen/,27153,0,0,Antiek,Vazen,
2,1104,,1,antiek-en-kunst,Antiek en Kunst,antiek-wandborden-en-tegels,Antiek | Wandborden en Tegels,Wandborden en Tegels,Antiek | Gebruiksvoorwerpen,https://marketplace.apps-pilot.nl/l/antiek-en-kunst/antiek-wandborden-en-tegels/,16987,0,0,Antiek,Wandborden en Tegels,
2,1500,,1,antiek-en-kunst,Antiek en Kunst,antiek-woonaccessoires,Antiek | Woonaccessoires,Woonaccessoires,Antiek | Gebruiksvoorwerpen,https://marketplace.apps-pilot.nl/l/antiek-en-kunst/antiek-woonaccessoires/,23430,0,0,Antiek,Woonaccessoires,
2,15,,1,antiek-en-kunst,Antiek en Kunst,curiosa-en-brocante,Curiosa en Brocante,,Curiosa en Brocante,https://marketplace.apps-pilot.nl/l/antiek-en-kunst/curiosa-en-brocante/,55303,0,0,Curiosa en Brocante,,
2,23,,1,antiek-en-kunst,Antiek en Kunst,kunst-beelden-en-houtsnijwerken,Kunst | Beelden en Houtsnijwerken,"Beelden, Houtsnijwerken",Kunst,https://marketplace.apps-pilot.nl/l/antiek-en-kunst/kunst-beelden-en-houtsnijwerken/,19347,0,0,Kunst,Beelden en Houtsnijwerken,
2,1508,,1,antiek-en-kunst,Antiek en Kunst,kunst-designobjecten,Kunst | Designobjecten,Designobjecten,Kunst,https://marketplace.apps-pilot.nl/l/antiek-en-kunst/kunst-designobjecten/,9856,47,47,Kunst,Designobjecten,
2,1105,,1,antiek-en-kunst,Antiek en Kunst,kunst-etsen-en-gravures,Kunst | Etsen en Gravures,Etsen en Gravures,Kunst,https://marketplace.apps-pilot.nl/l/antiek-en-kunst/kunst-etsen-en-gravures/,15218,0,0,Kunst,Etsen en Gravures,
2,27,,1,antiek-en-kunst,Antiek en Kunst,kunst-litho-s-en-zeefdrukken,Kunst | Litho's en Zeefdrukken,Litho's en Zeefdrukken,Kunst,https://marketplace.apps-pilot.nl/l/antiek-en-kunst/kunst-litho-s-en-zeefdrukken/,9232,28,28,Kunst,Litho's en Zeefdrukken,
2,1844,,1,antiek-en-kunst,Antiek en Kunst,kunst-niet-westerse-kunst,Kunst | Niet-Westerse kunst,Niet-Westerse kunst,Kunst,https://marketplace.apps-pilot.nl/l/antiek-en-kunst/kunst-niet-westerse-kunst/,12437,56,56,Kunst,Niet-Westerse kunst,
2,24,,1,antiek-en-kunst,Antiek en Kunst,kunst-overige-kunst,Kunst | Overige Kunst,Overige Kunst,Kunst,https://marketplace.apps-pilot.nl/l/antiek-en-kunst/kunst-overige-kunst/,3811,0,0,Kunst,Overige Kunst,
2,1846,,1,antiek-en-kunst,Antiek en Kunst,kunst-schilderijen-abstract,Kunst | Schilderijen | Abstract,Abstract,Kunst | Schilderijen,https://marketplace.apps-pilot.nl/l/antiek-en-kunst/kunst-schilderijen-abstract/,9815,0,0,Kunst,Schilderijen,Abstract
2,25,,1,antiek-en-kunst,Antiek en Kunst,kunst-schilderijen-klassiek,Kunst | Schilderijen | Klassiek,Klassiek,Kunst | Schilderijen,https://marketplace.apps-pilot.nl/l/antiek-en-kunst/kunst-schilderijen-klassiek/,29097,40,40,Kunst,Schilderijen,Klassiek
2,1845,,1,antiek-en-kunst,Antiek en Kunst,kunst-schilderijen-modern,Kunst | Schilderijen | Modern,Modern,Kunst | Schilderijen,https://marketplace.apps-pilot.nl/l/antiek-en-kunst/kunst-schilderijen-modern/,17003,45,45,Kunst,Schilderijen,Modern
2,26,,1,antiek-en-kunst,Antiek en Kunst,kunst-tekeningen-en-foto-s,Kunst | Tekeningen en Foto's,Tekeningen en Foto's,Kunst,https://marketplace.apps-pilot.nl/l/antiek-en-kunst/kunst-tekeningen-en-foto-s/,9417,33,33,Kunst,Tekeningen en Foto's,
1,31,,31,audio-tv-en-foto,"Audio, Tv en Foto",audio-tv-en-foto,"Audio, Tv en Foto",,,https://marketplace.apps-pilot.nl/l/audio-tv-en-foto/,,0,0,"Audio, Tv en Foto",,
2,2035,,31,audio-tv-en-foto,"Audio, Tv en Foto",accu-s-en-batterijen,Accu's en Batterijen,,Accessoires,https://marketplace.apps-pilot.nl/l/audio-tv-en-foto/accu-s-en-batterijen/,2529,0,0,Accu's en Batterijen,,
2,2834,,31,audio-tv-en-foto,"Audio, Tv en Foto",actiecamera-s,Actiecamera's,,Foto en Video,https://marketplace.apps-pilot.nl/l/audio-tv-en-foto/actiecamera-s/,2871,4,4,Actiecamera's,,
2,2617,,31,audio-tv-en-foto,"Audio, Tv en Foto",afstandsbedieningen,Afstandsbedieningen,,Accessoires,https://marketplace.apps-pilot.nl/l/audio-tv-en-foto/afstandsbedieningen/,14277,2,2,Afstandsbedieningen,,
2,1106,,31,audio-tv-en-foto,"Audio, Tv en Foto",audiokabels-en-televisiekabels,Audiokabels en Televisiekabels,,Accessoires,https://marketplace.apps-pilot.nl/l/audio-tv-en-foto/audiokabels-en-televisiekabels/,9606,9,9,Audiokabels en Televisiekabels,,
2,32,,31,audio-tv-en-foto,"Audio, Tv en Foto",bandrecorders,Bandrecorders,,Audio,https://marketplace.apps-pilot.nl/l/audio-tv-en-foto/bandrecorders/,1505,0,0,Bandrecorders,,
2,3056,,31,audio-tv-en-foto,"Audio, Tv en Foto",beamer-accessoires,Beamer-accessoires,,Film en Televisie,https://marketplace.apps-pilot.nl/l/audio-tv-en-foto/beamer-accessoires/,282,3,3,Beamer-accessoires,,
2,1132,,31,audio-tv-en-foto,"Audio, Tv en Foto",beamers,Beamers,Beamers en Projectie-apparatuur,Film en Televisie,https://marketplace.apps-pilot.nl/l/audio-tv-en-foto/beamers/,2454,0,0,Beamers,,
2,2665,,31,audio-tv-en-foto,"Audio, Tv en Foto",blu-ray-spelers,Blu-ray-spelers,,Film en Televisie,https://marketplace.apps-pilot.nl/l/audio-tv-en-foto/blu-ray-spelers/,277,6,6,Blu-ray-spelers,,
2,33,,31,audio-tv-en-foto,"Audio, Tv en Foto",buizenversterkers,Buizenversterkers,,Audio,https://marketplace.apps-pilot.nl/l/audio-tv-en-foto/buizenversterkers/,717,0,0,Buizenversterkers,,
2,2036,,31,audio-tv-en-foto,"Audio, Tv en Foto",cassettedecks,Cassettedecks,,Audio,https://marketplace.apps-pilot.nl/l/audio-tv-en-foto/cassettedecks/,1251,8,8,Cassettedecks,,
2,35,,31,audio-tv-en-foto,"Audio, Tv en Foto",cd-spelers,Cd-spelers,,Audio,https://marketplace.apps-pilot.nl/l/audio-tv-en-foto/cd-spelers/,1892,7,7,Cd-spelers,,
2,3052,,31,audio-tv-en-foto,"Audio, Tv en Foto",converters,Converters,,Audio,https://marketplace.apps-pilot.nl/l/audio-tv-en-foto/converters/,1372,0,0,Converters,,
2,1722,,31,audio-tv-en-foto,"Audio, Tv en Foto",decoders-en-harddiskrecorders,Decoders en Harddiskrecorders,,Film en Televisie,https://marketplace.apps-pilot.nl/l/audio-tv-en-foto/decoders-en-harddiskrecorders/,1448,2,2,Decoders en Harddiskrecorders,,
2,2666,,31,audio-tv-en-foto,"Audio, Tv en Foto",diaprojectors,Diaprojectors,,Foto en Video,https://marketplace.apps-pilot.nl/l/audio-tv-en-foto/diaprojectors/,1419,0,0,Diaprojectors,,
2,3057,,31,audio-tv-en-foto,"Audio, Tv en Foto",drones,Drones,,Foto en Video,https://marketplace.apps-pilot.nl/l/audio-tv-en-foto/drones/,3261,23,23,Drones,,
2,1114,,31,audio-tv-en-foto,"Audio, Tv en Foto",dvd-spelers,Dvd-spelers,,Film en Televisie,https://marketplace.apps-pilot.nl/l/audio-tv-en-foto/dvd-spelers/,2144,10,10,Dvd-spelers,,
2,1115,,31,audio-tv-en-foto,"Audio, Tv en Foto",filmrollen,Filmrollen,,Film en Televisie,https://marketplace.apps-pilot.nl/l/audio-tv-en-foto/filmrollen/,2345,0,0,Filmrollen,,
2,3059,,31,audio-tv-en-foto,"Audio, Tv en Foto",fotoalbums-en-accessoires,Fotoalbums en Accessoires,,Foto en Video,https://marketplace.apps-pilot.nl/l/audio-tv-en-foto/fotoalbums-en-accessoires/,1347,32,32,Fotoalbums en Accessoires,,
2,480,,31,audio-tv-en-foto,"Audio, Tv en Foto",fotocamera-s-analoog,Fotocamera's Analoog,,Foto en Video,https://marketplace.apps-pilot.nl/l/audio-tv-en-foto/fotocamera-s-analoog/,10996,15,15,Fotocamera's Analoog,,
2,487,,31,audio-tv-en-foto,"Audio, Tv en Foto",fotocamera-s-digitaal,Fotocamera's Digitaal,,Foto en Video,https://marketplace.apps-pilot.nl/l/audio-tv-en-foto/fotocamera-s-digitaal/,15421,47,47,Fotocamera's Digitaal,,
2,1360,,31,audio-tv-en-foto,"Audio, Tv en Foto",fotografie-accu-s-en-batterijen,Fotografie | Accu's en Batterijen,Accu's en Batterijen,Foto en Video,https://marketplace.apps-pilot.nl/l/audio-tv-en-foto/fotografie-accu-s-en-batterijen/,2591,23,23,Fotografie,Accu's en Batterijen,
2,2667,,31,audio-tv-en-foto,"Audio, Tv en Foto",fotografie-digitale-fotolijsten,Fotografie | Digitale fotolijsten,Digitale fotolijsten,Foto en Video,https://marketplace.apps-pilot.nl/l/audio-tv-en-foto/fotografie-digitale-fotolijsten/,425,3,3,Fotografie,Digitale fotolijsten,
2,488,,31,audio-tv-en-foto,"Audio, Tv en Foto",fotografie-doka-toebehoren,Fotografie | Doka Toebehoren,Doka Toebehoren,Foto en Video,https://marketplace.apps-pilot.nl/l/audio-tv-en-foto/fotografie-doka-toebehoren/,854,5,5,Fotografie,Doka Toebehoren,
2,1720,,31,audio-tv-en-foto,"Audio, Tv en Foto",fotografie-filters,Fotografie | Filters,Filters,Foto en Video,https://marketplace.apps-pilot.nl/l/audio-tv-en-foto/fotografie-filters/,3846,35,35,Fotografie,Filters,
2,489,,31,audio-tv-en-foto,"Audio, Tv en Foto",fotografie-flitsers,Fotografie | Flitsers,Flitsers,Foto en Video,https://marketplace.apps-pilot.nl/l/audio-tv-en-foto/fotografie-flitsers/,2970,35,35,Fotografie,Flitsers,
2,1483,,31,audio-tv-en-foto,"Audio, Tv en Foto",fotografie-fotolijsten,Fotografie | Fotolijsten,Fotolijsten,Foto en Video,https://marketplace.apps-pilot.nl/l/audio-tv-en-foto/fotografie-fotolijsten/,4096,31,31,Fotografie,Fotolijsten,
2,1721,,31,audio-tv-en-foto,"Audio, Tv en Foto",fotografie-fotopapier,Fotografie | Fotopapier,Fotopapier,Foto en Video,https://marketplace.apps-pilot.nl/l/audio-tv-en-foto/fotografie-fotopapier/,442,0,0,Fotografie,Fotopapier,
2,1400,,31,audio-tv-en-foto,"Audio, Tv en Foto",fotografie-fotostudio-en-toebehoren,Fotografie | Fotostudio en Toebehoren,Fotostudio en Toebehoren,Foto en Video,https://marketplace.apps-pilot.nl/l/audio-tv-en-foto/fotografie-fotostudio-en-toebehoren/,7247,26,26,Fotografie,Fotostudio en Toebehoren,
2,1484,,31,audio-tv-en-foto,"Audio, Tv en Foto",fotografie-fototassen,Fotografie | Fototassen,Fototassen,Foto en Video,https://marketplace.apps-pilot.nl/l/audio-tv-en-foto/fotografie-fototassen/,3862,36,36,Fotografie,Fototassen,
2,493,,31,audio-tv-en-foto,"Audio, Tv en Foto",fotografie-geheugenkaarten,Fotografie | Geheugenkaarten,Geheugenkaarten,Foto en Video,https://marketplace.apps-pilot.nl/l/audio-tv-en-foto/fotografie-geheugenkaarten/,1273,22,22,Fotografie,Geheugenkaarten,
2,495,,31,audio-tv-en-foto,"Audio, Tv en Foto",fotografie-lenzen-en-objectieven,Fotografie | Lenzen en Objectieven,Lenzen en Objectieven,Foto en Video,https://marketplace.apps-pilot.nl/l/audio-tv-en-foto/fotografie-lenzen-en-objectieven/,14377,34,34,Fotografie,Lenzen en Objectieven,
2,497,,31,audio-tv-en-foto,"Audio, Tv en Foto",fotografie-onderwatercamera-s,Fotografie | Onderwatercamera's,Onderwatercamera's,Foto en Video,https://marketplace.apps-pilot.nl/l/audio-tv-en-foto/fotografie-onderwatercamera-s/,275,16,16,Fotografie,Onderwatercamera's,
2,501,,31,audio-tv-en-foto,"Audio, Tv en Foto",fotografie-professionele-apparatuur,Fotografie | Professionele apparatuur,Professionele apparatuur,Foto en Video,https://marketplace.apps-pilot.nl/l/audio-tv-en-foto/fotografie-professionele-apparatuur/,2408,26,26,Fotografie,Professionele apparatuur,
2,500,,31,audio-tv-en-foto,"Audio, Tv en Foto",fotografie-statieven-en-balhoofden,Fotografie | Statieven en Balhoofden,Statieven en Balhoofden,Foto en Video,https://marketplace.apps-pilot.nl/l/audio-tv-en-foto/fotografie-statieven-en-balhoofden/,4609,17,17,Fotografie,Statieven en Balhoofden,
2,1116,,31,audio-tv-en-foto,"Audio, Tv en Foto",home-cinema-sets,Home Cinema-sets,,Audio,https://marketplace.apps-pilot.nl/l/audio-tv-en-foto/home-cinema-sets/,3007,12,12,Home Cinema-sets,,
2,2833,,31,audio-tv-en-foto,"Audio, Tv en Foto",karaoke-apparatuur,Karaoke-apparatuur,,Overige,https://marketplace.apps-pilot.nl/l/audio-tv-en-foto/karaoke-apparatuur/,1242,0,0,Karaoke-apparatuur,,
2,37,,31,audio-tv-en-foto,"Audio, Tv en Foto",koptelefoons,Koptelefoons,,Portable Audio,https://marketplace.apps-pilot.nl/l/audio-tv-en-foto/koptelefoons/,12735,63,63,Koptelefoons,,
2,38,767,31,audio-tv-en-foto,"Audio, Tv en Foto",luidsprekers,Luidsprekers,,Audio,https://marketplace.apps-pilot.nl/l/audio-tv-en-foto/luidsprekers/,25633,40,40,Luidsprekers,,
2,2668,,31,audio-tv-en-foto,"Audio, Tv en Foto",mediaspelers,Mediaspelers,,Film en Televisie,https://marketplace.apps-pilot.nl/l/audio-tv-en-foto/mediaspelers/,2571,0,0,Mediaspelers,,
2,1723,,31,audio-tv-en-foto,"Audio, Tv en Foto",mp3-spelers-accessoires-apple-ipod,Mp3-spelers | Accessoires | Apple iPod,Mp3-accessoires | iPod,Portable Audio,https://marketplace.apps-pilot.nl/l/audio-tv-en-foto/mp3-spelers-accessoires-apple-ipod/,149,0,0,Mp3-spelers,Accessoires,Apple iPod
2,1452,,31,audio-tv-en-foto,"Audio, Tv en Foto",mp3-spelers-accessoires-overige-merken,Mp3-spelers | Accessoires | Overige merken,Mp3-accessoires | Overige,Portable Audio,https://marketplace.apps-pilot.nl/l/audio-tv-en-foto/mp3-spelers-accessoires-overige-merken/,25,0,0,Mp3-spelers,Accessoires,Overige merken
2,40,,31,audio-tv-en-foto,"Audio, Tv en Foto",mp3-spelers-apple-ipod,Mp3-spelers | Apple iPod,Mp3-spelers | iPod,Portable Audio,https://marketplace.apps-pilot.nl/l/audio-tv-en-foto/mp3-spelers-apple-ipod/,531,6,6,Mp3-spelers,Apple iPod,
2,1649,,31,audio-tv-en-foto,"Audio, Tv en Foto",mp3-spelers-overige-merken,Mp3-spelers | Overige merken,Mp3-spelers | Overige,Portable Audio,https://marketplace.apps-pilot.nl/l/audio-tv-en-foto/mp3-spelers-overige-merken/,255,3,3,Mp3-spelers,Overige merken,
2,2615,,31,audio-tv-en-foto,"Audio, Tv en Foto",mp4-spelers,Mp4-spelers,,Portable Audio,https://marketplace.apps-pilot.nl/l/audio-tv-en-foto/mp4-spelers/,50,1,1,Mp4-spelers,,
2,1724,,31,audio-tv-en-foto,"Audio, Tv en Foto",opladers,Opladers,,Accessoires,https://marketplace.apps-pilot.nl/l/audio-tv-en-foto/opladers/,1731,0,0,Opladers,,
2,496,,31,audio-tv-en-foto,"Audio, Tv en Foto",optische-apparatuur-microscopen,Optische apparatuur | Microscopen,Microscopen,Optische apparatuur,https://marketplace.apps-pilot.nl/l/audio-tv-en-foto/optische-apparatuur-microscopen/,797,3,3,Optische apparatuur,Microscopen,
2,502,,31,audio-tv-en-foto,"Audio, Tv en Foto",optische-apparatuur-telescopen,Optische apparatuur | Telescopen,Telescopen,Optische apparatuur,https://marketplace.apps-pilot.nl/l/audio-tv-en-foto/optische-apparatuur-telescopen/,777,3,3,Optische apparatuur,Telescopen,
2,503,,31,audio-tv-en-foto,"Audio, Tv en Foto",optische-apparatuur-verrekijkers,Optische apparatuur | Verrekijkers,Verrekijkers,Optische apparatuur,https://marketplace.apps-pilot.nl/l/audio-tv-en-foto/optische-apparatuur-verrekijkers/,2539,0,0,Optische apparatuur,Verrekijkers,
2,41,,31,audio-tv-en-foto,"Audio, Tv en Foto",overige-audio-tv-en-foto,"Overige Audio, Tv en Foto",,Overige,https://marketplace.apps-pilot.nl/l/audio-tv-en-foto/overige-audio-tv-en-foto/,4579,0,0,"Overige Audio, Tv en Foto",,
2,42,,31,audio-tv-en-foto,"Audio, Tv en Foto",platenspelers,Platenspelers,,Audio,https://marketplace.apps-pilot.nl/l/audio-tv-en-foto/platenspelers/,6488,8,8,Platenspelers,,
2,1117,,31,audio-tv-en-foto,"Audio, Tv en Foto",professionele-audio-tv-en-video-apparatuur,"Professionele Audio-, Tv- en Video-apparatuur",,Overige,https://marketplace.apps-pilot.nl/l/audio-tv-en-foto/professionele-audio-tv-en-video-apparatuur/,3411,0,0,"Professionele Audio-, Tv- en Video-apparatuur",,
2,3055,,31,audio-tv-en-foto,"Audio, Tv en Foto",projectieschermen,Projectieschermen,,Film en Televisie,https://marketplace.apps-pilot.nl/l/audio-tv-en-foto/projectieschermen/,404,2,2,Projectieschermen,,
2,43,,31,audio-tv-en-foto,"Audio, Tv en Foto",radio-s,Radio's,,Audio,https://marketplace.apps-pilot.nl/l/audio-tv-en-foto/radio-s/,5845,0,0,Radio's,,
2,1118,,31,audio-tv-en-foto,"Audio, Tv en Foto",schotelantennes,Schotelantennes,,Film en Televisie,https://marketplace.apps-pilot.nl/l/audio-tv-en-foto/schotelantennes/,1704,6,6,Schotelantennes,,
2,3053,,31,audio-tv-en-foto,"Audio, Tv en Foto",soundbars,Soundbars,,Audio,https://marketplace.apps-pilot.nl/l/audio-tv-en-foto/soundbars/,3101,0,0,Soundbars,,
2,36,,31,audio-tv-en-foto,"Audio, Tv en Foto",stereo-sets,Stereo-sets,,Audio,https://marketplace.apps-pilot.nl/l/audio-tv-en-foto/stereo-sets/,4450,9,9,Stereo-sets,,
2,3058,,31,audio-tv-en-foto,"Audio, Tv en Foto",televisie-accessoires,Televisie-accessoires,,Film en Televisie,https://marketplace.apps-pilot.nl/l/audio-tv-en-foto/televisie-accessoires/,2695,0,0,Televisie-accessoires,,
2,1453,,31,audio-tv-en-foto,"Audio, Tv en Foto",televisiebeugels,Televisiebeugels,,Film en Televisie,https://marketplace.apps-pilot.nl/l/audio-tv-en-foto/televisiebeugels/,3154,0,0,Televisiebeugels,,
2,1120,,31,audio-tv-en-foto,"Audio, Tv en Foto",televisies,Televisies,,Film en Televisie,https://marketplace.apps-pilot.nl/l/audio-tv-en-foto/televisies/,18133,18,18,Televisies,,
2,45,,31,audio-tv-en-foto,"Audio, Tv en Foto",tuners,Tuners,,Audio,https://marketplace.apps-pilot.nl/l/audio-tv-en-foto/tuners/,1181,0,0,Tuners,,
2,46,,31,audio-tv-en-foto,"Audio, Tv en Foto",versterkers-en-receivers,Versterkers en Receivers,,Audio,https://marketplace.apps-pilot.nl/l/audio-tv-en-foto/versterkers-en-receivers/,7989,8,8,Versterkers en Receivers,,
2,1129,,31,audio-tv-en-foto,"Audio, Tv en Foto",videobewaking,Videobewaking,,Foto en Video,https://marketplace.apps-pilot.nl/l/audio-tv-en-foto/videobewaking/,5459,2,2,Videobewaking,,
2,1130,,31,audio-tv-en-foto,"Audio, Tv en Foto",videocamera-s-analoog,Videocamera's Analoog,,Foto en Video,https://marketplace.apps-pilot.nl/l/audio-tv-en-foto/videocamera-s-analoog/,1078,0,0,Videocamera's Analoog,,
2,1131,,31,audio-tv-en-foto,"Audio, Tv en Foto",videocamera-s-digitaal,Videocamera's Digitaal,,Foto en Video,https://marketplace.apps-pilot.nl/l/audio-tv-en-foto/videocamera-s-digitaal/,2883,7,7,Videocamera's Digitaal,,
2,1133,,31,audio-tv-en-foto,"Audio, Tv en Foto",videospelers,Videospelers,,Film en Televisie,https://marketplace.apps-pilot.nl/l/audio-tv-en-foto/videospelers/,977,0,0,Videospelers,,
2,1121,,31,audio-tv-en-foto,"Audio, Tv en Foto",vintage-televisies,Vintage Televisies,,Film en Televisie,https://marketplace.apps-pilot.nl/l/audio-tv-en-foto/vintage-televisies/,365,4,4,Vintage Televisies,,
2,47,,31,audio-tv-en-foto,"Audio, Tv en Foto",walkmans-discmans-en-minidiscspelers,"Walkmans, Discmans en Minidiscspelers",Walkmans en Discmans,Portable Audio,https://marketplace.apps-pilot.nl/l/audio-tv-en-foto/walkmans-discmans-en-minidiscspelers/,1160,5,5,"Walkmans, Discmans en Minidiscspelers",,
2,1725,,31,audio-tv-en-foto,"Audio, Tv en Foto",weerstations-en-barometers,Weerstations en Barometers,,Overige,https://marketplace.apps-pilot.nl/l/audio-tv-en-foto/weerstations-en-barometers/,1342,2,2,Weerstations en Barometers,,
1,48,,48,auto-diversen,Auto diversen,auto-diversen,Auto diversen,,,https://marketplace.apps-pilot.nl/l/auto-diversen/,,0,0,Auto diversen,,
2,49,,48,auto-diversen,Auto diversen,aanhangers-en-bagagewagens,Aanhangers en Bagagewagens,,Aanhangers,https://marketplace.apps-pilot.nl/l/auto-diversen/aanhangers-en-bagagewagens/,7786,0,0,Aanhangers en Bagagewagens,,
2,1134,,48,auto-diversen,Auto diversen,aanhangwagen-onderdelen,Aanhangwagen-onderdelen,,Aanhangers,https://marketplace.apps-pilot.nl/l/auto-diversen/aanhangwagen-onderdelen/,10295,0,0,Aanhangwagen-onderdelen,,
2,3063,,48,auto-diversen,Auto diversen,achteruitrijcamera-s,Achteruitrijcamera's,,Auto-elektronica,https://marketplace.apps-pilot.nl/l/auto-diversen/achteruitrijcamera-s/,897,0,0,Achteruitrijcamera's,,
2,50,,48,auto-diversen,Auto diversen,anti-diefstal,Anti-diefstal,,Auto interieur-accessoires,https://marketplace.apps-pilot.nl/l/auto-diversen/anti-diefstal/,4965,0,0,Anti-diefstal,,
2,1641,,48,auto-diversen,Auto diversen,auto-inkoop,Auto Inkoop,,Inkoop,https://marketplace.apps-pilot.nl/l/auto-diversen/auto-inkoop/,4045,0,0,Auto Inkoop,,
2,54,,48,auto-diversen,Auto diversen,auto-accessoires,Auto-accessoires,,Auto exterieur-accessoires,https://marketplace.apps-pilot.nl/l/auto-diversen/auto-accessoires/,24796,0,0,Auto-accessoires,,
2,60,,48,auto-diversen,Auto diversen,autogereedschap,Autogereedschap,,Auto-onderhoud,https://marketplace.apps-pilot.nl/l/auto-diversen/autogereedschap/,30676,0,0,Autogereedschap,,
2,3067,,48,auto-diversen,Auto diversen,autohoezen,Autohoezen,,Auto exterieur-accessoires,https://marketplace.apps-pilot.nl/l/auto-diversen/autohoezen/,7335,0,0,Autohoezen,,
2,3070,,48,auto-diversen,Auto diversen,automatten,Automatten,,Auto interieur-accessoires,https://marketplace.apps-pilot.nl/l/auto-diversen/automatten/,7336,0,0,Automatten,,
2,53,,48,auto-diversen,Auto diversen,autonavigatie,Autonavigatie,,Auto-elektronica,https://marketplace.apps-pilot.nl/l/auto-diversen/autonavigatie/,4624,0,0,Autonavigatie,,
2,55,,48,auto-diversen,Auto diversen,autoradio-s,Autoradio's,,Auto-elektronica,https://marketplace.apps-pilot.nl/l/auto-diversen/autoradio-s/,18319,0,0,Autoradio's,,
2,56,,48,auto-diversen,Auto diversen,autospeakers,Autospeakers,,Auto-elektronica,https://marketplace.apps-pilot.nl/l/auto-diversen/autospeakers/,6306,0,0,Autospeakers,,
2,1651,,48,auto-diversen,Auto diversen,autosport-onderdelen,Autosport-onderdelen,,Auto-onderdelen,https://marketplace.apps-pilot.nl/l/auto-diversen/autosport-onderdelen/,3063,0,0,Autosport-onderdelen,,
2,58,,48,auto-diversen,Auto diversen,autostallingen-en-garages,Autostallingen en Garages,,Diensten en Vakmensen,https://marketplace.apps-pilot.nl/l/auto-diversen/autostallingen-en-garages/,703,0,0,Autostallingen en Garages,,
2,2646,,48,auto-diversen,Auto diversen,autostickers,Autostickers,,Auto interieur-accessoires,https://marketplace.apps-pilot.nl/l/auto-diversen/autostickers/,1288,0,0,Autostickers,,
2,3066,,48,auto-diversen,Auto diversen,bagagerekken,Bagagerekken,,Auto exterieur-accessoires,https://marketplace.apps-pilot.nl/l/auto-diversen/bagagerekken/,491,0,0,Bagagerekken,,
2,51,,48,auto-diversen,Auto diversen,carkits,Carkits,,Auto-elektronica,https://marketplace.apps-pilot.nl/l/auto-diversen/carkits/,662,0,0,Carkits,,
2,452,,48,auto-diversen,Auto diversen,dakdragers,Dakdragers,,Auto exterieur-accessoires,https://marketplace.apps-pilot.nl/l/auto-diversen/dakdragers/,16283,0,0,Dakdragers,,
2,52,,48,auto-diversen,Auto diversen,dakkoffers,Dakkoffers,,Auto exterieur-accessoires,https://marketplace.apps-pilot.nl/l/auto-diversen/dakkoffers/,3905,0,0,Dakkoffers,,
2,3068,,48,auto-diversen,Auto diversen,dashcams,Dashcams,,Foto en Video,https://marketplace.apps-pilot.nl/l/auto-diversen/dashcams/,579,0,0,Dashcams,,
2,3065,,48,auto-diversen,Auto diversen,fietsendragers,Fietsendragers,,Auto exterieur-accessoires,https://marketplace.apps-pilot.nl/l/auto-diversen/fietsendragers/,6658,4,4,Fietsendragers,,
2,61,,48,auto-diversen,Auto diversen,handleidingen-en-instructieboekjes,Handleidingen en Instructieboekjes,,Boeken en Handleidingen,https://marketplace.apps-pilot.nl/l/auto-diversen/handleidingen-en-instructieboekjes/,18059,0,0,Handleidingen en Instructieboekjes,,
2,3048,,48,auto-diversen,Auto diversen,hondenrekken,Hondenrekken,,Auto interieur-accessoires,https://marketplace.apps-pilot.nl/l/auto-diversen/hondenrekken/,2380,0,0,Hondenrekken,,
2,3075,,48,auto-diversen,Auto diversen,jumpstarters,Jumpstarters,,Auto-onderhoud,https://marketplace.apps-pilot.nl/l/auto-diversen/jumpstarters/,340,0,0,Jumpstarters,,
2,3064,,48,auto-diversen,Auto diversen,kentekenplaathouders,Kentekenplaathouders,,Auto exterieur-accessoires,https://marketplace.apps-pilot.nl/l/auto-diversen/kentekenplaathouders/,206,0,0,Kentekenplaathouders,,
2,120,,48,auto-diversen,Auto diversen,kitcars,Kitcars,,Hobbyauto's,https://marketplace.apps-pilot.nl/l/auto-diversen/kitcars/,15,0,0,Kitcars,,
2,3069,,48,auto-diversen,Auto diversen,kofferbakmatten,Kofferbakmatten,,Auto interieur-accessoires,https://marketplace.apps-pilot.nl/l/auto-diversen/kofferbakmatten/,835,0,0,Kofferbakmatten,,
2,3074,,48,auto-diversen,Auto diversen,krikken,Krikken,,Auto-onderhoud,https://marketplace.apps-pilot.nl/l/auto-diversen/krikken/,1268,4,4,Krikken,,
2,3071,,48,auto-diversen,Auto diversen,laadpalen,Laadpalen,,Auto-elektronica,https://marketplace.apps-pilot.nl/l/auto-diversen/laadpalen/,2416,3,3,Laadpalen,,
2,2644,,48,auto-diversen,Auto diversen,onderhoudsmiddelen,Onderhoudsmiddelen,,Auto-onderhoud,https://marketplace.apps-pilot.nl/l/auto-diversen/onderhoudsmiddelen/,8023,0,0,Onderhoudsmiddelen,,
2,89,,48,auto-diversen,Auto diversen,overige-auto-diversen,Overige Auto diversen,,Overige,https://marketplace.apps-pilot.nl/l/auto-diversen/overige-auto-diversen/,41659,0,0,Overige Auto diversen,,
2,102,,48,auto-diversen,Auto diversen,raceauto-s,Raceauto's,,Hobbyauto's,https://marketplace.apps-pilot.nl/l/auto-diversen/raceauto-s/,40,0,0,Raceauto's,,
2,149,,48,auto-diversen,Auto diversen,schadeauto-s,Schadeauto's,,Auto-onderdelen,https://marketplace.apps-pilot.nl/l/auto-diversen/schadeauto-s/,933,27,27,Schadeauto's,,
2,1619,,48,auto-diversen,Auto diversen,sneeuwkettingen,Sneeuwkettingen,,Auto exterieur-accessoires,https://marketplace.apps-pilot.nl/l/auto-diversen/sneeuwkettingen/,4060,0,0,Sneeuwkettingen,,
2,90,,48,auto-diversen,Auto diversen,tuning-en-styling,Tuning en Styling,,Auto exterieur-accessoires,https://marketplace.apps-pilot.nl/l/auto-diversen/tuning-en-styling/,38313,0,0,Tuning en Styling,,
2,3073,,48,auto-diversen,Auto diversen,velgenbomen,Velgenbomen,,Auto-onderhoud,https://marketplace.apps-pilot.nl/l/auto-diversen/velgenbomen/,323,0,0,Velgenbomen,,
2,2645,,48,auto-diversen,Auto diversen,wieldoppen,Wieldoppen,,Auto exterieur-accessoires,https://marketplace.apps-pilot.nl/l/auto-diversen/wieldoppen/,5944,0,0,Wieldoppen,,
1,91,,91,auto-s,Auto's,auto-s,Auto's,,,https://marketplace.apps-pilot.nl/l/auto-s/,,0,0,Auto's,,
2,2932,,91,auto-s,Auto's,abarth,Abarth,,,https://marketplace.apps-pilot.nl/l/auto-s/abarth/,113,12,12,Abarth,,
2,3217,,91,auto-s,Auto's,aiways,Aiways,,,https://marketplace.apps-pilot.nl/l/auto-s/aiways/,24,8,8,Aiways,,
2,2152,,91,auto-s,Auto's,aixam,Aixam,,,https://marketplace.apps-pilot.nl/l/auto-s/aixam/,23,3,3,Aixam,,
2,92,,91,auto-s,Auto's,alfa-romeo,Alfa Romeo,,,https://marketplace.apps-pilot.nl/l/auto-s/alfa-romeo/,1283,40,40,Alfa Romeo,,
2,2937,,91,auto-s,Auto's,alpina,Alpina,,,https://marketplace.apps-pilot.nl/l/auto-s/alpina/,53,8,8,Alpina,,
2,2936,,91,auto-s,Auto's,alpine,Alpine,,,https://marketplace.apps-pilot.nl/l/auto-s/alpine/,62,11,11,Alpine,,
2,2153,,91,auto-s,Auto's,aston-martin,Aston Martin,,,https://marketplace.apps-pilot.nl/l/auto-s/aston-martin/,70,8,8,Aston Martin,,
2,93,,91,auto-s,Auto's,audi,Audi,,,https://marketplace.apps-pilot.nl/l/auto-s/audi/,13997,222,222,Audi,,
2,2154,,91,auto-s,Auto's,austin,Austin,,,https://marketplace.apps-pilot.nl/l/auto-s/austin/,29,3,3,Austin,,
2,96,,91,auto-s,Auto's,bmw,BMW,,,https://marketplace.apps-pilot.nl/l/auto-s/bmw/,18407,65,65,BMW,,
2,3213,,91,auto-s,Auto's,byd,BYD,,,https://marketplace.apps-pilot.nl/l/auto-s/byd/,616,21,21,BYD,,
2,2148,,91,auto-s,Auto's,bentley,Bentley,,,https://marketplace.apps-pilot.nl/l/auto-s/bentley/,162,12,12,Bentley,,
2,95,,91,auto-s,Auto's,bestelauto-s,Bestelauto's,,,https://marketplace.apps-pilot.nl/l/auto-s/bestelauto-s/,24017,61,61,Bestelauto's,,
2,2938,,91,auto-s,Auto's,bugatti,Bugatti,,,https://marketplace.apps-pilot.nl/l/auto-s/bugatti/,2,0,0,Bugatti,,
2,97,,91,auto-s,Auto's,buick,Buick,,,https://marketplace.apps-pilot.nl/l/auto-s/buick/,31,4,4,Buick,,
2,98,,91,auto-s,Auto's,cadillac,Cadillac,,,https://marketplace.apps-pilot.nl/l/auto-s/cadillac/,120,15,15,Cadillac,,
2,99,,91,auto-s,Auto's,chevrolet,Chevrolet,,,https://marketplace.apps-pilot.nl/l/auto-s/chevrolet/,1126,36,36,Chevrolet,,
2,100,,91,auto-s,Auto's,chrysler,Chrysler,,,https://marketplace.apps-pilot.nl/l/auto-s/chrysler/,234,26,26,Chrysler,,
2,101,,91,auto-s,Auto's,citroen,Citroën,,,https://marketplace.apps-pilot.nl/l/auto-s/citroen/,7694,60,60,Citroën,,
2,3051,,91,auto-s,Auto's,cupra,Cupra,,,https://marketplace.apps-pilot.nl/l/auto-s/cupra/,1226,26,26,Cupra,,
2,2933,,91,auto-s,Auto's,ds,DS,,,https://marketplace.apps-pilot.nl/l/auto-s/ds/,527,26,26,DS,,
2,2660,,91,auto-s,Auto's,dacia,Dacia,,,https://marketplace.apps-pilot.nl/l/auto-s/dacia/,1384,30,30,Dacia,,
2,103,,91,auto-s,Auto's,daewoo,Daewoo,,,https://marketplace.apps-pilot.nl/l/auto-s/daewoo/,47,10,10,Daewoo,,
2,105,,91,auto-s,Auto's,daihatsu,Daihatsu,,,https://marketplace.apps-pilot.nl/l/auto-s/daihatsu/,480,19,19,Daihatsu,,
2,108,3219,91,auto-s,Auto's,dodge,Dodge,,,https://marketplace.apps-pilot.nl/l/auto-s/dodge/,616,26,26,Dodge,,
2,3227,,91,auto-s,Auto's,dongfeng,Dongfeng,,,https://marketplace.apps-pilot.nl/l/auto-s/dongfeng/,29,7,7,Dongfeng,,
2,109,,91,auto-s,Auto's,donkervoort,Donkervoort,,,https://marketplace.apps-pilot.nl/l/auto-s/donkervoort/,7,0,0,Donkervoort,,
2,110,,91,auto-s,Auto's,ferrari,Ferrari,,,https://marketplace.apps-pilot.nl/l/auto-s/ferrari/,124,13,13,Ferrari,,
2,111,,91,auto-s,Auto's,fiat,Fiat,,,https://marketplace.apps-pilot.nl/l/auto-s/fiat/,6651,56,56,Fiat,,
2,2829,,91,auto-s,Auto's,fisker,Fisker,,,https://marketplace.apps-pilot.nl/l/auto-s/fisker/,13,3,3,Fisker,,
2,112,,91,auto-s,Auto's,ford,Ford,,,https://marketplace.apps-pilot.nl/l/auto-s/ford/,13926,53,53,Ford,,
2,113,,91,auto-s,Auto's,ford-usa,Ford Usa,,,https://marketplace.apps-pilot.nl/l/auto-s/ford-usa/,233,17,17,Ford Usa,,
2,2949,,91,auto-s,Auto's,gmc,GMC,,,https://marketplace.apps-pilot.nl/l/auto-s/gmc/,49,7,7,GMC,,
2,3223,,91,auto-s,Auto's,genesis,Genesis,,,https://marketplace.apps-pilot.nl/l/auto-s/genesis/,19,5,5,Genesis,,
2,114,,91,auto-s,Auto's,honda,Honda,,,https://marketplace.apps-pilot.nl/l/auto-s/honda/,962,37,37,Honda,,
2,3221,,91,auto-s,Auto's,hongqi,Hongqi,,,https://marketplace.apps-pilot.nl/l/auto-s/hongqi/,4,0,0,Hongqi,,
2,2149,,91,auto-s,Auto's,hummer,Hummer,,,https://marketplace.apps-pilot.nl/l/auto-s/hummer/,24,6,6,Hummer,,
2,115,,91,auto-s,Auto's,hyundai,Hyundai,,,https://marketplace.apps-pilot.nl/l/auto-s/hyundai/,4886,47,47,Hyundai,,
2,2659,,91,auto-s,Auto's,infiniti,Infiniti,,,https://marketplace.apps-pilot.nl/l/auto-s/infiniti/,40,7,7,Infiniti,,
2,3212,,91,auto-s,Auto's,isuzu,Isuzu,,,https://marketplace.apps-pilot.nl/l/auto-s/isuzu/,6,0,0,Isuzu,,
2,117,,91,auto-s,Auto's,jaguar,Jaguar,,,https://marketplace.apps-pilot.nl/l/auto-s/jaguar/,757,37,37,Jaguar,,
2,118,,91,auto-s,Auto's,jeep,Jeep,,,https://marketplace.apps-pilot.nl/l/auto-s/jeep/,1369,33,33,Jeep,,
2,119,,91,auto-s,Auto's,kia,Kia,,,https://marketplace.apps-pilot.nl/l/auto-s/kia/,9978,49,49,Kia,,
2,2155,,91,auto-s,Auto's,lada,Lada,,,https://marketplace.apps-pilot.nl/l/auto-s/lada/,16,2,2,Lada,,
2,122,,91,auto-s,Auto's,lamborghini,Lamborghini,,,https://marketplace.apps-pilot.nl/l/auto-s/lamborghini/,77,12,12,Lamborghini,,
2,123,,91,auto-s,Auto's,lancia,Lancia,,,https://marketplace.apps-pilot.nl/l/auto-s/lancia/,212,17,17,Lancia,,
2,124,,91,auto-s,Auto's,land-rover,Land Rover,,,https://marketplace.apps-pilot.nl/l/auto-s/land-rover/,2651,34,34,Land Rover,,
2,2831,,91,auto-s,Auto's,landwind,Landwind,,,https://marketplace.apps-pilot.nl/l/auto-s/landwind/,,0,0,Landwind,,
2,3226,,91,auto-s,Auto's,leapmotor,Leapmotor,,,https://marketplace.apps-pilot.nl/l/auto-s/leapmotor/,116,15,15,Leapmotor,,
2,125,,91,auto-s,Auto's,lexus,Lexus,,,https://marketplace.apps-pilot.nl/l/auto-s/lexus/,760,36,36,Lexus,,
2,2150,,91,auto-s,Auto's,lincoln,Lincoln,,,https://marketplace.apps-pilot.nl/l/auto-s/lincoln/,48,9,9,Lincoln,,
2,127,,91,auto-s,Auto's,lotus,Lotus,,,https://marketplace.apps-pilot.nl/l/auto-s/lotus/,22,5,5,Lotus,,
2,3218,,91,auto-s,Auto's,lucid,Lucid,,,https://marketplace.apps-pilot.nl/l/auto-s/lucid/,,0,0,Lucid,,
2,3211,,91,auto-s,Auto's,lynk-co,Lynk & Co,,,https://marketplace.apps-pilot.nl/l/auto-s/lynk-co/,1042,17,17,Lynk & Co,,
2,132,,91,auto-s,Auto's,mg,MG,,,https://marketplace.apps-pilot.nl/l/auto-s/mg/,959,32,32,MG,,
2,128,,91,auto-s,Auto's,maserati,Maserati,,,https://marketplace.apps-pilot.nl/l/auto-s/maserati/,190,19,19,Maserati,,
2,129,,91,auto-s,Auto's,mazda,Mazda,,,https://marketplace.apps-pilot.nl/l/auto-s/mazda/,3257,45,45,Mazda,,
2,2935,,91,auto-s,Auto's,mclaren,McLaren,,,https://marketplace.apps-pilot.nl/l/auto-s/mclaren/,28,8,8,McLaren,,
2,130,,91,auto-s,Auto's,mercedes-benz,Mercedes-Benz,,,https://marketplace.apps-pilot.nl/l/auto-s/mercedes-benz/,16858,74,74,Mercedes-Benz,,
2,131,,91,auto-s,Auto's,mercury,Mercury,,,https://marketplace.apps-pilot.nl/l/auto-s/mercury/,15,1,1,Mercury,,
2,133,,91,auto-s,Auto's,mini,Mini,,,https://marketplace.apps-pilot.nl/l/auto-s/mini/,5134,38,38,Mini,,
2,134,,91,auto-s,Auto's,mitsubishi,Mitsubishi,,,https://marketplace.apps-pilot.nl/l/auto-s/mitsubishi/,2087,36,36,Mitsubishi,,
2,3214,,91,auto-s,Auto's,nio,NIO,,,https://marketplace.apps-pilot.nl/l/auto-s/nio/,5,0,0,NIO,,
2,135,,91,auto-s,Auto's,nissan,Nissan,,,https://marketplace.apps-pilot.nl/l/auto-s/nissan/,4516,49,49,Nissan,,
2,136,,91,auto-s,Auto's,oldsmobile,Oldsmobile,,,https://marketplace.apps-pilot.nl/l/auto-s/oldsmobile/,5,0,0,Oldsmobile,,
2,137,,91,auto-s,Auto's,oldtimers,Oldtimers,,,https://marketplace.apps-pilot.nl/l/auto-s/oldtimers/,2259,52,52,Oldtimers,,
2,138,,91,auto-s,Auto's,opel,Opel,,,https://marketplace.apps-pilot.nl/l/auto-s/opel/,12455,59,59,Opel,,
2,139,,91,auto-s,Auto's,overige-auto-s,Overige Auto's,,,https://marketplace.apps-pilot.nl/l/auto-s/overige-auto-s/,834,20,20,Overige Auto's,,
2,140,,91,auto-s,Auto's,peugeot,Peugeot,,,https://marketplace.apps-pilot.nl/l/auto-s/peugeot/,14243,58,58,Peugeot,,
2,2934,,91,auto-s,Auto's,polestar,Polestar,,,https://marketplace.apps-pilot.nl/l/auto-s/polestar/,339,15,15,Polestar,,
2,143,,91,auto-s,Auto's,pontiac,Pontiac,,,https://marketplace.apps-pilot.nl/l/auto-s/pontiac/,27,4,4,Pontiac,,
2,144,,91,auto-s,Auto's,porsche,Porsche,,,https://marketplace.apps-pilot.nl/l/auto-s/porsche/,2071,37,37,Porsche,,
2,146,,91,auto-s,Auto's,renault,Renault,,,https://marketplace.apps-pilot.nl/l/auto-s/renault/,12447,58,58,Renault,,
2,2156,,91,auto-s,Auto's,rolls-royce,Rolls-Royce,,,https://marketplace.apps-pilot.nl/l/auto-s/rolls-royce/,32,6,6,Rolls-Royce,,
2,147,,91,auto-s,Auto's,rover,Rover,,,https://marketplace.apps-pilot.nl/l/auto-s/rover/,51,7,7,Rover,,
2,148,,91,auto-s,Auto's,saab,Saab,,,https://marketplace.apps-pilot.nl/l/auto-s/saab/,643,20,20,Saab,,
2,150,,91,auto-s,Auto's,seat,Seat,,,https://marketplace.apps-pilot.nl/l/auto-s/seat/,5612,41,41,Seat,,
2,3220,,91,auto-s,Auto's,seres,Seres,,,https://marketplace.apps-pilot.nl/l/auto-s/seres/,2,0,0,Seres,,
2,151,,91,auto-s,Auto's,skoda,Skoda,,,https://marketplace.apps-pilot.nl/l/auto-s/skoda/,5116,42,42,Skoda,,
2,152,,91,auto-s,Auto's,smart,Smart,,,https://marketplace.apps-pilot.nl/l/auto-s/smart/,510,24,24,Smart,,
2,2939,,91,auto-s,Auto's,spyker,Spyker,,,https://marketplace.apps-pilot.nl/l/auto-s/spyker/,,0,0,Spyker,,
2,2151,,91,auto-s,Auto's,ssangyong,SsangYong,,,https://marketplace.apps-pilot.nl/l/auto-s/ssangyong/,23,5,5,SsangYong,,
2,153,,91,auto-s,Auto's,subaru,Subaru,,,https://marketplace.apps-pilot.nl/l/auto-s/subaru/,427,26,26,Subaru,,
2,154,,91,auto-s,Auto's,suzuki,Suzuki,,,https://marketplace.apps-pilot.nl/l/auto-s/suzuki/,3794,41,41,Suzuki,,
2,2830,,91,auto-s,Auto's,tesla,Tesla,,,https://marketplace.apps-pilot.nl/l/auto-s/tesla/,920,15,15,Tesla,,
2,155,,91,auto-s,Auto's,toyota,Toyota,,,https://marketplace.apps-pilot.nl/l/auto-s/toyota/,9279,65,65,Toyota,,
2,156,,91,auto-s,Auto's,triumph,Triumph,,,https://marketplace.apps-pilot.nl/l/auto-s/triumph/,94,9,9,Triumph,,
2,3216,,91,auto-s,Auto's,vinfast,Vinfast,,,https://marketplace.apps-pilot.nl/l/auto-s/vinfast/,,0,0,Vinfast,,
2,157,,91,auto-s,Auto's,volkswagen,Volkswagen,,,https://marketplace.apps-pilot.nl/l/auto-s/volkswagen/,25516,69,69,Volkswagen,,
2,158,,91,auto-s,Auto's,volvo,Volvo,,,https://marketplace.apps-pilot.nl/l/auto-s/volvo/,8883,57,57,Volvo,,
2,3225,,91,auto-s,Auto's,voyah,Voyah,,,https://marketplace.apps-pilot.nl/l/auto-s/voyah/,54,7,7,Voyah,,
2,159,,91,auto-s,Auto's,vrachtwagens,Vrachtwagens,,,https://marketplace.apps-pilot.nl/l/auto-s/vrachtwagens/,2518,22,22,Vrachtwagens,,
2,3215,,91,auto-s,Auto's,xpeng,XPENG,,,https://marketplace.apps-pilot.nl/l/auto-s/xpeng/,13,7,7,XPENG,,
2,3224,,91,auto-s,Auto's,zeekr,ZEEKR,,,https://marketplace.apps-pilot.nl/l/auto-s/zeekr/,38,9,9,ZEEKR,,
1,2600,,2600,auto-onderdelen,Auto-onderdelen,auto-onderdelen,Auto-onderdelen,,,https://marketplace.apps-pilot.nl/l/auto-onderdelen/,,0,0,Auto-onderdelen,,
2,2905,,2600,auto-onderdelen,Auto-onderdelen,accu-s-en-toebehoren,Accu's en Toebehoren,,Auto-onderdelen,https://marketplace.apps-pilot.nl/l/auto-onderdelen/accu-s-en-toebehoren/,10794,0,0,Accu's en Toebehoren,,
2,2906,,2600,auto-onderdelen,Auto-onderdelen,airco-en-verwarming,Airco en Verwarming,,Auto-onderdelen,https://marketplace.apps-pilot.nl/l/auto-onderdelen/airco-en-verwarming/,30567,0,0,Airco en Verwarming,,
2,62,,2600,auto-onderdelen,Auto-onderdelen,alfa-romeo-onderdelen,Alfa Romeo,,,https://marketplace.apps-pilot.nl/l/auto-onderdelen/alfa-romeo-onderdelen/,,0,0,Alfa Romeo,,
2,63,,2600,auto-onderdelen,Auto-onderdelen,amerikaanse-onderdelen,Amerikaanse onderdelen,,,https://marketplace.apps-pilot.nl/l/auto-onderdelen/amerikaanse-onderdelen/,,0,0,Amerikaanse onderdelen,,
2,64,,2600,auto-onderdelen,Auto-onderdelen,audi-onderdelen,Audi,,,https://marketplace.apps-pilot.nl/l/auto-onderdelen/audi-onderdelen/,,0,0,Audi,,
2,2669,,2600,auto-onderdelen,Auto-onderdelen,austin-onderdelen,Austin,,,https://marketplace.apps-pilot.nl/l/auto-onderdelen/austin-onderdelen/,,0,0,Austin,,
2,66,,2600,auto-onderdelen,Auto-onderdelen,bmw-onderdelen,BMW,,,https://marketplace.apps-pilot.nl/l/auto-onderdelen/bmw-onderdelen/,,0,0,BMW,,
2,65,,2600,auto-onderdelen,Auto-onderdelen,banden-en-velgen,Banden en Velgen,,Auto-onderdelen,https://marketplace.apps-pilot.nl/l/auto-onderdelen/banden-en-velgen/,45981,17,17,Banden en Velgen,,
2,2670,,2600,auto-onderdelen,Auto-onderdelen,bentley-onderdelen,Bentley,,,https://marketplace.apps-pilot.nl/l/auto-onderdelen/bentley-onderdelen/,,0,0,Bentley,,
2,2907,,2600,auto-onderdelen,Auto-onderdelen,besturing,Besturing,,Auto-onderdelen,https://marketplace.apps-pilot.nl/l/auto-onderdelen/besturing/,22642,0,0,Besturing,,
2,3060,,2600,auto-onderdelen,Auto-onderdelen,brandstofpompen,Brandstofpompen,,Auto-onderdelen,https://marketplace.apps-pilot.nl/l/auto-onderdelen/brandstofpompen/,1049,0,0,Brandstofpompen,,
2,2908,,2600,auto-onderdelen,Auto-onderdelen,brandstofsystemen,Brandstofsystemen,,Auto-onderdelen,https://marketplace.apps-pilot.nl/l/auto-onderdelen/brandstofsystemen/,11648,0,0,Brandstofsystemen,,
2,2671,,2600,auto-onderdelen,Auto-onderdelen,buick-onderdelen,Buick,,,https://marketplace.apps-pilot.nl/l/auto-onderdelen/buick-onderdelen/,,0,0,Buick,,
2,2672,,2600,auto-onderdelen,Auto-onderdelen,cadillac-onderdelen,Cadillac,,,https://marketplace.apps-pilot.nl/l/auto-onderdelen/cadillac-onderdelen/,,0,0,Cadillac,,
2,2909,,2600,auto-onderdelen,Auto-onderdelen,carrosserie-en-plaatwerk,Carrosserie en Plaatwerk,,Auto-onderdelen,https://marketplace.apps-pilot.nl/l/auto-onderdelen/carrosserie-en-plaatwerk/,304074,0,0,Carrosserie en Plaatwerk,,
2,2650,,2600,auto-onderdelen,Auto-onderdelen,chevrolet-onderdelen,Chevrolet,,,https://marketplace.apps-pilot.nl/l/auto-onderdelen/chevrolet-onderdelen/,,0,0,Chevrolet,,
2,2651,,2600,auto-onderdelen,Auto-onderdelen,chrysler-onderdelen,Chrysler,,,https://marketplace.apps-pilot.nl/l/auto-onderdelen/chrysler-onderdelen/,,0,0,Chrysler,,
2,67,,2600,auto-onderdelen,Auto-onderdelen,citroen-onderdelen,Citroën,,,https://marketplace.apps-pilot.nl/l/auto-onderdelen/citroen-onderdelen/,,0,0,Citroën,,
2,2673,,2600,auto-onderdelen,Auto-onderdelen,dacia-onderdelen,Dacia,,,https://marketplace.apps-pilot.nl/l/auto-onderdelen/dacia-onderdelen/,,0,0,Dacia,,
2,2652,,2600,auto-onderdelen,Auto-onderdelen,daewoo-onderdelen,Daewoo,,,https://marketplace.apps-pilot.nl/l/auto-onderdelen/daewoo-onderdelen/,,0,0,Daewoo,,
2,68,,2600,auto-onderdelen,Auto-onderdelen,daihatsu-onderdelen,Daihatsu,,,https://marketplace.apps-pilot.nl/l/auto-onderdelen/daihatsu-onderdelen/,,0,0,Daihatsu,,
2,2910,,2600,auto-onderdelen,Auto-onderdelen,dashboard-en-schakelaars,Dashboard en Schakelaars,,Auto-onderdelen,https://marketplace.apps-pilot.nl/l/auto-onderdelen/dashboard-en-schakelaars/,48271,0,0,Dashboard en Schakelaars,,
2,2653,,2600,auto-onderdelen,Auto-onderdelen,dodge-onderdelen,Dodge,,,https://marketplace.apps-pilot.nl/l/auto-onderdelen/dodge-onderdelen/,,0,0,Dodge,,
2,2911,,2600,auto-onderdelen,Auto-onderdelen,elektronica-en-kabels,Elektronica en Kabels,,Auto-onderdelen,https://marketplace.apps-pilot.nl/l/auto-onderdelen/elektronica-en-kabels/,71053,0,0,Elektronica en Kabels,,
2,2674,,2600,auto-onderdelen,Auto-onderdelen,ferrari-onderdelen,Ferrari,,,https://marketplace.apps-pilot.nl/l/auto-onderdelen/ferrari-onderdelen/,,0,0,Ferrari,,
2,69,,2600,auto-onderdelen,Auto-onderdelen,fiat-onderdelen,Fiat,,,https://marketplace.apps-pilot.nl/l/auto-onderdelen/fiat-onderdelen/,,0,0,Fiat,,
2,2912,,2600,auto-onderdelen,Auto-onderdelen,filters,Filters,,Auto-onderdelen,https://marketplace.apps-pilot.nl/l/auto-onderdelen/filters/,7563,0,0,Filters,,
2,70,,2600,auto-onderdelen,Auto-onderdelen,ford-onderdelen,Ford,,,https://marketplace.apps-pilot.nl/l/auto-onderdelen/ford-onderdelen/,,0,0,Ford,,
2,2654,,2600,auto-onderdelen,Auto-onderdelen,ford-usa-onderdelen,Ford USA,,,https://marketplace.apps-pilot.nl/l/auto-onderdelen/ford-usa-onderdelen/,,0,0,Ford USA,,
2,71,,2600,auto-onderdelen,Auto-onderdelen,honda-onderdelen,Honda,,,https://marketplace.apps-pilot.nl/l/auto-onderdelen/honda-onderdelen/,,0,0,Honda,,
2,2675,,2600,auto-onderdelen,Auto-onderdelen,hummer-onderdelen,Hummer,,,https://marketplace.apps-pilot.nl/l/auto-onderdelen/hummer-onderdelen/,,0,0,Hummer,,
2,1428,,2600,auto-onderdelen,Auto-onderdelen,hyundai-onderdelen,Hyundai,,,https://marketplace.apps-pilot.nl/l/auto-onderdelen/hyundai-onderdelen/,,0,0,Hyundai,,
2,2676,,2600,auto-onderdelen,Auto-onderdelen,infiniti-onderdelen,Infiniti,,,https://marketplace.apps-pilot.nl/l/auto-onderdelen/infiniti-onderdelen/,,0,0,Infiniti,,
2,2913,,2600,auto-onderdelen,Auto-onderdelen,interieur-en-bekleding,Interieur en Bekleding,,Auto-onderdelen,https://marketplace.apps-pilot.nl/l/auto-onderdelen/interieur-en-bekleding/,59754,0,0,Interieur en Bekleding,,
2,2655,,2600,auto-onderdelen,Auto-onderdelen,jaguar-onderdelen,Jaguar,,,https://marketplace.apps-pilot.nl/l/auto-onderdelen/jaguar-onderdelen/,,0,0,Jaguar,,
2,72,,2600,auto-onderdelen,Auto-onderdelen,jeep-onderdelen,Jeep,,,https://marketplace.apps-pilot.nl/l/auto-onderdelen/jeep-onderdelen/,,0,0,Jeep,,
2,2656,,2600,auto-onderdelen,Auto-onderdelen,kia-onderdelen,Kia,,,https://marketplace.apps-pilot.nl/l/auto-onderdelen/kia-onderdelen/,,0,0,Kia,,
2,2914,,2600,auto-onderdelen,Auto-onderdelen,klein-materiaal,Klein materiaal,,Auto-onderdelen,https://marketplace.apps-pilot.nl/l/auto-onderdelen/klein-materiaal/,6473,0,0,Klein materiaal,,
2,2677,,2600,auto-onderdelen,Auto-onderdelen,lada-onderdelen,Lada,,,https://marketplace.apps-pilot.nl/l/auto-onderdelen/lada-onderdelen/,,0,0,Lada,,
2,2657,,2600,auto-onderdelen,Auto-onderdelen,lancia-onderdelen,Lancia,,,https://marketplace.apps-pilot.nl/l/auto-onderdelen/lancia-onderdelen/,,0,0,Lancia,,
2,1920,,2600,auto-onderdelen,Auto-onderdelen,land-rover-onderdelen,Land Rover,,,https://marketplace.apps-pilot.nl/l/auto-onderdelen/land-rover-onderdelen/,,0,0,Land Rover,,
2,2658,,2600,auto-onderdelen,Auto-onderdelen,lexus-onderdelen,Lexus,,,https://marketplace.apps-pilot.nl/l/auto-onderdelen/lexus-onderdelen/,,0,0,Lexus,,
2,2678,,2600,auto-onderdelen,Auto-onderdelen,lincoln-onderdelen,Lincoln,,,https://marketplace.apps-pilot.nl/l/auto-onderdelen/lincoln-onderdelen/,,0,0,Lincoln,,
2,2679,,2600,auto-onderdelen,Auto-onderdelen,lotus-onderdelen,Lotus,,,https://marketplace.apps-pilot.nl/l/auto-onderdelen/lotus-onderdelen/,,0,0,Lotus,,
2,1135,,2600,auto-onderdelen,Auto-onderdelen,mg-onderdelen,MG,,,https://marketplace.apps-pilot.nl/l/auto-onderdelen/mg-onderdelen/,,0,0,MG,,
2,2680,,2600,auto-onderdelen,Auto-onderdelen,maserati-onderdelen,Maserati,,,https://marketplace.apps-pilot.nl/l/auto-onderdelen/maserati-onderdelen/,,0,0,Maserati,,
2,73,,2600,auto-onderdelen,Auto-onderdelen,mazda-onderdelen,Mazda,,,https://marketplace.apps-pilot.nl/l/auto-onderdelen/mazda-onderdelen/,,0,0,Mazda,,
2,74,,2600,auto-onderdelen,Auto-onderdelen,mercedes-benz-onderdelen,Mercedes-Benz,,,https://marketplace.apps-pilot.nl/l/auto-onderdelen/mercedes-benz-onderdelen/,,0,0,Mercedes-Benz,,
2,2681,,2600,auto-onderdelen,Auto-onderdelen,mercury-onderdelen,Mercury,,,https://marketplace.apps-pilot.nl/l/auto-onderdelen/mercury-onderdelen/,,0,0,Mercury,,
2,75,,2600,auto-onderdelen,Auto-onderdelen,mini-onderdelen,Mini,,,https://marketplace.apps-pilot.nl/l/auto-onderdelen/mini-onderdelen/,,0,0,Mini,,
2,1429,,2600,auto-onderdelen,Auto-onderdelen,mitsubishi-onderdelen,Mitsubishi,,,https://marketplace.apps-pilot.nl/l/auto-onderdelen/mitsubishi-onderdelen/,,0,0,Mitsubishi,,
2,2915,,2600,auto-onderdelen,Auto-onderdelen,motor-en-toebehoren,Motor en Toebehoren,,Auto-onderdelen,https://marketplace.apps-pilot.nl/l/auto-onderdelen/motor-en-toebehoren/,98419,0,0,Motor en Toebehoren,,
2,76,,2600,auto-onderdelen,Auto-onderdelen,nissan-onderdelen,Nissan,,,https://marketplace.apps-pilot.nl/l/auto-onderdelen/nissan-onderdelen/,,0,0,Nissan,,
2,2682,,2600,auto-onderdelen,Auto-onderdelen,oldsmobile-onderdelen,Oldsmobile,,,https://marketplace.apps-pilot.nl/l/auto-onderdelen/oldsmobile-onderdelen/,,0,0,Oldsmobile,,
2,77,,2600,auto-onderdelen,Auto-onderdelen,oldtimer-onderdelen,Oldtimer onderdelen,,,https://marketplace.apps-pilot.nl/l/auto-onderdelen/oldtimer-onderdelen/,,0,0,Oldtimer onderdelen,,
2,78,,2600,auto-onderdelen,Auto-onderdelen,opel-onderdelen,Opel,,,https://marketplace.apps-pilot.nl/l/auto-onderdelen/opel-onderdelen/,,0,0,Opel,,
2,2923,,2600,auto-onderdelen,Auto-onderdelen,ophanging-en-onderstel,Ophanging en Onderstel,,Auto-onderdelen,https://marketplace.apps-pilot.nl/l/auto-onderdelen/ophanging-en-onderstel/,72006,0,0,Ophanging en Onderstel,,
2,2922,,2600,auto-onderdelen,Auto-onderdelen,overige-auto-onderdelen,Overige Auto-onderdelen,,Auto-onderdelen,https://marketplace.apps-pilot.nl/l/auto-onderdelen/overige-auto-onderdelen/,94332,0,0,Overige Auto-onderdelen,,
2,79,,2600,auto-onderdelen,Auto-onderdelen,overige-automerken,Overige automerken,,,https://marketplace.apps-pilot.nl/l/auto-onderdelen/overige-automerken/,,0,0,Overige automerken,,
2,80,,2600,auto-onderdelen,Auto-onderdelen,peugeot-onderdelen,Peugeot,,,https://marketplace.apps-pilot.nl/l/auto-onderdelen/peugeot-onderdelen/,,0,0,Peugeot,,
2,2683,,2600,auto-onderdelen,Auto-onderdelen,pontiac-onderdelen,Pontiac,,,https://marketplace.apps-pilot.nl/l/auto-onderdelen/pontiac-onderdelen/,,0,0,Pontiac,,
2,81,,2600,auto-onderdelen,Auto-onderdelen,porsche-onderdelen,Porsche,,,https://marketplace.apps-pilot.nl/l/auto-onderdelen/porsche-onderdelen/,,0,0,Porsche,,
2,2916,,2600,auto-onderdelen,Auto-onderdelen,remmen-en-aandrijving,Remmen en Aandrijving,,Auto-onderdelen,https://marketplace.apps-pilot.nl/l/auto-onderdelen/remmen-en-aandrijving/,55133,0,0,Remmen en Aandrijving,,
2,82,,2600,auto-onderdelen,Auto-onderdelen,renault-onderdelen,Renault,,,https://marketplace.apps-pilot.nl/l/auto-onderdelen/renault-onderdelen/,,0,0,Renault,,
2,1136,,2600,auto-onderdelen,Auto-onderdelen,rover-onderdelen,Rover,,,https://marketplace.apps-pilot.nl/l/auto-onderdelen/rover-onderdelen/,,0,0,Rover,,
2,2917,,2600,auto-onderdelen,Auto-onderdelen,ruiten-en-toebehoren,Ruiten en Toebehoren,,Auto-onderdelen,https://marketplace.apps-pilot.nl/l/auto-onderdelen/ruiten-en-toebehoren/,34432,0,0,Ruiten en Toebehoren,,
2,1430,,2600,auto-onderdelen,Auto-onderdelen,saab-onderdelen,Saab,,,https://marketplace.apps-pilot.nl/l/auto-onderdelen/saab-onderdelen/,,0,0,Saab,,
2,83,,2600,auto-onderdelen,Auto-onderdelen,seat-onderdelen,Seat,,,https://marketplace.apps-pilot.nl/l/auto-onderdelen/seat-onderdelen/,,0,0,Seat,,
2,3061,,2600,auto-onderdelen,Auto-onderdelen,sidebars,Sidebars,,Auto-onderdelen,https://marketplace.apps-pilot.nl/l/auto-onderdelen/sidebars/,679,0,0,Sidebars,,
2,1921,,2600,auto-onderdelen,Auto-onderdelen,skoda-onderdelen,Skoda,,,https://marketplace.apps-pilot.nl/l/auto-onderdelen/skoda-onderdelen/,,0,0,Skoda,,
2,2684,,2600,auto-onderdelen,Auto-onderdelen,smart-onderdelen,Smart,,,https://marketplace.apps-pilot.nl/l/auto-onderdelen/smart-onderdelen/,,0,0,Smart,,
2,2918,,2600,auto-onderdelen,Auto-onderdelen,spiegels,Spiegels,,Auto-onderdelen,https://marketplace.apps-pilot.nl/l/auto-onderdelen/spiegels/,22674,0,0,Spiegels,,
2,2685,,2600,auto-onderdelen,Auto-onderdelen,ssangyong-onderdelen,Ssangyong,,,https://marketplace.apps-pilot.nl/l/auto-onderdelen/ssangyong-onderdelen/,,0,0,Ssangyong,,
2,1431,,2600,auto-onderdelen,Auto-onderdelen,subaru-onderdelen,Subaru,,,https://marketplace.apps-pilot.nl/l/auto-onderdelen/subaru-onderdelen/,,0,0,Subaru,,
2,84,,2600,auto-onderdelen,Auto-onderdelen,suzuki-onderdelen,Suzuki,,,https://marketplace.apps-pilot.nl/l/auto-onderdelen/suzuki-onderdelen/,,0,0,Suzuki,,
2,85,,2600,auto-onderdelen,Auto-onderdelen,toyota-onderdelen,Toyota,,,https://marketplace.apps-pilot.nl/l/auto-onderdelen/toyota-onderdelen/,,0,0,Toyota,,
2,2919,,2600,auto-onderdelen,Auto-onderdelen,transmissie-en-toebehoren,Transmissie en Toebehoren,,Auto-onderdelen,https://marketplace.apps-pilot.nl/l/auto-onderdelen/transmissie-en-toebehoren/,24401,0,0,Transmissie en Toebehoren,,
2,3062,,2600,auto-onderdelen,Auto-onderdelen,trekhaken,Trekhaken,,Auto-onderdelen,https://marketplace.apps-pilot.nl/l/auto-onderdelen/trekhaken/,2154,0,0,Trekhaken,,
2,2686,,2600,auto-onderdelen,Auto-onderdelen,triumph-onderdelen,Triumph,,,https://marketplace.apps-pilot.nl/l/auto-onderdelen/triumph-onderdelen/,,0,0,Triumph,,
2,2920,,2600,auto-onderdelen,Auto-onderdelen,uitlaatsystemen,Uitlaatsystemen,,Auto-onderdelen,https://marketplace.apps-pilot.nl/l/auto-onderdelen/uitlaatsystemen/,38446,0,0,Uitlaatsystemen,,
2,1137,,2600,auto-onderdelen,Auto-onderdelen,universele-onderdelen,Universele onderdelen,,,https://marketplace.apps-pilot.nl/l/auto-onderdelen/universele-onderdelen/,,0,0,Universele onderdelen,,
2,2921,,2600,auto-onderdelen,Auto-onderdelen,verlichting,Verlichting,,Auto-onderdelen,https://marketplace.apps-pilot.nl/l/auto-onderdelen/verlichting/,115066,0,0,Verlichting,,
2,86,,2600,auto-onderdelen,Auto-onderdelen,volkswagen-onderdelen,Volkswagen,,,https://marketplace.apps-pilot.nl/l/auto-onderdelen/volkswagen-onderdelen/,,0,0,Volkswagen,,
2,87,,2600,auto-onderdelen,Auto-onderdelen,volvo-onderdelen,Volvo,,,https://marketplace.apps-pilot.nl/l/auto-onderdelen/volvo-onderdelen/,,0,0,Volvo,,
2,88,,2600,auto-onderdelen,Auto-onderdelen,vrachtwagen-onderdelen,Vrachtwagen-onderdelen,,Vrachtwagen-onderdelen,https://marketplace.apps-pilot.nl/l/auto-onderdelen/vrachtwagen-onderdelen/,18060,8,8,Vrachtwagen-onderdelen,,
1,201,,201,boeken,Boeken,boeken,Boeken,,,https://marketplace.apps-pilot.nl/l/boeken/,,0,0,Boeken,,
2,2835,,201,boeken,Boeken,advies-hulp-en-training,"Advies, Hulp en Training",,"School, Studie en Wetenschap",https://marketplace.apps-pilot.nl/l/boeken/advies-hulp-en-training/,8715,0,0,"Advies, Hulp en Training",,
2,202,,201,boeken,Boeken,atlassen-en-landkaarten,Atlassen en Landkaarten,,Overige,https://marketplace.apps-pilot.nl/l/boeken/atlassen-en-landkaarten/,8630,10,10,Atlassen en Landkaarten,,
2,203,,201,boeken,Boeken,auto-s-boeken,Auto's | Boeken,Autoboeken,Boeken en Handleidingen,https://marketplace.apps-pilot.nl/l/boeken/auto-s-boeken/,15991,21,21,Auto's,Boeken,
2,2692,,201,boeken,Boeken,auto-s-folders-en-tijdschriften,Auto's | Folders en Tijdschriften,Folders en Tijdschriften,Boeken en Handleidingen,https://marketplace.apps-pilot.nl/l/boeken/auto-s-folders-en-tijdschriften/,67248,21,21,Auto's,Folders en Tijdschriften,
2,204,,201,boeken,Boeken,avontuur-en-actie,Avontuur en Actie,,Populaire fictie,https://marketplace.apps-pilot.nl/l/boeken/avontuur-en-actie/,6115,0,0,Avontuur en Actie,,
2,205,,201,boeken,Boeken,biografieen,Biografieën,,Overige,https://marketplace.apps-pilot.nl/l/boeken/biografieen/,21338,0,0,Biografieën,,
2,1877,,201,boeken,Boeken,boekenweekgeschenken,Boekenweekgeschenken,,Overige,https://marketplace.apps-pilot.nl/l/boeken/boekenweekgeschenken/,1820,0,0,Boekenweekgeschenken,,
2,206,,201,boeken,Boeken,catalogussen-en-folders,Catalogussen en Folders,,Overige,https://marketplace.apps-pilot.nl/l/boeken/catalogussen-en-folders/,3881,0,0,Catalogussen en Folders,,
2,1878,,201,boeken,Boeken,chicklit,Chicklit,,Populaire fictie,https://marketplace.apps-pilot.nl/l/boeken/chicklit/,3122,0,0,Chicklit,,
2,207,,201,boeken,Boeken,detectives,Detectives,,Populaire fictie,https://marketplace.apps-pilot.nl/l/boeken/detectives/,7198,0,0,Detectives,,
2,1879,,201,boeken,Boeken,dieren-en-huisdieren,Dieren en Huisdieren,,"Sport, Hobby en Vrije tijd",https://marketplace.apps-pilot.nl/l/boeken/dieren-en-huisdieren/,8123,10,10,Dieren en Huisdieren,,
2,2690,,201,boeken,Boeken,e-books,E-books,,Overige,https://marketplace.apps-pilot.nl/l/boeken/e-books/,73,2,2,E-books,,
2,1460,,201,boeken,Boeken,economie-management-en-marketing,"Economie, Management en Marketing",Economie en Marketing,"School, Studie en Wetenschap",https://marketplace.apps-pilot.nl/l/boeken/economie-management-en-marketing/,41058,0,0,"Economie, Management en Marketing",,
2,209,,201,boeken,Boeken,encyclopedieen,Encyclopedieën,,"School, Studie en Wetenschap",https://marketplace.apps-pilot.nl/l/boeken/encyclopedieen/,3185,5,5,Encyclopedieën,,
2,210,,201,boeken,Boeken,esoterie-en-spiritualiteit,Esoterie en Spiritualiteit,,"School, Studie en Wetenschap",https://marketplace.apps-pilot.nl/l/boeken/esoterie-en-spiritualiteit/,36416,6,6,Esoterie en Spiritualiteit,,
2,1880,,201,boeken,Boeken,essays-columns-en-interviews,"Essays, Columns en Interviews",Essays en Columns,Overige,https://marketplace.apps-pilot.nl/l/boeken/essays-columns-en-interviews/,1850,0,0,"Essays, Columns en Interviews",,
2,225,,201,boeken,Boeken,fantasy,Fantasy,,Populaire fictie,https://marketplace.apps-pilot.nl/l/boeken/fantasy/,17708,0,0,Fantasy,,
2,1461,,201,boeken,Boeken,film-tv-en-media,"Film, Tv en Media",,Kunst en Cultuur,https://marketplace.apps-pilot.nl/l/boeken/film-tv-en-media/,2433,0,0,"Film, Tv en Media",,
2,1462,,201,boeken,Boeken,filosofie,Filosofie,,"School, Studie en Wetenschap",https://marketplace.apps-pilot.nl/l/boeken/filosofie/,10684,7,7,Filosofie,,
2,1463,,201,boeken,Boeken,gedichten-en-poezie,Gedichten en Poëzie,,Overige,https://marketplace.apps-pilot.nl/l/boeken/gedichten-en-poezie/,11856,0,0,Gedichten en Poëzie,,
2,1881,,201,boeken,Boeken,geschiedenis-stad-en-regio,Geschiedenis | Stad en Regio,Geschiedenis | Regio,"Geschiedenis, Politiek en Historie",https://marketplace.apps-pilot.nl/l/boeken/geschiedenis-stad-en-regio/,27096,0,0,Geschiedenis,Stad en Regio,
2,211,,201,boeken,Boeken,geschiedenis-vaderland,Geschiedenis | Vaderland,,"Geschiedenis, Politiek en Historie",https://marketplace.apps-pilot.nl/l/boeken/geschiedenis-vaderland/,15686,0,0,Geschiedenis,Vaderland,
2,1882,,201,boeken,Boeken,geschiedenis-wereld,Geschiedenis | Wereld,,"Geschiedenis, Politiek en Historie",https://marketplace.apps-pilot.nl/l/boeken/geschiedenis-wereld/,26865,0,0,Geschiedenis,Wereld,
2,219,,201,boeken,Boeken,gezondheid-dieet-en-voeding,"Gezondheid, Dieet en Voeding",Gezondheid en Voeding,Eten en Koken,https://marketplace.apps-pilot.nl/l/boeken/gezondheid-dieet-en-voeding/,18809,5,5,"Gezondheid, Dieet en Voeding",,
2,212,,201,boeken,Boeken,godsdienst-en-theologie,Godsdienst en Theologie,"Godsdienst, Theologie","School, Studie en Wetenschap",https://marketplace.apps-pilot.nl/l/boeken/godsdienst-en-theologie/,53504,7,7,Godsdienst en Theologie,,
2,1883,,201,boeken,Boeken,historische-romans,Historische romans,,"Geschiedenis, Politiek en Historie",https://marketplace.apps-pilot.nl/l/boeken/historische-romans/,4889,0,0,Historische romans,,
2,213,,201,boeken,Boeken,hobby-en-vrije-tijd,Hobby en Vrije tijd,,"Sport, Hobby en Vrije tijd",https://marketplace.apps-pilot.nl/l/boeken/hobby-en-vrije-tijd/,58983,10,10,Hobby en Vrije tijd,,
2,1620,,201,boeken,Boeken,humor,Humor,,Overige,https://marketplace.apps-pilot.nl/l/boeken/humor/,4714,0,0,Humor,,
2,214,,201,boeken,Boeken,informatica-en-computer,Informatica en Computer,"Informatica, Computer","School, Studie en Wetenschap",https://marketplace.apps-pilot.nl/l/boeken/informatica-en-computer/,7913,7,7,Informatica en Computer,,
2,1464,,201,boeken,Boeken,kinderboeken-baby-s-en-peuters,Kinderboeken | Baby's en Peuters,Baby's en Peuters,Kind en Jeugd,https://marketplace.apps-pilot.nl/l/boeken/kinderboeken-baby-s-en-peuters/,17127,0,0,Kinderboeken,Baby's en Peuters,
2,1884,,201,boeken,Boeken,kinderboeken-jeugd-10-tot-12-jaar,Kinderboeken | Jeugd | 10 tot 12 jaar,Jeugd | 10 tot 12 jaar,Kind en Jeugd,https://marketplace.apps-pilot.nl/l/boeken/kinderboeken-jeugd-10-tot-12-jaar/,42512,0,0,Kinderboeken,Jeugd,10 tot 12 jaar
2,1885,,201,boeken,Boeken,kinderboeken-jeugd-13-jaar-en-ouder,Kinderboeken | Jeugd | 13 jaar en ouder,Jeugd | 13 jaar en ouder,Kind en Jeugd,https://marketplace.apps-pilot.nl/l/boeken/kinderboeken-jeugd-13-jaar-en-ouder/,25919,0,0,Kinderboeken,Jeugd,13 jaar en ouder
2,215,,201,boeken,Boeken,kinderboeken-jeugd-onder-10-jaar,Kinderboeken | Jeugd | onder 10 jaar,Jeugd | onder 10 jaar,Kind en Jeugd,https://marketplace.apps-pilot.nl/l/boeken/kinderboeken-jeugd-onder-10-jaar/,76153,0,0,Kinderboeken,Jeugd,onder 10 jaar
2,1465,,201,boeken,Boeken,kinderboeken-kleuters,Kinderboeken | Kleuters,Kleuters,Kind en Jeugd,https://marketplace.apps-pilot.nl/l/boeken/kinderboeken-kleuters/,26568,0,0,Kinderboeken,Kleuters,
2,216,,201,boeken,Boeken,kookboeken,Kookboeken,,Eten en Koken,https://marketplace.apps-pilot.nl/l/boeken/kookboeken/,45535,10,10,Kookboeken,,
2,1886,,201,boeken,Boeken,kunst-en-cultuur-architectuur,Kunst en Cultuur | Architectuur,Architectuur,Kunst en Cultuur,https://marketplace.apps-pilot.nl/l/boeken/kunst-en-cultuur-architectuur/,6843,0,0,Kunst en Cultuur,Architectuur,
2,1887,,201,boeken,Boeken,kunst-en-cultuur-beeldend,Kunst en Cultuur | Beeldend,Beeldend,Kunst en Cultuur,https://marketplace.apps-pilot.nl/l/boeken/kunst-en-cultuur-beeldend/,26872,0,0,Kunst en Cultuur,Beeldend,
2,1888,,201,boeken,Boeken,kunst-en-cultuur-dans-en-theater,Kunst en Cultuur | Dans en Theater,Dans en Theater,Kunst en Cultuur,https://marketplace.apps-pilot.nl/l/boeken/kunst-en-cultuur-dans-en-theater/,1615,0,0,Kunst en Cultuur,Dans en Theater,
2,217,,201,boeken,Boeken,kunst-en-cultuur-fotografie-en-design,Kunst en Cultuur | Fotografie en Design,Fotografie en Design,Kunst en Cultuur,https://marketplace.apps-pilot.nl/l/boeken/kunst-en-cultuur-fotografie-en-design/,14481,5,5,Kunst en Cultuur,Fotografie en Design,
2,218,,201,boeken,Boeken,literatuur,Literatuur,,Populaire fictie,https://marketplace.apps-pilot.nl/l/boeken/literatuur/,116668,0,0,Literatuur,,
2,1889,,201,boeken,Boeken,luisterboeken,Luisterboeken,,Overige,https://marketplace.apps-pilot.nl/l/boeken/luisterboeken/,2635,2,2,Luisterboeken,,
2,2618,,201,boeken,Boeken,mode,Mode,,"Sport, Hobby en Vrije tijd",https://marketplace.apps-pilot.nl/l/boeken/mode/,2195,0,0,Mode,,
2,2691,,201,boeken,Boeken,motoren,Motoren,,"Sport, Hobby en Vrije tijd",https://marketplace.apps-pilot.nl/l/boeken/motoren/,2282,0,0,Motoren,,
2,220,,201,boeken,Boeken,muziek,Muziek,,Kunst en Cultuur,https://marketplace.apps-pilot.nl/l/boeken/muziek/,8737,5,5,Muziek,,
2,208,,201,boeken,Boeken,natuur,Natuur,,"Sport, Hobby en Vrije tijd",https://marketplace.apps-pilot.nl/l/boeken/natuur/,10042,5,5,Natuur,,
2,2119,,201,boeken,Boeken,oorlog-en-militair,Oorlog en Militair,,"Geschiedenis, Politiek en Historie",https://marketplace.apps-pilot.nl/l/boeken/oorlog-en-militair/,19623,0,0,Oorlog en Militair,,
2,221,,201,boeken,Boeken,overige-boeken,Overige Boeken,,Overige,https://marketplace.apps-pilot.nl/l/boeken/overige-boeken/,111627,0,0,Overige Boeken,,
2,2694,,201,boeken,Boeken,partijen-en-verzamelingen,Partijen en Verzamelingen,Partijen,Overige,https://marketplace.apps-pilot.nl/l/boeken/partijen-en-verzamelingen/,3840,0,0,Partijen en Verzamelingen,,
2,1466,,201,boeken,Boeken,politiek-en-maatschappij,Politiek en Maatschappij,,"Geschiedenis, Politiek en Historie",https://marketplace.apps-pilot.nl/l/boeken/politiek-en-maatschappij/,17489,0,0,Politiek en Maatschappij,,
2,2693,,201,boeken,Boeken,prentenboeken-en-plaatjesalbums,Prentenboeken en Plaatjesalbums,,Overige,https://marketplace.apps-pilot.nl/l/boeken/prentenboeken-en-plaatjesalbums/,7244,0,0,Prentenboeken en Plaatjesalbums,,
2,222,,201,boeken,Boeken,psychologie,Psychologie,,"School, Studie en Wetenschap",https://marketplace.apps-pilot.nl/l/boeken/psychologie/,28039,7,7,Psychologie,,
2,223,,201,boeken,Boeken,reisgidsen,Reisgidsen,,Taal en Reizen,https://marketplace.apps-pilot.nl/l/boeken/reisgidsen/,32502,16,16,Reisgidsen,,
2,1890,,201,boeken,Boeken,reisverhalen,Reisverhalen,,Taal en Reizen,https://marketplace.apps-pilot.nl/l/boeken/reisverhalen/,4691,8,8,Reisverhalen,,
2,224,,201,boeken,Boeken,romans,Romans,,Populaire fictie,https://marketplace.apps-pilot.nl/l/boeken/romans/,140655,0,0,Romans,,
2,1652,,201,boeken,Boeken,schoolboeken,Schoolboeken,,"School, Studie en Wetenschap",https://marketplace.apps-pilot.nl/l/boeken/schoolboeken/,95872,22,22,Schoolboeken,,
2,2688,,201,boeken,Boeken,science-fiction,Science fiction,,Populaire fictie,https://marketplace.apps-pilot.nl/l/boeken/science-fiction/,3610,0,0,Science fiction,,
2,226,,201,boeken,Boeken,sportboeken,Sportboeken,,"Sport, Hobby en Vrije tijd",https://marketplace.apps-pilot.nl/l/boeken/sportboeken/,12322,0,0,Sportboeken,,
2,2687,,201,boeken,Boeken,sprookjes-en-fabels,Sprookjes en Fabels,,Populaire fictie,https://marketplace.apps-pilot.nl/l/boeken/sprookjes-en-fabels/,5650,0,0,Sprookjes en Fabels,,
2,1467,,201,boeken,Boeken,streekboeken-en-streekromans,Streekboeken en Streekromans,,Taal en Reizen,https://marketplace.apps-pilot.nl/l/boeken/streekboeken-en-streekromans/,3901,0,0,Streekboeken en Streekromans,,
2,227,,201,boeken,Boeken,stripboeken,Stripboeken,,Stripverhalen,https://marketplace.apps-pilot.nl/l/boeken/stripboeken/,84409,0,0,Stripboeken,,
2,1459,,201,boeken,Boeken,strips-comics,Strips | Comics,Comics,Stripverhalen,https://marketplace.apps-pilot.nl/l/boeken/strips-comics/,21361,4,4,Strips,Comics,
2,228,,201,boeken,Boeken,studieboeken-en-cursussen,Studieboeken en Cursussen,Studie en Cursus,"School, Studie en Wetenschap",https://marketplace.apps-pilot.nl/l/boeken/studieboeken-en-cursussen/,153329,0,0,Studieboeken en Cursussen,,
2,229,,201,boeken,Boeken,taal-duits,Taal | Duits,,Taal en Reizen,https://marketplace.apps-pilot.nl/l/boeken/taal-duits/,3519,0,0,Taal,Duits,
2,230,,201,boeken,Boeken,taal-engels,Taal | Engels,,Taal en Reizen,https://marketplace.apps-pilot.nl/l/boeken/taal-engels/,93745,0,0,Taal,Engels,
2,231,,201,boeken,Boeken,taal-frans,Taal | Frans,,Taal en Reizen,https://marketplace.apps-pilot.nl/l/boeken/taal-frans/,2580,0,0,Taal,Frans,
2,232,,201,boeken,Boeken,taal-overige-talen,Taal | Overige Talen,,Taal en Reizen,https://marketplace.apps-pilot.nl/l/boeken/taal-overige-talen/,3018,0,0,Taal,Overige Talen,
2,233,,201,boeken,Boeken,taal-spaans,Taal | Spaans,,Taal en Reizen,https://marketplace.apps-pilot.nl/l/boeken/taal-spaans/,598,0,0,Taal,Spaans,
2,235,,201,boeken,Boeken,techniek,Techniek,,"School, Studie en Wetenschap",https://marketplace.apps-pilot.nl/l/boeken/techniek/,10722,9,9,Techniek,,
2,236,,201,boeken,Boeken,thrillers,Thrillers,,Populaire fictie,https://marketplace.apps-pilot.nl/l/boeken/thrillers/,69905,0,0,Thrillers,,
2,237,,201,boeken,Boeken,tijdschriften-en-kranten,Tijdschriften en Kranten,,Overige,https://marketplace.apps-pilot.nl/l/boeken/tijdschriften-en-kranten/,26354,0,0,Tijdschriften en Kranten,,
2,2689,,201,boeken,Boeken,vervoer-en-transport,Vervoer en Transport,,"Sport, Hobby en Vrije tijd",https://marketplace.apps-pilot.nl/l/boeken/vervoer-en-transport/,3314,0,0,Vervoer en Transport,,
2,1468,,201,boeken,Boeken,wetenschap,Wetenschap,,"School, Studie en Wetenschap",https://marketplace.apps-pilot.nl/l/boeken/wetenschap/,59793,0,0,Wetenschap,,
2,1891,,201,boeken,Boeken,wonen-en-tuinieren,Wonen en Tuinieren,,"Sport, Hobby en Vrije tijd",https://marketplace.apps-pilot.nl/l/boeken/wonen-en-tuinieren/,5076,0,0,Wonen en Tuinieren,,
2,238,,201,boeken,Boeken,woordenboeken,Woordenboeken,,Taal en Reizen,https://marketplace.apps-pilot.nl/l/boeken/woordenboeken/,8413,10,10,Woordenboeken,,
2,1892,,201,boeken,Boeken,zwangerschap-en-opvoeding,Zwangerschap en Opvoeding,,"School, Studie en Wetenschap",https://marketplace.apps-pilot.nl/l/boeken/zwangerschap-en-opvoeding/,7355,0,0,Zwangerschap en Opvoeding,,
1,289,,289,caravans-en-kamperen,Caravans en Kamperen,caravans-en-kamperen,Caravans en Kamperen,,,https://marketplace.apps-pilot.nl/l/caravans-en-kamperen/,,0,0,Caravans en Kamperen,,
2,294,,289,caravans-en-kamperen,Caravans en Kamperen,caravans-adria,Adria,,,https://marketplace.apps-pilot.nl/l/caravans-en-kamperen/caravans-adria/,,0,0,Adria,,
2,2695,,289,caravans-en-kamperen,Caravans en Kamperen,campers-adria-mobil,Adria Mobil,,,https://marketplace.apps-pilot.nl/l/caravans-en-kamperen/campers-adria-mobil/,,0,0,Adria Mobil,,
2,296,,289,caravans-en-kamperen,Caravans en Kamperen,caravans-avento,Avento,,,https://marketplace.apps-pilot.nl/l/caravans-en-kamperen/caravans-avento/,,0,0,Avento,,
2,297,,289,caravans-en-kamperen,Caravans en Kamperen,caravans-beyerland,Beyerland,,,https://marketplace.apps-pilot.nl/l/caravans-en-kamperen/caravans-beyerland/,,0,0,Beyerland,,
2,2637,,289,caravans-en-kamperen,Caravans en Kamperen,caravans-biod,Biod,,,https://marketplace.apps-pilot.nl/l/caravans-en-kamperen/caravans-biod/,,0,0,Biod,,
2,3083,,289,caravans-en-kamperen,Caravans en Kamperen,bolderkarren,Bolderkarren,,Kampeerartikelen en Outdoor,https://marketplace.apps-pilot.nl/l/caravans-en-kamperen/bolderkarren/,757,1,1,Bolderkarren,,
2,298,,289,caravans-en-kamperen,Caravans en Kamperen,caravans-burstner,Bürstner,,,https://marketplace.apps-pilot.nl/l/caravans-en-kamperen/caravans-burstner/,,0,0,Bürstner,,
2,2696,,289,caravans-en-kamperen,Caravans en Kamperen,campers-burstner,Bürstner,,,https://marketplace.apps-pilot.nl/l/caravans-en-kamperen/campers-burstner/,,0,0,Bürstner,,
2,2710,,289,caravans-en-kamperen,Caravans en Kamperen,camper-inkoop,Camper Inkoop,Camper,Inkoop,https://marketplace.apps-pilot.nl/l/caravans-en-kamperen/camper-inkoop/,32,0,0,Camper Inkoop,,
2,1352,,289,caravans-en-kamperen,Caravans en Kamperen,camper-accessoires,Camper-accessoires,,Kampeerartikelen en Outdoor,https://marketplace.apps-pilot.nl/l/caravans-en-kamperen/camper-accessoires/,10663,0,0,Camper-accessoires,,
2,2925,,289,caravans-en-kamperen,Caravans en Kamperen,campers,Campers,,Caravans en Campers,https://marketplace.apps-pilot.nl/l/caravans-en-kamperen/campers/,9301,111,111,Campers,,
2,2697,,289,caravans-en-kamperen,Caravans en Kamperen,campers-capron,Capron,,,https://marketplace.apps-pilot.nl/l/caravans-en-kamperen/campers-capron/,,0,0,Capron,,
2,2713,,289,caravans-en-kamperen,Caravans en Kamperen,caravan-inkoop,Caravan Inkoop,Caravan,Inkoop,https://marketplace.apps-pilot.nl/l/caravans-en-kamperen/caravan-inkoop/,310,0,0,Caravan Inkoop,,
2,292,,289,caravans-en-kamperen,Caravans en Kamperen,caravan-accessoires,Caravan accessoires,Caravan-accessoires,Kampeerartikelen en Outdoor,https://marketplace.apps-pilot.nl/l/caravans-en-kamperen/caravan-accessoires/,13752,0,0,Caravan accessoires,,
2,293,,289,caravans-en-kamperen,Caravans en Kamperen,caravancentra,Caravancentra,,Diensten,https://marketplace.apps-pilot.nl/l/caravans-en-kamperen/caravancentra/,6,0,0,Caravancentra,,
2,2924,,289,caravans-en-kamperen,Caravans en Kamperen,caravans,Caravans,,Caravans en Campers,https://marketplace.apps-pilot.nl/l/caravans-en-kamperen/caravans/,8678,33,33,Caravans,,
2,314,,289,caravans-en-kamperen,Caravans en Kamperen,caravanstallingen,Caravanstallingen,,Diensten,https://marketplace.apps-pilot.nl/l/caravans-en-kamperen/caravanstallingen/,198,0,0,Caravanstallingen,,
2,299,,289,caravans-en-kamperen,Caravans en Kamperen,caravans-caravelair,Caravelair,,,https://marketplace.apps-pilot.nl/l/caravans-en-kamperen/caravans-caravelair/,,0,0,Caravelair,,
2,2698,,289,caravans-en-kamperen,Caravans en Kamperen,campers-carthago,Carthago,,,https://marketplace.apps-pilot.nl/l/caravans-en-kamperen/campers-carthago/,,0,0,Carthago,,
2,300,,289,caravans-en-kamperen,Caravans en Kamperen,caravans-chateau,Chateau,,,https://marketplace.apps-pilot.nl/l/caravans-en-kamperen/caravans-chateau/,,0,0,Chateau,,
2,2699,,289,caravans-en-kamperen,Caravans en Kamperen,campers-chausson,Chausson,,,https://marketplace.apps-pilot.nl/l/caravans-en-kamperen/campers-chausson/,,0,0,Chausson,,
2,2838,,289,caravans-en-kamperen,Caravans en Kamperen,caravans-delta,Delta,,,https://marketplace.apps-pilot.nl/l/caravans-en-kamperen/caravans-delta/,,0,0,Delta,,
2,301,,289,caravans-en-kamperen,Caravans en Kamperen,caravans-dethleffs,Dethleffs,,,https://marketplace.apps-pilot.nl/l/caravans-en-kamperen/caravans-dethleffs/,,0,0,Dethleffs,,
2,2700,,289,caravans-en-kamperen,Caravans en Kamperen,campers-dethleffs,Dethleffs,,,https://marketplace.apps-pilot.nl/l/caravans-en-kamperen/campers-dethleffs/,,0,0,Dethleffs,,
2,2839,,289,caravans-en-kamperen,Caravans en Kamperen,caravans-eifelland,Eifelland,,,https://marketplace.apps-pilot.nl/l/caravans-en-kamperen/caravans-eifelland/,,0,0,Eifelland,,
2,2638,,289,caravans-en-kamperen,Caravans en Kamperen,caravans-elddis,Elddis,,,https://marketplace.apps-pilot.nl/l/caravans-en-kamperen/caravans-elddis/,,0,0,Elddis,,
2,302,,289,caravans-en-kamperen,Caravans en Kamperen,caravans-eriba,Eriba,,,https://marketplace.apps-pilot.nl/l/caravans-en-kamperen/caravans-eriba/,,0,0,Eriba,,
2,2701,,289,caravans-en-kamperen,Caravans en Kamperen,campers-eura-mobil,Eura Mobil,,,https://marketplace.apps-pilot.nl/l/caravans-en-kamperen/campers-eura-mobil/,,0,0,Eura Mobil,,
2,2702,,289,caravans-en-kamperen,Caravans en Kamperen,campers-ffb,FFB,,,https://marketplace.apps-pilot.nl/l/caravans-en-kamperen/campers-ffb/,,0,0,FFB,,
2,2711,,289,caravans-en-kamperen,Caravans en Kamperen,caravans-ffb,FFB,,,https://marketplace.apps-pilot.nl/l/caravans-en-kamperen/caravans-ffb/,,0,0,FFB,,
2,303,,289,caravans-en-kamperen,Caravans en Kamperen,caravans-fendt,Fendt,,,https://marketplace.apps-pilot.nl/l/caravans-en-kamperen/caravans-fendt/,,0,0,Fendt,,
2,304,,289,caravans-en-kamperen,Caravans en Kamperen,caravans-hobby,Hobby,,,https://marketplace.apps-pilot.nl/l/caravans-en-kamperen/caravans-hobby/,,0,0,Hobby,,
2,2703,,289,caravans-en-kamperen,Caravans en Kamperen,campers-hobby,Hobby,,,https://marketplace.apps-pilot.nl/l/caravans-en-kamperen/campers-hobby/,,0,0,Hobby,,
2,305,,289,caravans-en-kamperen,Caravans en Kamperen,caravans-home-car,Home-car,,,https://marketplace.apps-pilot.nl/l/caravans-en-kamperen/caravans-home-car/,,0,0,Home-car,,
2,2704,,289,caravans-en-kamperen,Caravans en Kamperen,campers-hymer,Hymer,,,https://marketplace.apps-pilot.nl/l/caravans-en-kamperen/campers-hymer/,,0,0,Hymer,,
2,2712,,289,caravans-en-kamperen,Caravans en Kamperen,caravans-hymer,Hymer,,,https://marketplace.apps-pilot.nl/l/caravans-en-kamperen/caravans-hymer/,,0,0,Hymer,,
2,2639,,289,caravans-en-kamperen,Caravans en Kamperen,caravans-kabe,Kabe,,,https://marketplace.apps-pilot.nl/l/caravans-en-kamperen/caravans-kabe/,,0,0,Kabe,,
2,315,,289,caravans-en-kamperen,Caravans en Kamperen,kampeeraccessoires,Kampeeraccessoires,,Kampeerartikelen en Outdoor,https://marketplace.apps-pilot.nl/l/caravans-en-kamperen/kampeeraccessoires/,30594,0,0,Kampeeraccessoires,,
2,1922,,289,caravans-en-kamperen,Caravans en Kamperen,kampeergereedschap,Kampeergereedschap,,Kampeerartikelen en Outdoor,https://marketplace.apps-pilot.nl/l/caravans-en-kamperen/kampeergereedschap/,2184,0,0,Kampeergereedschap,,
2,3077,,289,caravans-en-kamperen,Caravans en Kamperen,kampeermeubelen,Kampeermeubelen,,Kampeerartikelen en Outdoor,https://marketplace.apps-pilot.nl/l/caravans-en-kamperen/kampeermeubelen/,6878,5,5,Kampeermeubelen,,
2,2836,,289,caravans-en-kamperen,Caravans en Kamperen,campers-karmann,Karmann,,,https://marketplace.apps-pilot.nl/l/caravans-en-kamperen/campers-karmann/,,0,0,Karmann,,
2,306,,289,caravans-en-kamperen,Caravans en Kamperen,caravans-kip,Kip,,,https://marketplace.apps-pilot.nl/l/caravans-en-kamperen/caravans-kip/,,0,0,Kip,,
2,307,,289,caravans-en-kamperen,Caravans en Kamperen,caravans-knaus,Knaus,,,https://marketplace.apps-pilot.nl/l/caravans-en-kamperen/caravans-knaus/,,0,0,Knaus,,
2,2705,,289,caravans-en-kamperen,Caravans en Kamperen,campers-knaus,Knaus,,,https://marketplace.apps-pilot.nl/l/caravans-en-kamperen/campers-knaus/,,0,0,Knaus,,
2,3081,,289,caravans-en-kamperen,Caravans en Kamperen,koelboxen,Koelboxen,,Kampeerartikelen en Outdoor,https://marketplace.apps-pilot.nl/l/caravans-en-kamperen/koelboxen/,2950,6,6,Koelboxen,,
2,2706,,289,caravans-en-kamperen,Caravans en Kamperen,campers-lmc,LMC,,,https://marketplace.apps-pilot.nl/l/caravans-en-kamperen/campers-lmc/,,0,0,LMC,,
2,308,,289,caravans-en-kamperen,Caravans en Kamperen,caravans-lmc-en-munsterland,LMC en Münsterland,,,https://marketplace.apps-pilot.nl/l/caravans-en-kamperen/caravans-lmc-en-munsterland/,,0,0,LMC en Münsterland,,
2,3079,,289,caravans-en-kamperen,Caravans en Kamperen,luchtbedden,Luchtbedden,,Kampeerartikelen en Outdoor,https://marketplace.apps-pilot.nl/l/caravans-en-kamperen/luchtbedden/,1890,2,2,Luchtbedden,,
2,3080,,289,caravans-en-kamperen,Caravans en Kamperen,luchtpompen,Luchtpompen,,Kampeerartikelen en Outdoor,https://marketplace.apps-pilot.nl/l/caravans-en-kamperen/luchtpompen/,758,2,2,Luchtpompen,,
2,309,,289,caravans-en-kamperen,Caravans en Kamperen,caravans-overige,Overige,,,https://marketplace.apps-pilot.nl/l/caravans-en-kamperen/caravans-overige/,,0,0,Overige,,
2,316,,289,caravans-en-kamperen,Caravans en Kamperen,overige-caravans-en-kamperen,Overige Caravans en Kamperen,,Overige,https://marketplace.apps-pilot.nl/l/caravans-en-kamperen/overige-caravans-en-kamperen/,1103,0,0,Overige Caravans en Kamperen,,
2,291,,289,caravans-en-kamperen,Caravans en Kamperen,campers-overige-merken,Overige merken,,,https://marketplace.apps-pilot.nl/l/caravans-en-kamperen/campers-overige-merken/,,0,0,Overige merken,,
2,310,,289,caravans-en-kamperen,Caravans en Kamperen,caravans-predom,Predom,,,https://marketplace.apps-pilot.nl/l/caravans-en-kamperen/caravans-predom/,,0,0,Predom,,
2,2707,,289,caravans-en-kamperen,Caravans en Kamperen,campers-possl,Pössl,,,https://marketplace.apps-pilot.nl/l/caravans-en-kamperen/campers-possl/,,0,0,Pössl,,
2,2837,,289,caravans-en-kamperen,Caravans en Kamperen,campers-rapido,Rapido,,,https://marketplace.apps-pilot.nl/l/caravans-en-kamperen/campers-rapido/,,0,0,Rapido,,
2,3076,,289,caravans-en-kamperen,Caravans en Kamperen,regenkleding,Regenkleding,,Kampeerartikelen en Outdoor,https://marketplace.apps-pilot.nl/l/caravans-en-kamperen/regenkleding/,1637,8,8,Regenkleding,,
2,3082,,289,caravans-en-kamperen,Caravans en Kamperen,slaapmatten,Slaapmatten,,Kampeerartikelen en Outdoor,https://marketplace.apps-pilot.nl/l/caravans-en-kamperen/slaapmatten/,1111,0,0,Slaapmatten,,
2,1923,,289,caravans-en-kamperen,Caravans en Kamperen,slaapzakken,Slaapzakken,,Kampeerartikelen en Outdoor,https://marketplace.apps-pilot.nl/l/caravans-en-kamperen/slaapzakken/,3082,0,0,Slaapzakken,,
2,2640,,289,caravans-en-kamperen,Caravans en Kamperen,caravans-solifer,Solifer,,,https://marketplace.apps-pilot.nl/l/caravans-en-kamperen/caravans-solifer/,,0,0,Solifer,,
2,2641,,289,caravans-en-kamperen,Caravans en Kamperen,caravans-sprite,Sprite,,,https://marketplace.apps-pilot.nl/l/caravans-en-kamperen/caravans-sprite/,,0,0,Sprite,,
2,317,,289,caravans-en-kamperen,Caravans en Kamperen,stacaravans,Stacaravans,,Caravans en Campers,https://marketplace.apps-pilot.nl/l/caravans-en-kamperen/stacaravans/,1362,0,0,Stacaravans,,
2,2642,,289,caravans-en-kamperen,Caravans en Kamperen,caravans-sterckeman,Sterckeman,,,https://marketplace.apps-pilot.nl/l/caravans-en-kamperen/caravans-sterckeman/,,0,0,Sterckeman,,
2,2643,,289,caravans-en-kamperen,Caravans en Kamperen,caravans-sunlight,Sunlight,,,https://marketplace.apps-pilot.nl/l/caravans-en-kamperen/caravans-sunlight/,,0,0,Sunlight,,
2,312,,289,caravans-en-kamperen,Caravans en Kamperen,caravans-t-e-c,T.E.C.,,,https://marketplace.apps-pilot.nl/l/caravans-en-kamperen/caravans-t-e-c/,,0,0,T.E.C.,,
2,2708,,289,caravans-en-kamperen,Caravans en Kamperen,campers-tec,TEC,,,https://marketplace.apps-pilot.nl/l/caravans-en-kamperen/campers-tec/,,0,0,TEC,,
2,311,,289,caravans-en-kamperen,Caravans en Kamperen,caravans-tabbert,Tabbert,,,https://marketplace.apps-pilot.nl/l/caravans-en-kamperen/caravans-tabbert/,,0,0,Tabbert,,
2,290,,289,caravans-en-kamperen,Caravans en Kamperen,tentaccessoires,Tentaccessoires,,Tenten en Vouwwagens,https://marketplace.apps-pilot.nl/l/caravans-en-kamperen/tentaccessoires/,2798,0,0,Tentaccessoires,,
2,318,,289,caravans-en-kamperen,Caravans en Kamperen,tenten,Tenten,,Tenten en Vouwwagens,https://marketplace.apps-pilot.nl/l/caravans-en-kamperen/tenten/,14637,0,0,Tenten,,
2,2840,,289,caravans-en-kamperen,Caravans en Kamperen,caravans-trigano,Trigano,,,https://marketplace.apps-pilot.nl/l/caravans-en-kamperen/caravans-trigano/,,0,0,Trigano,,
2,319,,289,caravans-en-kamperen,Caravans en Kamperen,verhuur,Verhuur,,Diensten,https://marketplace.apps-pilot.nl/l/caravans-en-kamperen/verhuur/,937,0,0,Verhuur,,
2,320,,289,caravans-en-kamperen,Caravans en Kamperen,voortenten-en-luifels,Voortenten en Luifels,,Tenten en Vouwwagens,https://marketplace.apps-pilot.nl/l/caravans-en-kamperen/voortenten-en-luifels/,2148,13,13,Voortenten en Luifels,,
2,321,,289,caravans-en-kamperen,Caravans en Kamperen,vouwwagens,Vouwwagens,,Tenten en Vouwwagens,https://marketplace.apps-pilot.nl/l/caravans-en-kamperen/vouwwagens/,1334,20,20,Vouwwagens,,
2,2709,,289,caravans-en-kamperen,Caravans en Kamperen,campers-westfalia,Westfalia,,,https://marketplace.apps-pilot.nl/l/caravans-en-kamperen/campers-westfalia/,,0,0,Westfalia,,
2,313,,289,caravans-en-kamperen,Caravans en Kamperen,caravans-wilk,Wilk,,,https://marketplace.apps-pilot.nl/l/caravans-en-kamperen/caravans-wilk/,,0,0,Wilk,,
2,3078,,289,caravans-en-kamperen,Caravans en Kamperen,windschermen,Windschermen,,Kampeerartikelen en Outdoor,https://marketplace.apps-pilot.nl/l/caravans-en-kamperen/windschermen/,692,0,0,Windschermen,,
2,3084,,289,caravans-en-kamperen,Caravans en Kamperen,zaklampen,Zaklampen,,Kampeerartikelen en Outdoor,https://marketplace.apps-pilot.nl/l/caravans-en-kamperen/zaklampen/,1464,3,3,Zaklampen,,
1,1744,,1744,cd-s-en-dvd-s,Cd's en Dvd's,cd-s-en-dvd-s,Cd's en Dvd's,,,https://marketplace.apps-pilot.nl/l/cd-s-en-dvd-s/,,0,0,Cd's en Dvd's,,
2,1745,,1744,cd-s-en-dvd-s,Cd's en Dvd's,blu-ray,Blu-ray,,Blu-rays,https://marketplace.apps-pilot.nl/l/cd-s-en-dvd-s/blu-ray/,38559,15,15,Blu-ray,,
2,1715,,1744,cd-s-en-dvd-s,Cd's en Dvd's,cassettebandjes,Cassettebandjes,,Overige,https://marketplace.apps-pilot.nl/l/cd-s-en-dvd-s/cassettebandjes/,11681,18,18,Cassettebandjes,,
2,1340,,1744,cd-s-en-dvd-s,Cd's en Dvd's,cd-singles,Cd Singles,Singles,Cd's,https://marketplace.apps-pilot.nl/l/cd-s-en-dvd-s/cd-singles/,29565,16,16,Cd Singles,,
2,1681,,1744,cd-s-en-dvd-s,Cd's en Dvd's,cd-s-country-en-western,Cd's | Country en Western,Country en Western,Cd's,https://marketplace.apps-pilot.nl/l/cd-s-en-dvd-s/cd-s-country-en-western/,6208,0,0,Cd's,Country en Western,
2,1332,,1744,cd-s-en-dvd-s,Cd's en Dvd's,cd-s-dance-en-house,Cd's | Dance en House,Dance en House,Cd's,https://marketplace.apps-pilot.nl/l/cd-s-en-dvd-s/cd-s-dance-en-house/,11243,13,13,Cd's,Dance en House,
2,1333,,1744,cd-s-en-dvd-s,Cd's en Dvd's,cd-s-filmmuziek-en-soundtracks,Cd's | Filmmuziek en Soundtracks,Filmmuziek en Soundtracks,Cd's,https://marketplace.apps-pilot.nl/l/cd-s-en-dvd-s/cd-s-filmmuziek-en-soundtracks/,5067,0,0,Cd's,Filmmuziek en Soundtracks,
2,3085,,1744,cd-s-en-dvd-s,Cd's en Dvd's,cd-s-franstalig,Cd's | Franstalig,Franstalig,Cd's,https://marketplace.apps-pilot.nl/l/cd-s-en-dvd-s/cd-s-franstalig/,1186,0,0,Cd's,Franstalig,
2,2714,,1744,cd-s-en-dvd-s,Cd's en Dvd's,cd-s-hardrock-en-metal,Cd's | Hardrock en Metal,Hardrock en Metal,Cd's,https://marketplace.apps-pilot.nl/l/cd-s-en-dvd-s/cd-s-hardrock-en-metal/,13380,0,0,Cd's,Hardrock en Metal,
2,1334,,1744,cd-s-en-dvd-s,Cd's en Dvd's,cd-s-hiphop-en-rap,Cd's | Hiphop en Rap,Hiphop en Rap,Cd's,https://marketplace.apps-pilot.nl/l/cd-s-en-dvd-s/cd-s-hiphop-en-rap/,5052,0,0,Cd's,Hiphop en Rap,
2,1746,,1744,cd-s-en-dvd-s,Cd's en Dvd's,cd-s-humor-en-cabaret,Cd's | Humor en Cabaret,Humor en Cabaret,Cd's,https://marketplace.apps-pilot.nl/l/cd-s-en-dvd-s/cd-s-humor-en-cabaret/,1168,0,0,Cd's,Humor en Cabaret,
2,2716,,1744,cd-s-en-dvd-s,Cd's en Dvd's,cd-s-instrumentaal,Cd's | Instrumentaal,Instrumentaal,Cd's,https://marketplace.apps-pilot.nl/l/cd-s-en-dvd-s/cd-s-instrumentaal/,2903,0,0,Cd's,Instrumentaal,
2,1335,,1744,cd-s-en-dvd-s,Cd's en Dvd's,cd-s-jazz-en-blues,Cd's | Jazz en Blues,Jazz en Blues,Cd's,https://marketplace.apps-pilot.nl/l/cd-s-en-dvd-s/cd-s-jazz-en-blues/,21494,5,5,Cd's,Jazz en Blues,
2,2718,,1744,cd-s-en-dvd-s,Cd's en Dvd's,cd-s-kerst-en-sinterklaas,Cd's | Kerst en Sinterklaas,Kerst en Sinterklaas,Cd's,https://marketplace.apps-pilot.nl/l/cd-s-en-dvd-s/cd-s-kerst-en-sinterklaas/,2431,0,0,Cd's,Kerst en Sinterklaas,
2,1747,,1744,cd-s-en-dvd-s,Cd's en Dvd's,cd-s-kinderen-en-jeugd,Cd's | Kinderen en Jeugd,Kinderen en Jeugd,Cd's,https://marketplace.apps-pilot.nl/l/cd-s-en-dvd-s/cd-s-kinderen-en-jeugd/,3405,0,0,Cd's,Kinderen en Jeugd,
2,1336,,1744,cd-s-en-dvd-s,Cd's en Dvd's,cd-s-klassiek,Cd's | Klassiek,Klassiek,Cd's,https://marketplace.apps-pilot.nl/l/cd-s-en-dvd-s/cd-s-klassiek/,30971,0,0,Cd's,Klassiek,
2,1748,,1744,cd-s-en-dvd-s,Cd's en Dvd's,cd-s-latin-en-salsa,Cd's | Latin en Salsa,Latin en Salsa,Cd's,https://marketplace.apps-pilot.nl/l/cd-s-en-dvd-s/cd-s-latin-en-salsa/,1903,0,0,Cd's,Latin en Salsa,
2,2121,,1744,cd-s-en-dvd-s,Cd's en Dvd's,cd-s-meditatie-en-spiritualiteit,Cd's | Meditatie en Spiritualiteit,Meditatie en Spiritualiteit,Cd's,https://marketplace.apps-pilot.nl/l/cd-s-en-dvd-s/cd-s-meditatie-en-spiritualiteit/,1072,0,0,Cd's,Meditatie en Spiritualiteit,
2,1337,,1744,cd-s-en-dvd-s,Cd's en Dvd's,cd-s-nederlandstalig,Cd's | Nederlandstalig,Nederlandstalig,Cd's,https://marketplace.apps-pilot.nl/l/cd-s-en-dvd-s/cd-s-nederlandstalig/,20805,13,13,Cd's,Nederlandstalig,
2,1349,,1744,cd-s-en-dvd-s,Cd's en Dvd's,cd-s-overige-cd-s,Cd's | Overige Cd's,Overige Cd's,Cd's,https://marketplace.apps-pilot.nl/l/cd-s-en-dvd-s/cd-s-overige-cd-s/,75527,0,0,Cd's,Overige Cd's,
2,1338,,1744,cd-s-en-dvd-s,Cd's en Dvd's,cd-s-pop,Cd's | Pop,Pop,Cd's,https://marketplace.apps-pilot.nl/l/cd-s-en-dvd-s/cd-s-pop/,88714,0,0,Cd's,Pop,
2,1749,,1744,cd-s-en-dvd-s,Cd's en Dvd's,cd-s-r-b-en-soul,Cd's | R&B en Soul,R&B en Soul,Cd's,https://marketplace.apps-pilot.nl/l/cd-s-en-dvd-s/cd-s-r-b-en-soul/,5846,4,4,Cd's,R&B en Soul,
2,2715,,1744,cd-s-en-dvd-s,Cd's en Dvd's,cd-s-reggae-en-ska,Cd's | Reggae en Ska,Reggae en Ska,Cd's,https://marketplace.apps-pilot.nl/l/cd-s-en-dvd-s/cd-s-reggae-en-ska/,2368,0,0,Cd's,Reggae en Ska,
2,2120,,1744,cd-s-en-dvd-s,Cd's en Dvd's,cd-s-religie-en-gospel,Cd's | Religie en Gospel,Religie en Gospel,Cd's,https://marketplace.apps-pilot.nl/l/cd-s-en-dvd-s/cd-s-religie-en-gospel/,6685,8,8,Cd's,Religie en Gospel,
2,1339,,1744,cd-s-en-dvd-s,Cd's en Dvd's,cd-s-rock,Cd's | Rock,Rock,Cd's,https://marketplace.apps-pilot.nl/l/cd-s-en-dvd-s/cd-s-rock/,49082,14,14,Cd's,Rock,
2,2717,,1744,cd-s-en-dvd-s,Cd's en Dvd's,cd-s-schlagers,Cd's | Schlagers,Schlagers,Cd's,https://marketplace.apps-pilot.nl/l/cd-s-en-dvd-s/cd-s-schlagers/,2643,0,0,Cd's,Schlagers,
2,1342,,1744,cd-s-en-dvd-s,Cd's en Dvd's,cd-s-verzamelalbums,Cd's | Verzamelalbums,Verzamelalbums,Cd's,https://marketplace.apps-pilot.nl/l/cd-s-en-dvd-s/cd-s-verzamelalbums/,13221,15,15,Cd's,Verzamelalbums,
2,1343,,1744,cd-s-en-dvd-s,Cd's en Dvd's,cd-s-wereldmuziek,Cd's | Wereldmuziek,Wereldmuziek,Cd's,https://marketplace.apps-pilot.nl/l/cd-s-en-dvd-s/cd-s-wereldmuziek/,5169,0,0,Cd's,Wereldmuziek,
2,1107,,1744,cd-s-en-dvd-s,Cd's en Dvd's,dvd-s-actie,Dvd's | Actie,Actie,Dvd's,https://marketplace.apps-pilot.nl/l/cd-s-en-dvd-s/dvd-s-actie/,29905,7,7,Dvd's,Actie,
2,2619,,1744,cd-s-en-dvd-s,Cd's en Dvd's,dvd-s-avontuur,Dvd's | Avontuur,Avontuur,Dvd's,https://marketplace.apps-pilot.nl/l/cd-s-en-dvd-s/dvd-s-avontuur/,5215,0,0,Dvd's,Avontuur,
2,2720,,1744,cd-s-en-dvd-s,Cd's en Dvd's,dvd-s-cabaret-en-sketches,Dvd's | Cabaret en Sketches,Cabaret en Sketches,Dvd's,https://marketplace.apps-pilot.nl/l/cd-s-en-dvd-s/dvd-s-cabaret-en-sketches/,2845,0,0,Dvd's,Cabaret en Sketches,
2,1450,,1744,cd-s-en-dvd-s,Cd's en Dvd's,dvd-s-documentaire-en-educatief,Dvd's | Documentaire en Educatief,Documentaire en Educatief,Dvd's,https://marketplace.apps-pilot.nl/l/cd-s-en-dvd-s/dvd-s-documentaire-en-educatief/,10289,9,9,Dvd's,Documentaire en Educatief,
2,1451,,1744,cd-s-en-dvd-s,Cd's en Dvd's,dvd-s-drama,Dvd's | Drama,Drama,Dvd's,https://marketplace.apps-pilot.nl/l/cd-s-en-dvd-s/dvd-s-drama/,21141,4,4,Dvd's,Drama,
2,1750,,1744,cd-s-en-dvd-s,Cd's en Dvd's,dvd-s-filmhuis,Dvd's | Filmhuis,Filmhuis,Dvd's,https://marketplace.apps-pilot.nl/l/cd-s-en-dvd-s/dvd-s-filmhuis/,11137,0,0,Dvd's,Filmhuis,
2,1751,,1744,cd-s-en-dvd-s,Cd's en Dvd's,dvd-s-horror,Dvd's | Horror,Horror,Dvd's,https://marketplace.apps-pilot.nl/l/cd-s-en-dvd-s/dvd-s-horror/,8419,14,14,Dvd's,Horror,
2,602,,1744,cd-s-en-dvd-s,Cd's en Dvd's,dvd-s-kinderen-en-jeugd,Dvd's | Kinderen en Jeugd,Kinderen en Jeugd,Dvd's,https://marketplace.apps-pilot.nl/l/cd-s-en-dvd-s/dvd-s-kinderen-en-jeugd/,18338,12,12,Dvd's,Kinderen en Jeugd,
2,1754,,1744,cd-s-en-dvd-s,Cd's en Dvd's,dvd-s-klassiekers,Dvd's | Klassiekers,Klassiekers,Dvd's,https://marketplace.apps-pilot.nl/l/cd-s-en-dvd-s/dvd-s-klassiekers/,11816,12,12,Dvd's,Klassiekers,
2,1108,,1744,cd-s-en-dvd-s,Cd's en Dvd's,dvd-s-komedie,Dvd's | Komedie,Komedie,Dvd's,https://marketplace.apps-pilot.nl/l/cd-s-en-dvd-s/dvd-s-komedie/,16770,7,7,Dvd's,Komedie,
2,1109,,1744,cd-s-en-dvd-s,Cd's en Dvd's,dvd-s-muziek-en-concerten,Dvd's | Muziek en Concerten,Muziek en Concerten,Dvd's,https://marketplace.apps-pilot.nl/l/cd-s-en-dvd-s/dvd-s-muziek-en-concerten/,19504,0,0,Dvd's,Muziek en Concerten,
2,1752,,1744,cd-s-en-dvd-s,Cd's en Dvd's,dvd-s-nederlandstalig,Dvd's | Nederlandstalig,Nederlandstalig,Dvd's,https://marketplace.apps-pilot.nl/l/cd-s-en-dvd-s/dvd-s-nederlandstalig/,4218,11,11,Dvd's,Nederlandstalig,
2,1113,,1744,cd-s-en-dvd-s,Cd's en Dvd's,dvd-s-overige-dvd-s,Dvd's | Overige Dvd's,Overige Dvd's,Dvd's,https://marketplace.apps-pilot.nl/l/cd-s-en-dvd-s/dvd-s-overige-dvd-s/,23206,0,0,Dvd's,Overige Dvd's,
2,2122,,1744,cd-s-en-dvd-s,Cd's en Dvd's,dvd-s-religie-en-gospel,Dvd's | Religie en Gospel,Religie en Gospel,Dvd's,https://marketplace.apps-pilot.nl/l/cd-s-en-dvd-s/dvd-s-religie-en-gospel/,460,0,0,Dvd's,Religie en Gospel,
2,1753,,1744,cd-s-en-dvd-s,Cd's en Dvd's,dvd-s-science-fiction-en-fantasy,Dvd's | Science Fiction en Fantasy,Science Fiction en Fantasy,Dvd's,https://marketplace.apps-pilot.nl/l/cd-s-en-dvd-s/dvd-s-science-fiction-en-fantasy/,5834,10,10,Dvd's,Science Fiction en Fantasy,
2,810,,1744,cd-s-en-dvd-s,Cd's en Dvd's,dvd-s-sport-en-fitness,Dvd's | Sport en Fitness,Sport en Fitness,Dvd's,https://marketplace.apps-pilot.nl/l/cd-s-en-dvd-s/dvd-s-sport-en-fitness/,1192,0,0,Dvd's,Sport en Fitness,
2,1110,,1744,cd-s-en-dvd-s,Cd's en Dvd's,dvd-s-tekenfilms-en-animatie,Dvd's | Tekenfilms en Animatie,Tekenfilms en Animatie,Dvd's,https://marketplace.apps-pilot.nl/l/cd-s-en-dvd-s/dvd-s-tekenfilms-en-animatie/,12973,0,0,Dvd's,Tekenfilms en Animatie,
2,1111,,1744,cd-s-en-dvd-s,Cd's en Dvd's,dvd-s-thrillers-en-misdaad,Dvd's | Thrillers en Misdaad,Thrillers en Misdaad,Dvd's,https://marketplace.apps-pilot.nl/l/cd-s-en-dvd-s/dvd-s-thrillers-en-misdaad/,23833,10,10,Dvd's,Thrillers en Misdaad,
2,1112,,1744,cd-s-en-dvd-s,Cd's en Dvd's,dvd-s-tv-en-series,Dvd's | Tv en Series,Tv en Series,Dvd's,https://marketplace.apps-pilot.nl/l/cd-s-en-dvd-s/dvd-s-tv-en-series/,27441,10,10,Dvd's,Tv en Series,
2,1124,,1744,cd-s-en-dvd-s,Cd's en Dvd's,vhs-documentaire-tv-en-muziek,"VHS | Documentaire, Tv en Muziek","Documentaire, Tv en Muziek",VHS,https://marketplace.apps-pilot.nl/l/cd-s-en-dvd-s/vhs-documentaire-tv-en-muziek/,705,0,0,VHS,"Documentaire, Tv en Muziek",
2,1122,,1744,cd-s-en-dvd-s,Cd's en Dvd's,vhs-film,VHS | Film,Film,VHS,https://marketplace.apps-pilot.nl/l/cd-s-en-dvd-s/vhs-film/,12089,13,13,VHS,Film,
2,1125,,1744,cd-s-en-dvd-s,Cd's en Dvd's,vhs-kinderen-en-jeugd,VHS | Kinderen en Jeugd,Kinderen en Jeugd,VHS,https://marketplace.apps-pilot.nl/l/cd-s-en-dvd-s/vhs-kinderen-en-jeugd/,3562,0,0,VHS,Kinderen en Jeugd,
2,1380,,1744,cd-s-en-dvd-s,Cd's en Dvd's,vinyl-singles,Vinyl Singles,Singles,Vinyl,https://marketplace.apps-pilot.nl/l/cd-s-en-dvd-s/vinyl-singles/,193763,18,18,Vinyl Singles,,
2,1682,,1744,cd-s-en-dvd-s,Cd's en Dvd's,vinyl-country-en-western,Vinyl | Country en Western,Country en Western,Vinyl,https://marketplace.apps-pilot.nl/l/cd-s-en-dvd-s/vinyl-country-en-western/,5015,0,0,Vinyl,Country en Western,
2,1372,,1744,cd-s-en-dvd-s,Cd's en Dvd's,vinyl-dance-en-house,Vinyl | Dance en House,Dance en House,Vinyl,https://marketplace.apps-pilot.nl/l/cd-s-en-dvd-s/vinyl-dance-en-house/,4690,12,12,Vinyl,Dance en House,
2,1373,,1744,cd-s-en-dvd-s,Cd's en Dvd's,vinyl-filmmuziek-en-soundtracks,Vinyl | Filmmuziek en Soundtracks,Filmmuziek en Soundtracks,Vinyl,https://marketplace.apps-pilot.nl/l/cd-s-en-dvd-s/vinyl-filmmuziek-en-soundtracks/,4085,0,0,Vinyl,Filmmuziek en Soundtracks,
2,2719,,1744,cd-s-en-dvd-s,Cd's en Dvd's,vinyl-hardrock-en-metal,Vinyl | Hardrock en Metal,Hardrock en Metal,Vinyl,https://marketplace.apps-pilot.nl/l/cd-s-en-dvd-s/vinyl-hardrock-en-metal/,6218,0,0,Vinyl,Hardrock en Metal,
2,1374,,1744,cd-s-en-dvd-s,Cd's en Dvd's,vinyl-hiphop-en-rap,Vinyl | Hiphop en Rap,Hiphop en Rap,Vinyl,https://marketplace.apps-pilot.nl/l/cd-s-en-dvd-s/vinyl-hiphop-en-rap/,1882,0,0,Vinyl,Hiphop en Rap,
2,1375,,1744,cd-s-en-dvd-s,Cd's en Dvd's,vinyl-jazz-en-blues,Vinyl | Jazz en Blues,Jazz en Blues,Vinyl,https://marketplace.apps-pilot.nl/l/cd-s-en-dvd-s/vinyl-jazz-en-blues/,11333,5,5,Vinyl,Jazz en Blues,
2,2721,,1744,cd-s-en-dvd-s,Cd's en Dvd's,vinyl-kinderen-en-jeugd,Vinyl | Kinderen en Jeugd,Kinderen en Jeugd,Vinyl,https://marketplace.apps-pilot.nl/l/cd-s-en-dvd-s/vinyl-kinderen-en-jeugd/,932,0,0,Vinyl,Kinderen en Jeugd,
2,1376,,1744,cd-s-en-dvd-s,Cd's en Dvd's,vinyl-klassiek,Vinyl | Klassiek,Klassiek,Vinyl,https://marketplace.apps-pilot.nl/l/cd-s-en-dvd-s/vinyl-klassiek/,6750,0,0,Vinyl,Klassiek,
2,1762,,1744,cd-s-en-dvd-s,Cd's en Dvd's,vinyl-latin-en-salsa,Vinyl | Latin en Salsa,Latin en Salsa,Vinyl,https://marketplace.apps-pilot.nl/l/cd-s-en-dvd-s/vinyl-latin-en-salsa/,764,0,0,Vinyl,Latin en Salsa,
2,1377,,1744,cd-s-en-dvd-s,Cd's en Dvd's,vinyl-nederlandstalig,Vinyl | Nederlandstalig,Nederlandstalig,Vinyl,https://marketplace.apps-pilot.nl/l/cd-s-en-dvd-s/vinyl-nederlandstalig/,22301,13,13,Vinyl,Nederlandstalig,
2,1384,,1744,cd-s-en-dvd-s,Cd's en Dvd's,vinyl-overige-vinyl,Vinyl | Overige Vinyl,Overige Vinyl,Vinyl,https://marketplace.apps-pilot.nl/l/cd-s-en-dvd-s/vinyl-overige-vinyl/,17142,0,0,Vinyl,Overige Vinyl,
2,1378,,1744,cd-s-en-dvd-s,Cd's en Dvd's,vinyl-pop,Vinyl | Pop,Pop,Vinyl,https://marketplace.apps-pilot.nl/l/cd-s-en-dvd-s/vinyl-pop/,74077,0,0,Vinyl,Pop,
2,1763,,1744,cd-s-en-dvd-s,Cd's en Dvd's,vinyl-r-b-en-soul,Vinyl | R&B en Soul,R&B en Soul,Vinyl,https://marketplace.apps-pilot.nl/l/cd-s-en-dvd-s/vinyl-r-b-en-soul/,4803,4,4,Vinyl,R&B en Soul,
2,1379,,1744,cd-s-en-dvd-s,Cd's en Dvd's,vinyl-rock,Vinyl | Rock,Rock,Vinyl,https://marketplace.apps-pilot.nl/l/cd-s-en-dvd-s/vinyl-rock/,37158,14,14,Vinyl,Rock,
2,1382,,1744,cd-s-en-dvd-s,Cd's en Dvd's,vinyl-verzamelalbums,Vinyl | Verzamelalbums,Verzamelalbums,Vinyl,https://marketplace.apps-pilot.nl/l/cd-s-en-dvd-s/vinyl-verzamelalbums/,4797,16,16,Vinyl,Verzamelalbums,
2,1383,,1744,cd-s-en-dvd-s,Cd's en Dvd's,vinyl-wereldmuziek,Vinyl | Wereldmuziek,Wereldmuziek,Vinyl,https://marketplace.apps-pilot.nl/l/cd-s-en-dvd-s/vinyl-wereldmuziek/,4155,0,0,Vinyl,Wereldmuziek,
1,322,,322,computers-en-software,Computers en Software,computers-en-software,Computers en Software,,,https://marketplace.apps-pilot.nl/l/computers-en-software/,,0,0,Computers en Software,,
2,2842,,322,computers-en-software,Computers en Software,3d-printers,3D Printers,,Printers en Toebehoren,https://marketplace.apps-pilot.nl/l/computers-en-software/3d-printers/,2231,0,0,3D Printers,,
2,3034,,322,computers-en-software,Computers en Software,3d-printerbenodigheden,3D-printerbenodigheden,,Printers en Toebehoren,https://marketplace.apps-pilot.nl/l/computers-en-software/3d-printerbenodigheden/,1261,0,0,3D-printerbenodigheden,,
2,3022,,322,computers-en-software,Computers en Software,accesspoints,Accesspoints,,Netwerk en Internet,https://marketplace.apps-pilot.nl/l/computers-en-software/accesspoints/,935,0,0,Accesspoints,,
2,2724,,322,computers-en-software,Computers en Software,accu-s-en-batterijen,Accu's en Batterijen,,Laptops,https://marketplace.apps-pilot.nl/l/computers-en-software/accu-s-en-batterijen/,1459,0,0,Accu's en Batterijen,,
2,2844,,322,computers-en-software,Computers en Software,android-tablets,Android Tablets,,Tablets en E-readers,https://marketplace.apps-pilot.nl/l/computers-en-software/android-tablets/,2068,7,7,Android Tablets,,
2,371,,322,computers-en-software,Computers en Software,antivirus-en-beveiligingssoftware,Antivirus- en Beveiligingssoftware,,Software,https://marketplace.apps-pilot.nl/l/computers-en-software/antivirus-en-beveiligingssoftware/,156,0,0,Antivirus- en Beveiligingssoftware,,
2,324,,322,computers-en-software,Computers en Software,apple-desktops,Apple Desktops,,Computers,https://marketplace.apps-pilot.nl/l/computers-en-software/apple-desktops/,2241,9,9,Apple Desktops,,
2,325,,322,computers-en-software,Computers en Software,apple-macbooks,Apple Macbooks,,Laptops,https://marketplace.apps-pilot.nl/l/computers-en-software/apple-macbooks/,4774,4,4,Apple Macbooks,,
2,2722,2843,322,computers-en-software,Computers en Software,apple-ipads,Apple iPads,,Tablets en E-readers,https://marketplace.apps-pilot.nl/l/computers-en-software/apple-ipads/,5284,20,20,Apple iPads,,
2,373,,322,computers-en-software,Computers en Software,audio-software,Audio-software,Audio software,Software,https://marketplace.apps-pilot.nl/l/computers-en-software/audio-software/,216,0,0,Audio-software,,
2,3016,,322,computers-en-software,Computers en Software,barebones,Barebones,,Computeronderdelen,https://marketplace.apps-pilot.nl/l/computers-en-software/barebones/,38,0,0,Barebones,,
2,1415,,322,computers-en-software,Computers en Software,beschrijfbare-discs,Beschrijfbare discs,,Opslag,https://marketplace.apps-pilot.nl/l/computers-en-software/beschrijfbare-discs/,1126,0,0,Beschrijfbare discs,,
2,358,359,322,computers-en-software,Computers en Software,besturingssoftware,Besturingssoftware,,Software,https://marketplace.apps-pilot.nl/l/computers-en-software/besturingssoftware/,390,0,0,Besturingssoftware,,
2,3086,,322,computers-en-software,Computers en Software,capture-cards,Capture cards,,Randapparatuur en Accessoires,https://marketplace.apps-pilot.nl/l/computers-en-software/capture-cards/,197,0,0,Capture cards,,
2,3020,,322,computers-en-software,Computers en Software,chromebooks,Chromebooks,,Laptops,https://marketplace.apps-pilot.nl/l/computers-en-software/chromebooks/,1706,0,0,Chromebooks,,
2,326,,322,computers-en-software,Computers en Software,computerbehuizingen,Computerbehuizingen,,Computeronderdelen,https://marketplace.apps-pilot.nl/l/computers-en-software/computerbehuizingen/,2548,0,0,Computerbehuizingen,,
2,3018,,322,computers-en-software,Computers en Software,computerkoelers,Computerkoelers,,Computeronderdelen,https://marketplace.apps-pilot.nl/l/computers-en-software/computerkoelers/,2492,3,3,Computerkoelers,,
2,328,,322,computers-en-software,Computers en Software,desktop-pc-s,Desktop Pc's,,Computers,https://marketplace.apps-pilot.nl/l/computers-en-software/desktop-pc-s/,8756,2,2,Desktop Pc's,,
2,3038,,322,computers-en-software,Computers en Software,dockingstations,Dockingstations,,Randapparatuur en Accessoires,https://marketplace.apps-pilot.nl/l/computers-en-software/dockingstations/,2391,2,2,Dockingstations,,
2,2620,,322,computers-en-software,Computers en Software,e-readers,E-readers,,Tablets en E-readers,https://marketplace.apps-pilot.nl/l/computers-en-software/e-readers/,1126,0,0,E-readers,,
2,1475,,322,computers-en-software,Computers en Software,educatie-en-cursussoftware,Educatie- en Cursussoftware,,Software,https://marketplace.apps-pilot.nl/l/computers-en-software/educatie-en-cursussoftware/,155,0,0,Educatie- en Cursussoftware,,
2,3014,,322,computers-en-software,Computers en Software,geheugenkaartlezers,Geheugenkaartlezers,,Computeronderdelen,https://marketplace.apps-pilot.nl/l/computers-en-software/geheugenkaartlezers/,220,0,0,Geheugenkaartlezers,,
2,3013,,322,computers-en-software,Computers en Software,geluidskaarten,Geluidskaarten,,Computeronderdelen,https://marketplace.apps-pilot.nl/l/computers-en-software/geluidskaarten/,375,0,0,Geluidskaarten,,
2,333,,322,computers-en-software,Computers en Software,harde-schijven,Harde schijven,,Computeronderdelen,https://marketplace.apps-pilot.nl/l/computers-en-software/harde-schijven/,5289,2,2,Harde schijven,,
2,3037,,322,computers-en-software,Computers en Software,headsets,Headsets,,Randapparatuur en Accessoires,https://marketplace.apps-pilot.nl/l/computers-en-software/headsets/,1729,3,3,Headsets,,
2,3019,,322,computers-en-software,Computers en Software,interne-voedingen,Interne voedingen,,Computeronderdelen,https://marketplace.apps-pilot.nl/l/computers-en-software/interne-voedingen/,2582,0,0,Interne voedingen,,
2,3036,,322,computers-en-software,Computers en Software,joysticks,Joysticks,,Randapparatuur en Accessoires,https://marketplace.apps-pilot.nl/l/computers-en-software/joysticks/,1563,0,0,Joysticks,,
2,3032,,322,computers-en-software,Computers en Software,labelprinters,Labelprinters,,Printers en Toebehoren,https://marketplace.apps-pilot.nl/l/computers-en-software/labelprinters/,950,0,0,Labelprinters,,
2,1653,,322,computers-en-software,Computers en Software,laptop-opladers,Laptop-opladers,,Laptops,https://marketplace.apps-pilot.nl/l/computers-en-software/laptop-opladers/,6373,0,0,Laptop-opladers,,
2,3030,,322,computers-en-software,Computers en Software,laptophoezen,Laptophoezen,,Laptops,https://marketplace.apps-pilot.nl/l/computers-en-software/laptophoezen/,623,6,6,Laptophoezen,,
2,3029,,322,computers-en-software,Computers en Software,laptopstandaarden,Laptopstandaarden,,Laptops,https://marketplace.apps-pilot.nl/l/computers-en-software/laptopstandaarden/,1291,0,0,Laptopstandaarden,,
2,3028,,322,computers-en-software,Computers en Software,laptoptafels,Laptoptafels,,Laptops,https://marketplace.apps-pilot.nl/l/computers-en-software/laptoptafels/,367,0,0,Laptoptafels,,
2,1654,,322,computers-en-software,Computers en Software,laptoptassen,Laptoptassen,,Laptops,https://marketplace.apps-pilot.nl/l/computers-en-software/laptoptassen/,3876,6,6,Laptoptassen,,
2,335,,322,computers-en-software,Computers en Software,moederborden,Moederborden,,Computeronderdelen,https://marketplace.apps-pilot.nl/l/computers-en-software/moederborden/,2402,0,0,Moederborden,,
2,336,,322,computers-en-software,Computers en Software,monitoren,Monitoren,,Randapparatuur en Accessoires,https://marketplace.apps-pilot.nl/l/computers-en-software/monitoren/,14507,6,6,Monitoren,,
2,3035,,322,computers-en-software,Computers en Software,muismatten,Muismatten,,Randapparatuur en Accessoires,https://marketplace.apps-pilot.nl/l/computers-en-software/muismatten/,542,0,0,Muismatten,,
2,1727,,322,computers-en-software,Computers en Software,muizen,Muizen,,Randapparatuur en Accessoires,https://marketplace.apps-pilot.nl/l/computers-en-software/muizen/,4299,0,0,Muizen,,
2,3017,,322,computers-en-software,Computers en Software,nas,NAS,,Computeronderdelen,https://marketplace.apps-pilot.nl/l/computers-en-software/nas/,444,0,0,NAS,,
2,1477,,322,computers-en-software,Computers en Software,navigatiesoftware,Navigatiesoftware,,Software,https://marketplace.apps-pilot.nl/l/computers-en-software/navigatiesoftware/,560,0,0,Navigatiesoftware,,
2,338,,322,computers-en-software,Computers en Software,netwerk-switches,Netwerk switches,,Netwerk en Internet,https://marketplace.apps-pilot.nl/l/computers-en-software/netwerk-switches/,4346,0,0,Netwerk switches,,
2,3015,,322,computers-en-software,Computers en Software,netwerkkaarten,Netwerkkaarten,,Computeronderdelen,https://marketplace.apps-pilot.nl/l/computers-en-software/netwerkkaarten/,1276,0,0,Netwerkkaarten,,
2,2841,,322,computers-en-software,Computers en Software,noodvoedingen-ups,Noodvoedingen (UPS),,Randapparatuur en Accessoires,https://marketplace.apps-pilot.nl/l/computers-en-software/noodvoedingen-ups/,487,0,0,Noodvoedingen (UPS),,
2,3039,,322,computers-en-software,Computers en Software,office-software,Office-software,,Software,https://marketplace.apps-pilot.nl/l/computers-en-software/office-software/,180,0,0,Office-software,,
2,369,,322,computers-en-software,Computers en Software,ontwerp-en-bewerkingssoftware,Ontwerp- en Bewerkingssoftware,,Software,https://marketplace.apps-pilot.nl/l/computers-en-software/ontwerp-en-bewerkingssoftware/,800,0,0,Ontwerp- en Bewerkingssoftware,,
2,350,,322,computers-en-software,Computers en Software,optische-drives,Optische drives,,Randapparatuur en Accessoires,https://marketplace.apps-pilot.nl/l/computers-en-software/optische-drives/,668,0,0,Optische drives,,
2,341,"374,1726,1728",322,computers-en-software,Computers en Software,overige-computers-en-software,Overige Computers en Software,,Overige,https://marketplace.apps-pilot.nl/l/computers-en-software/overige-computers-en-software/,5928,0,0,Overige Computers en Software,,
2,332,,322,computers-en-software,Computers en Software,pc-speakers,Pc speakers,,Randapparatuur en Accessoires,https://marketplace.apps-pilot.nl/l/computers-en-software/pc-speakers/,1534,0,0,Pc speakers,,
2,1658,,322,computers-en-software,Computers en Software,pc-en-netwerkkabels,Pc- en Netwerkkabels,,Netwerk en Internet,https://marketplace.apps-pilot.nl/l/computers-en-software/pc-en-netwerkkabels/,12809,0,0,Pc- en Netwerkkabels,,
2,3033,,322,computers-en-software,Computers en Software,pocketprinters,Pocketprinters,,Printers en Toebehoren,https://marketplace.apps-pilot.nl/l/computers-en-software/pocketprinters/,99,0,0,Pocketprinters,,
2,3023,,322,computers-en-software,Computers en Software,powerlines,Powerlines,,Netwerk en Internet,https://marketplace.apps-pilot.nl/l/computers-en-software/powerlines/,558,0,0,Powerlines,,
2,3027,,322,computers-en-software,Computers en Software,presenters,Presenters,,Randapparatuur en Accessoires,https://marketplace.apps-pilot.nl/l/computers-en-software/presenters/,105,0,0,Presenters,,
2,1416,,322,computers-en-software,Computers en Software,printerbenodigdheden,Printerbenodigdheden,,Printers en Toebehoren,https://marketplace.apps-pilot.nl/l/computers-en-software/printerbenodigdheden/,10688,5,5,Printerbenodigdheden,,
2,342,,322,computers-en-software,Computers en Software,printers,Printers,,Printers en Toebehoren,https://marketplace.apps-pilot.nl/l/computers-en-software/printers/,7161,6,6,Printers,,
2,343,,322,computers-en-software,Computers en Software,processors,Processors,,Computeronderdelen,https://marketplace.apps-pilot.nl/l/computers-en-software/processors/,2412,0,0,Processors,,
2,331,,322,computers-en-software,Computers en Software,ram-geheugen,RAM geheugen,,Computeronderdelen,https://marketplace.apps-pilot.nl/l/computers-en-software/ram-geheugen/,6900,6,6,RAM geheugen,,
2,334,,322,computers-en-software,Computers en Software,routers-en-modems,Routers en Modems,,Randapparatuur en Accessoires,https://marketplace.apps-pilot.nl/l/computers-en-software/routers-en-modems/,7138,0,0,Routers en Modems,,
2,344,,322,computers-en-software,Computers en Software,scanners,Scanners,,Printers en Toebehoren,https://marketplace.apps-pilot.nl/l/computers-en-software/scanners/,788,0,0,Scanners,,
2,3012,,322,computers-en-software,Computers en Software,serverkasten,Serverkasten,,Computeronderdelen,https://marketplace.apps-pilot.nl/l/computers-en-software/serverkasten/,372,0,0,Serverkasten,,
2,1417,,322,computers-en-software,Computers en Software,servers,Servers,,Computers,https://marketplace.apps-pilot.nl/l/computers-en-software/servers/,911,0,0,Servers,,
2,2845,"2846,2847,2848",322,computers-en-software,Computers en Software,tablet-hoezen,Tablet-hoezen,,Tablets en E-readers,https://marketplace.apps-pilot.nl/l/computers-en-software/tablet-hoezen/,2400,0,0,Tablet-hoezen,,
2,3031,,322,computers-en-software,Computers en Software,tekentablets,Tekentablets,,Tablets en E-readers,https://marketplace.apps-pilot.nl/l/computers-en-software/tekentablets/,906,0,0,Tekentablets,,
2,352,,322,computers-en-software,Computers en Software,toetsenborden,Toetsenborden,,Randapparatuur en Accessoires,https://marketplace.apps-pilot.nl/l/computers-en-software/toetsenborden/,7169,5,5,Toetsenborden,,
2,1418,,322,computers-en-software,Computers en Software,usb-sticks,USB Sticks,,Opslag,https://marketplace.apps-pilot.nl/l/computers-en-software/usb-sticks/,954,0,0,USB Sticks,,
2,353,,322,computers-en-software,Computers en Software,videokaarten,Videokaarten,,Computeronderdelen,https://marketplace.apps-pilot.nl/l/computers-en-software/videokaarten/,3404,3,3,Videokaarten,,
2,327,2030,322,computers-en-software,Computers en Software,vintage-computers,Vintage Computers,,Computers,https://marketplace.apps-pilot.nl/l/computers-en-software/vintage-computers/,2505,0,0,Vintage Computers,,
2,354,,322,computers-en-software,Computers en Software,webcams,Webcams,,Randapparatuur en Accessoires,https://marketplace.apps-pilot.nl/l/computers-en-software/webcams/,826,0,0,Webcams,,
2,3024,,322,computers-en-software,Computers en Software,wifi-versterkers,WiFi-versterkers,,Netwerk en Internet,https://marketplace.apps-pilot.nl/l/computers-en-software/wifi-versterkers/,2153,0,0,WiFi-versterkers,,
2,339,2077,322,computers-en-software,Computers en Software,windows-laptops,Windows Laptops,,Laptops,https://marketplace.apps-pilot.nl/l/computers-en-software/windows-laptops/,14027,1,1,Windows Laptops,,
2,2723,,322,computers-en-software,Computers en Software,windows-tablets,Windows Tablets,,Tablets en E-readers,https://marketplace.apps-pilot.nl/l/computers-en-software/windows-tablets/,1918,6,6,Windows Tablets,,
1,378,,378,contacten-en-berichten,Contacten en Berichten,contacten-en-berichten,Contacten en Berichten,,,https://marketplace.apps-pilot.nl/l/contacten-en-berichten/,,0,0,Contacten en Berichten,,
2,379,,378,contacten-en-berichten,Contacten en Berichten,advies-en-oproepen,Advies en Oproepen,,Gezocht en Oproepen,https://marketplace.apps-pilot.nl/l/contacten-en-berichten/advies-en-oproepen/,41,0,0,Advies en Oproepen,,
2,1353,,378,contacten-en-berichten,Contacten en Berichten,contact-kwijt-en-opsporing,Contact kwijt en Opsporing,Contact en Opsporing,Opsporing,https://marketplace.apps-pilot.nl/l/contacten-en-berichten/contact-kwijt-en-opsporing/,31,0,0,Contact kwijt en Opsporing,,
2,1469,,378,contacten-en-berichten,Contacten en Berichten,dating-websites-en-sms,Dating | Websites en SMS,Websites en SMS,"Dating, Uitgaan en Relaties",https://marketplace.apps-pilot.nl/l/contacten-en-berichten/dating-websites-en-sms/,9,0,0,Dating,Websites en SMS,
2,380,,378,contacten-en-berichten,Contacten en Berichten,evenementen,Evenementen,,Feesten en Evenementen,https://marketplace.apps-pilot.nl/l/contacten-en-berichten/evenementen/,8,0,0,Evenementen,,
2,1662,,378,contacten-en-berichten,Contacten en Berichten,gevonden-voorwerpen,Gevonden voorwerpen,,Opsporing,https://marketplace.apps-pilot.nl/l/contacten-en-berichten/gevonden-voorwerpen/,52,0,0,Gevonden voorwerpen,,
2,2078,,378,contacten-en-berichten,Contacten en Berichten,huisgenoten-gezocht,Huisgenoten gezocht,Huisgenoten,Gezocht en Oproepen,https://marketplace.apps-pilot.nl/l/contacten-en-berichten/huisgenoten-gezocht/,36,0,0,Huisgenoten gezocht,,
2,385,,378,contacten-en-berichten,Contacten en Berichten,man-zoekt-man,Man zoekt Man,,"Dating, Uitgaan en Relaties",https://marketplace.apps-pilot.nl/l/contacten-en-berichten/man-zoekt-man/,3,0,0,Man zoekt Man,,
2,386,,378,contacten-en-berichten,Contacten en Berichten,man-zoekt-vrouw,Man zoekt Vrouw,,"Dating, Uitgaan en Relaties",https://marketplace.apps-pilot.nl/l/contacten-en-berichten/man-zoekt-vrouw/,33,0,0,Man zoekt Vrouw,,
2,1470,,378,contacten-en-berichten,Contacten en Berichten,muziek-maken-en-bandleden,Muziek maken en Bandleden,Muziek en Bandleden,Gezocht en Oproepen,https://marketplace.apps-pilot.nl/l/contacten-en-berichten/muziek-maken-en-bandleden/,212,0,0,Muziek maken en Bandleden,,
2,390,,378,contacten-en-berichten,Contacten en Berichten,reisgenoten-en-carpoolers,Reisgenoten en Carpoolers,Reisgenoten,Gezocht en Oproepen,https://marketplace.apps-pilot.nl/l/contacten-en-berichten/reisgenoten-en-carpoolers/,32,0,0,Reisgenoten en Carpoolers,,
2,391,,378,contacten-en-berichten,Contacten en Berichten,reunies,Reünies,,Opsporing,https://marketplace.apps-pilot.nl/l/contacten-en-berichten/reunies/,1,0,0,Reünies,,
2,1473,,378,contacten-en-berichten,Contacten en Berichten,sport-en-hobby-oproepen,Sport en Hobby oproepen,Sport en Hobby,Gezocht en Oproepen,https://marketplace.apps-pilot.nl/l/contacten-en-berichten/sport-en-hobby-oproepen/,60,0,0,Sport en Hobby oproepen,,
2,1661,,378,contacten-en-berichten,Contacten en Berichten,thuisparty-s,Thuisparty's,,Feesten en Evenementen,https://marketplace.apps-pilot.nl/l/contacten-en-berichten/thuisparty-s/,1,0,0,Thuisparty's,,
2,1474,,378,contacten-en-berichten,Contacten en Berichten,uitgaan,Uitgaan,,"Dating, Uitgaan en Relaties",https://marketplace.apps-pilot.nl/l/contacten-en-berichten/uitgaan/,1,0,0,Uitgaan,,
2,1396,,378,contacten-en-berichten,Contacten en Berichten,vriendschappen,Vriendschappen,,"Dating, Uitgaan en Relaties",https://marketplace.apps-pilot.nl/l/contacten-en-berichten/vriendschappen/,13,0,0,Vriendschappen,,
2,393,,378,contacten-en-berichten,Contacten en Berichten,vrouw-zoekt-man,Vrouw zoekt Man,,"Dating, Uitgaan en Relaties",https://marketplace.apps-pilot.nl/l/contacten-en-berichten/vrouw-zoekt-man/,32,0,0,Vrouw zoekt Man,,
2,394,,378,contacten-en-berichten,Contacten en Berichten,vrouw-zoekt-vrouw,Vrouw zoekt Vrouw,,"Dating, Uitgaan en Relaties",https://marketplace.apps-pilot.nl/l/contacten-en-berichten/vrouw-zoekt-vrouw/,3,0,0,Vrouw zoekt Vrouw,,
1,1098,,1098,diensten-en-vakmensen,Diensten en Vakmensen,diensten-en-vakmensen,Diensten en Vakmensen,,,https://marketplace.apps-pilot.nl/l/diensten-en-vakmensen/,,0,0,Diensten en Vakmensen,,
2,1205,,1098,diensten-en-vakmensen,Diensten en Vakmensen,aannemers,Aannemers,,Huis en Tuin,https://marketplace.apps-pilot.nl/l/diensten-en-vakmensen/aannemers/,581,0,0,Aannemers,,
2,2079,,1098,diensten-en-vakmensen,Diensten en Vakmensen,alarminstallateurs-en-beveiliging,Alarminstallateurs en Beveiliging,Alarm en Beveiliging,Huis en Tuin,https://marketplace.apps-pilot.nl/l/diensten-en-vakmensen/alarminstallateurs-en-beveiliging/,46,0,0,Alarminstallateurs en Beveiliging,,
2,2054,,1098,diensten-en-vakmensen,Diensten en Vakmensen,alternatieve-geneeskunde-en-spiritualiteit,Alternatieve geneeskunde en Spiritualiteit,Alternatieve geneeskunde,"Welzijn, Uiterlijk en Verzorging",https://marketplace.apps-pilot.nl/l/diensten-en-vakmensen/alternatieve-geneeskunde-en-spiritualiteit/,65,5,5,Alternatieve geneeskunde en Spiritualiteit,,
2,1189,,1098,diensten-en-vakmensen,Diensten en Vakmensen,auto-en-motor-monteurs-en-garages,Auto en Motor | Monteurs en Garages,Automonteurs en Garages,Diensten en Vakmensen,https://marketplace.apps-pilot.nl/l/diensten-en-vakmensen/auto-en-motor-monteurs-en-garages/,1456,0,0,Auto en Motor,Monteurs en Garages,
2,2037,,1098,diensten-en-vakmensen,Diensten en Vakmensen,auto-en-motor-poetsers-en-wassers,Auto en Motor | Poetsers en Wassers,Autopoetsers en Autowassers,Diensten en Vakmensen,https://marketplace.apps-pilot.nl/l/diensten-en-vakmensen/auto-en-motor-poetsers-en-wassers/,131,0,0,Auto en Motor,Poetsers en Wassers,
2,2038,,1098,diensten-en-vakmensen,Diensten en Vakmensen,auto-en-motor-schadeherstellers-en-spuiterijen,Auto en Motor | Schadeherstellers en Spuiterijen,Schadeherstellers en Spuiterijen,Diensten en Vakmensen,https://marketplace.apps-pilot.nl/l/diensten-en-vakmensen/auto-en-motor-schadeherstellers-en-spuiterijen/,176,0,0,Auto en Motor,Schadeherstellers en Spuiterijen,
2,1191,,1098,diensten-en-vakmensen,Diensten en Vakmensen,bijles-prive-les-en-taalles,"Bijles, Privé-les en Taalles",Bijles en Taalles,Diensten en Vakmensen,https://marketplace.apps-pilot.nl/l/diensten-en-vakmensen/bijles-prive-les-en-taalles/,1762,5,5,"Bijles, Privé-les en Taalles",,
2,1708,,1098,diensten-en-vakmensen,Diensten en Vakmensen,bloemisten-en-geschenken,Bloemisten en Geschenken,,"Feest, Uitjes en Vrije tijd",https://marketplace.apps-pilot.nl/l/diensten-en-vakmensen/bloemisten-en-geschenken/,9,0,0,Bloemisten en Geschenken,,
2,1187,,1098,diensten-en-vakmensen,Diensten en Vakmensen,boekhouders-en-administrateurs,Boekhouders en Administrateurs,Boekhouders,Zakelijke diensten,https://marketplace.apps-pilot.nl/l/diensten-en-vakmensen/boekhouders-en-administrateurs/,160,0,0,Boekhouders en Administrateurs,,
2,2080,,1098,diensten-en-vakmensen,Diensten en Vakmensen,bouwkundig-adviseurs-en-architecten,Bouwkundig adviseurs en Architecten,Bouwkundigen en Architecten,Zakelijke diensten,https://marketplace.apps-pilot.nl/l/diensten-en-vakmensen/bouwkundig-adviseurs-en-architecten/,103,0,0,Bouwkundig adviseurs en Architecten,,
2,2081,,1098,diensten-en-vakmensen,Diensten en Vakmensen,coaching-en-persoonlijke-effectiviteit,Coaching en Persoonlijke effectiviteit,Coaching,"Cursus, Workshop en Les",https://marketplace.apps-pilot.nl/l/diensten-en-vakmensen/coaching-en-persoonlijke-effectiviteit/,46,2,2,Coaching en Persoonlijke effectiviteit,,
2,1195,,1098,diensten-en-vakmensen,Diensten en Vakmensen,computer-en-internet-experts,Computer en Internet experts,,Diensten en Vakmensen,https://marketplace.apps-pilot.nl/l/diensten-en-vakmensen/computer-en-internet-experts/,527,0,0,Computer en Internet experts,,
2,1210,,1098,diensten-en-vakmensen,Diensten en Vakmensen,cursussen-en-workshops,Cursussen en Workshops,,"Cursus, Workshop en Les",https://marketplace.apps-pilot.nl/l/diensten-en-vakmensen/cursussen-en-workshops/,138,0,0,Cursussen en Workshops,,
2,2039,,1098,diensten-en-vakmensen,Diensten en Vakmensen,dakdekkers-en-rietdekkers,Dakdekkers en Rietdekkers,,Huis en Tuin,https://marketplace.apps-pilot.nl/l/diensten-en-vakmensen/dakdekkers-en-rietdekkers/,326,0,0,Dakdekkers en Rietdekkers,,
2,2611,,1098,diensten-en-vakmensen,Diensten en Vakmensen,detectivebureaus,Detectivebureaus,,Zakelijke diensten,https://marketplace.apps-pilot.nl/l/diensten-en-vakmensen/detectivebureaus/,3,0,0,Detectivebureaus,,
2,2040,,1098,diensten-en-vakmensen,Diensten en Vakmensen,dieren-honden-verzorging-oppas-en-les,"Dieren | Honden | Verzorging, Oppas en Les",Honden,"Huishouden, Gezin en Dier",https://marketplace.apps-pilot.nl/l/diensten-en-vakmensen/dieren-honden-verzorging-oppas-en-les/,328,0,0,Dieren,Honden,"Verzorging, Oppas en Les"
2,2082,,1098,diensten-en-vakmensen,Diensten en Vakmensen,dieren-katten-verzorging-oppas-en-les,"Dieren | Katten | Verzorging, Oppas en Les",Katten,"Huishouden, Gezin en Dier",https://marketplace.apps-pilot.nl/l/diensten-en-vakmensen/dieren-katten-verzorging-oppas-en-les/,106,0,0,Dieren,Katten,"Verzorging, Oppas en Les"
2,1196,,1098,diensten-en-vakmensen,Diensten en Vakmensen,dieren-overige-verzorging-oppas-en-les,"Dieren | Overige | Verzorging, Oppas en Les",Overige,"Huishouden, Gezin en Dier",https://marketplace.apps-pilot.nl/l/diensten-en-vakmensen/dieren-overige-verzorging-oppas-en-les/,130,0,0,Dieren,Overige,"Verzorging, Oppas en Les"
2,2041,,1098,diensten-en-vakmensen,Diensten en Vakmensen,dieren-paarden-verzorging-oppas-en-les,"Dieren | Paarden | Verzorging, Oppas en Les",Paarden,"Huishouden, Gezin en Dier",https://marketplace.apps-pilot.nl/l/diensten-en-vakmensen/dieren-paarden-verzorging-oppas-en-les/,417,0,0,Dieren,Paarden,"Verzorging, Oppas en Les"
2,1201,,1098,diensten-en-vakmensen,Diensten en Vakmensen,drukwerk-en-grafisch-ontwerpers,Drukwerk en Grafisch ontwerpers,,Zakelijke diensten,https://marketplace.apps-pilot.nl/l/diensten-en-vakmensen/drukwerk-en-grafisch-ontwerpers/,63,0,0,Drukwerk en Grafisch ontwerpers,,
2,2608,,1098,diensten-en-vakmensen,Diensten en Vakmensen,edelsmeden-en-sieradenmakers,Edelsmeden en Sieradenmakers,,Diensten en Vakmensen,https://marketplace.apps-pilot.nl/l/diensten-en-vakmensen/edelsmeden-en-sieradenmakers/,22,0,0,Edelsmeden en Sieradenmakers,,
2,1633,,1098,diensten-en-vakmensen,Diensten en Vakmensen,elektriciens,Elektriciens,,Huis en Tuin,https://marketplace.apps-pilot.nl/l/diensten-en-vakmensen/elektriciens/,497,0,0,Elektriciens,,
2,1421,,1098,diensten-en-vakmensen,Diensten en Vakmensen,fietsenmakers-en-bromfietsenmakers,Fietsenmakers en Bromfietsenmakers,,Auto en Vervoer,https://marketplace.apps-pilot.nl/l/diensten-en-vakmensen/fietsenmakers-en-bromfietsenmakers/,96,0,0,Fietsenmakers en Bromfietsenmakers,,
2,2042,,1098,diensten-en-vakmensen,Diensten en Vakmensen,film-en-videobewerking,Film- en Videobewerking,,Diensten en Vakmensen,https://marketplace.apps-pilot.nl/l/diensten-en-vakmensen/film-en-videobewerking/,92,0,0,Film- en Videobewerking,,
2,1199,,1098,diensten-en-vakmensen,Diensten en Vakmensen,fotografen,Fotografen,,Diensten en Vakmensen,https://marketplace.apps-pilot.nl/l/diensten-en-vakmensen/fotografen/,175,0,0,Fotografen,,
2,1198,,1098,diensten-en-vakmensen,Diensten en Vakmensen,geld-en-leningen,Geld en Leningen,,Zakelijke diensten,https://marketplace.apps-pilot.nl/l/diensten-en-vakmensen/geld-en-leningen/,53,0,0,Geld en Leningen,,
2,2043,,1098,diensten-en-vakmensen,Diensten en Vakmensen,gevelrenovatie-en-voegers,Gevelrenovatie en Voegers,,Huis en Tuin,https://marketplace.apps-pilot.nl/l/diensten-en-vakmensen/gevelrenovatie-en-voegers/,97,0,0,Gevelrenovatie en Voegers,,
2,2044,,1098,diensten-en-vakmensen,Diensten en Vakmensen,glaszetters,Glaszetters,,Huis en Tuin,https://marketplace.apps-pilot.nl/l/diensten-en-vakmensen/glaszetters/,48,0,0,Glaszetters,,
2,1427,,1098,diensten-en-vakmensen,Diensten en Vakmensen,groepsuitjes-en-personeelsfeesten,Groepsuitjes en Personeelsfeesten,Groepsuitjes,"Feest, Uitjes en Vrije tijd",https://marketplace.apps-pilot.nl/l/diensten-en-vakmensen/groepsuitjes-en-personeelsfeesten/,30,0,0,Groepsuitjes en Personeelsfeesten,,
2,1202,,1098,diensten-en-vakmensen,Diensten en Vakmensen,huishoudelijke-hulp,Huishoudelijke hulp,,"Huishouden, Gezin en Dier",https://marketplace.apps-pilot.nl/l/diensten-en-vakmensen/huishoudelijke-hulp/,547,0,0,Huishoudelijke hulp,,
2,1097,,1098,diensten-en-vakmensen,Diensten en Vakmensen,hypotheken-en-verzekeringen,Hypotheken en Verzekeringen,,Zakelijke diensten,https://marketplace.apps-pilot.nl/l/diensten-en-vakmensen/hypotheken-en-verzekeringen/,5,0,0,Hypotheken en Verzekeringen,,
2,1225,,1098,diensten-en-vakmensen,Diensten en Vakmensen,interieuradviseurs,Interieuradviseurs,,Huis en Tuin,https://marketplace.apps-pilot.nl/l/diensten-en-vakmensen/interieuradviseurs/,30,2,2,Interieuradviseurs,,
2,1203,,1098,diensten-en-vakmensen,Diensten en Vakmensen,juristen-en-notarissen,Juristen en Notarissen,,Zakelijke diensten,https://marketplace.apps-pilot.nl/l/diensten-en-vakmensen/juristen-en-notarissen/,12,0,0,Juristen en Notarissen,,
2,1634,,1098,diensten-en-vakmensen,Diensten en Vakmensen,kappers-en-thuiskappers,Kappers en Thuiskappers,,"Welzijn, Uiterlijk en Verzorging",https://marketplace.apps-pilot.nl/l/diensten-en-vakmensen/kappers-en-thuiskappers/,318,0,0,Kappers en Thuiskappers,,
2,2084,,1098,diensten-en-vakmensen,Diensten en Vakmensen,kinderfeestjes-en-entertainers,Kinderfeestjes en Entertainers,Kinderfeestjes,"Feest, Uitjes en Vrije tijd",https://marketplace.apps-pilot.nl/l/diensten-en-vakmensen/kinderfeestjes-en-entertainers/,121,0,0,Kinderfeestjes en Entertainers,,
2,2612,,1098,diensten-en-vakmensen,Diensten en Vakmensen,kledingadvies-en-stylisten,Kledingadvies en Stylisten,,"Welzijn, Uiterlijk en Verzorging",https://marketplace.apps-pilot.nl/l/diensten-en-vakmensen/kledingadvies-en-stylisten/,,0,0,Kledingadvies en Stylisten,,
2,2045,,1098,diensten-en-vakmensen,Diensten en Vakmensen,kleermakers-en-kledingontwerpers,Kleermakers en Kledingontwerpers,,"Welzijn, Uiterlijk en Verzorging",https://marketplace.apps-pilot.nl/l/diensten-en-vakmensen/kleermakers-en-kledingontwerpers/,24,0,0,Kleermakers en Kledingontwerpers,,
2,1192,,1098,diensten-en-vakmensen,Diensten en Vakmensen,klussers-en-klusbedrijven,Klussers en Klusbedrijven,,Huis en Tuin,https://marketplace.apps-pilot.nl/l/diensten-en-vakmensen/klussers-en-klusbedrijven/,1485,0,0,Klussers en Klusbedrijven,,
2,1204,,1098,diensten-en-vakmensen,Diensten en Vakmensen,koeriers-chauffeurs-en-taxi-s,"Koeriers, Chauffeurs en Taxi's",Chauffeurs en Taxi's,Auto en Vervoer,https://marketplace.apps-pilot.nl/l/diensten-en-vakmensen/koeriers-chauffeurs-en-taxi-s/,580,0,0,"Koeriers, Chauffeurs en Taxi's",,
2,1423,,1098,diensten-en-vakmensen,Diensten en Vakmensen,kunstenaars-en-portretschilders,Kunstenaars en Portretschilders,,Diensten en Vakmensen,https://marketplace.apps-pilot.nl/l/diensten-en-vakmensen/kunstenaars-en-portretschilders/,35,0,0,Kunstenaars en Portretschilders,,
2,2607,,1098,diensten-en-vakmensen,Diensten en Vakmensen,lassers-en-metaalbewerking,Lassers en Metaalbewerking,,Huis en Tuin,https://marketplace.apps-pilot.nl/l/diensten-en-vakmensen/lassers-en-metaalbewerking/,165,0,0,Lassers en Metaalbewerking,,
2,1635,,1098,diensten-en-vakmensen,Diensten en Vakmensen,loodgieters-en-installateurs,Loodgieters en Installateurs,,Huis en Tuin,https://marketplace.apps-pilot.nl/l/diensten-en-vakmensen/loodgieters-en-installateurs/,655,0,0,Loodgieters en Installateurs,,
2,1424,,1098,diensten-en-vakmensen,Diensten en Vakmensen,makelaars-en-taxateurs,Makelaars en Taxateurs,,Zakelijke diensten,https://marketplace.apps-pilot.nl/l/diensten-en-vakmensen/makelaars-en-taxateurs/,52,1,1,Makelaars en Taxateurs,,
2,1425,,1098,diensten-en-vakmensen,Diensten en Vakmensen,muziekles-en-zangles,Muziekles en Zangles,,"Cursus, Workshop en Les",https://marketplace.apps-pilot.nl/l/diensten-en-vakmensen/muziekles-en-zangles/,277,0,0,Muziekles en Zangles,,
2,1188,,1098,diensten-en-vakmensen,Diensten en Vakmensen,muzikanten-artiesten-en-dj-s,"Muzikanten, Artiesten en Dj's",Muzikanten en Artiesten,"Feest, Uitjes en Vrije tijd",https://marketplace.apps-pilot.nl/l/diensten-en-vakmensen/muzikanten-artiesten-en-dj-s/,390,0,0,"Muzikanten, Artiesten en Dj's",,
2,2085,,1098,diensten-en-vakmensen,Diensten en Vakmensen,ongediertebestrijding,Ongediertebestrijding,,"Huishouden, Gezin en Dier",https://marketplace.apps-pilot.nl/l/diensten-en-vakmensen/ongediertebestrijding/,134,0,0,Ongediertebestrijding,,
2,1211,,1098,diensten-en-vakmensen,Diensten en Vakmensen,oppas-en-kinderopvang,Oppas en Kinderopvang,,"Huishouden, Gezin en Dier",https://marketplace.apps-pilot.nl/l/diensten-en-vakmensen/oppas-en-kinderopvang/,158,0,0,Oppas en Kinderopvang,,
2,1227,,1098,diensten-en-vakmensen,Diensten en Vakmensen,overige-diensten,Overige Diensten,,Zakelijke diensten,https://marketplace.apps-pilot.nl/l/diensten-en-vakmensen/overige-diensten/,526,0,0,Overige Diensten,,
2,3087,,1098,diensten-en-vakmensen,Diensten en Vakmensen,personal-trainers,Personal trainers,,"Welzijn, Uiterlijk en Verzorging",https://marketplace.apps-pilot.nl/l/diensten-en-vakmensen/personal-trainers/,15,0,0,Personal trainers,,
2,2613,,1098,diensten-en-vakmensen,Diensten en Vakmensen,promotie-en-reclamebureaus,Promotie- en Reclamebureaus,,Zakelijke diensten,https://marketplace.apps-pilot.nl/l/diensten-en-vakmensen/promotie-en-reclamebureaus/,31,0,0,Promotie- en Reclamebureaus,,
2,2610,,1098,diensten-en-vakmensen,Diensten en Vakmensen,reparatie-en-onderhoud-antiek-klokken-en-meubels,"Reparatie en Onderhoud | Antiek, Klokken en Meubels",Reparatie en Onderhoud,Diensten en Vakmensen,https://marketplace.apps-pilot.nl/l/diensten-en-vakmensen/reparatie-en-onderhoud-antiek-klokken-en-meubels/,139,0,0,Reparatie en Onderhoud,"Antiek, Klokken en Meubels",
2,1219,,1098,diensten-en-vakmensen,Diensten en Vakmensen,reparatie-en-onderhoud-audio-tv-en-foto,"Reparatie en Onderhoud | Audio, Tv en Foto",Reparaties,Diensten en Vakmensen,https://marketplace.apps-pilot.nl/l/diensten-en-vakmensen/reparatie-en-onderhoud-audio-tv-en-foto/,57,0,0,Reparatie en Onderhoud,"Audio, Tv en Foto",
2,2086,,1098,diensten-en-vakmensen,Diensten en Vakmensen,reparatie-en-onderhoud-caravans-en-campers,Reparatie en Onderhoud | Caravans en Campers,Reparatie en Onderhoud,Diensten,https://marketplace.apps-pilot.nl/l/diensten-en-vakmensen/reparatie-en-onderhoud-caravans-en-campers/,78,0,0,Reparatie en Onderhoud,Caravans en Campers,
2,2047,,1098,diensten-en-vakmensen,Diensten en Vakmensen,reparatie-en-onderhoud-kleding-en-schoenen,Reparatie en Onderhoud | Kleding en Schoenen,Kleding en Schoenen,Kleine reparaties,https://marketplace.apps-pilot.nl/l/diensten-en-vakmensen/reparatie-en-onderhoud-kleding-en-schoenen/,8,0,0,Reparatie en Onderhoud,Kleding en Schoenen,
2,2087,,1098,diensten-en-vakmensen,Diensten en Vakmensen,reparatie-en-onderhoud-muziekinstrumenten,Reparatie en Onderhoud | Muziekinstrumenten,Muziekinstrumenten,Kleine reparaties,https://marketplace.apps-pilot.nl/l/diensten-en-vakmensen/reparatie-en-onderhoud-muziekinstrumenten/,40,0,0,Reparatie en Onderhoud,Muziekinstrumenten,
2,1636,,1098,diensten-en-vakmensen,Diensten en Vakmensen,reparatie-en-onderhoud-overige,Reparatie en Onderhoud | Overige,Overige,Kleine reparaties,https://marketplace.apps-pilot.nl/l/diensten-en-vakmensen/reparatie-en-onderhoud-overige/,136,0,0,Reparatie en Onderhoud,Overige,
2,2088,,1098,diensten-en-vakmensen,Diensten en Vakmensen,reparatie-en-onderhoud-pc-s-en-spelcomputers,Reparatie en Onderhoud | Pc's en Spelcomputers,Reparatie en Onderhoud,Diensten en Vakmensen,https://marketplace.apps-pilot.nl/l/diensten-en-vakmensen/reparatie-en-onderhoud-pc-s-en-spelcomputers/,98,0,0,Reparatie en Onderhoud,Pc's en Spelcomputers,
2,2052,,1098,diensten-en-vakmensen,Diensten en Vakmensen,reparatie-en-onderhoud-sloten,Reparatie en Onderhoud | Sloten,Slotenmakers,Kleine reparaties,https://marketplace.apps-pilot.nl/l/diensten-en-vakmensen/reparatie-en-onderhoud-sloten/,60,0,0,Reparatie en Onderhoud,Sloten,
2,1664,,1098,diensten-en-vakmensen,Diensten en Vakmensen,reparatie-en-onderhoud-telecommunicatie,Reparatie en Onderhoud | Telecommunicatie,Telecommunicatie,Kleine reparaties,https://marketplace.apps-pilot.nl/l/diensten-en-vakmensen/reparatie-en-onderhoud-telecommunicatie/,36,0,0,Reparatie en Onderhoud,Telecommunicatie,
2,2089,,1098,diensten-en-vakmensen,Diensten en Vakmensen,reparatie-en-onderhoud-watersport-en-boten,Reparatie en Onderhoud | Watersport en Boten,Watersport en Boten,Auto en Vervoer,https://marketplace.apps-pilot.nl/l/diensten-en-vakmensen/reparatie-en-onderhoud-watersport-en-boten/,173,0,0,Reparatie en Onderhoud,Watersport en Boten,
2,1397,,1098,diensten-en-vakmensen,Diensten en Vakmensen,reparatie-en-onderhoud-witgoed-en-apparatuur,Reparatie en Onderhoud | Witgoed en Apparatuur,Witgoed en Apparatuur,Kleine reparaties,https://marketplace.apps-pilot.nl/l/diensten-en-vakmensen/reparatie-en-onderhoud-witgoed-en-apparatuur/,111,0,0,Reparatie en Onderhoud,Witgoed en Apparatuur,
2,1193,,1098,diensten-en-vakmensen,Diensten en Vakmensen,restaurants-en-cateraars,Restaurants en Cateraars,,"Feest, Uitjes en Vrije tijd",https://marketplace.apps-pilot.nl/l/diensten-en-vakmensen/restaurants-en-cateraars/,92,0,0,Restaurants en Cateraars,,
2,1213,,1098,diensten-en-vakmensen,Diensten en Vakmensen,rijscholen,Rijscholen,,Auto en Vervoer,https://marketplace.apps-pilot.nl/l/diensten-en-vakmensen/rijscholen/,20,1,1,Rijscholen,,
2,1214,,1098,diensten-en-vakmensen,Diensten en Vakmensen,schilders-en-behangers,Schilders en Behangers,,Huis en Tuin,https://marketplace.apps-pilot.nl/l/diensten-en-vakmensen/schilders-en-behangers/,898,0,0,Schilders en Behangers,,
2,2048,,1098,diensten-en-vakmensen,Diensten en Vakmensen,schoonheidsspecialisten-manicure,Schoonheidsspecialisten | Manicure,Manicure,"Welzijn, Uiterlijk en Verzorging",https://marketplace.apps-pilot.nl/l/diensten-en-vakmensen/schoonheidsspecialisten-manicure/,58,6,6,Schoonheidsspecialisten,Manicure,
2,1220,,1098,diensten-en-vakmensen,Diensten en Vakmensen,schoonheidsspecialisten-overige,Schoonheidsspecialisten | Overige,Schoonheidsspecialisten,"Welzijn, Uiterlijk en Verzorging",https://marketplace.apps-pilot.nl/l/diensten-en-vakmensen/schoonheidsspecialisten-overige/,188,5,5,Schoonheidsspecialisten,Overige,
2,2049,,1098,diensten-en-vakmensen,Diensten en Vakmensen,schoonheidsspecialisten-pedicure,Schoonheidsspecialisten | Pedicure,Pedicure,"Welzijn, Uiterlijk en Verzorging",https://marketplace.apps-pilot.nl/l/diensten-en-vakmensen/schoonheidsspecialisten-pedicure/,77,3,3,Schoonheidsspecialisten,Pedicure,
2,1637,,1098,diensten-en-vakmensen,Diensten en Vakmensen,schoonmakers-en-glazenwassers,Schoonmakers en Glazenwassers,,Zakelijke diensten,https://marketplace.apps-pilot.nl/l/diensten-en-vakmensen/schoonmakers-en-glazenwassers/,433,0,0,Schoonmakers en Glazenwassers,,
2,2050,,1098,diensten-en-vakmensen,Diensten en Vakmensen,schoorsteenvegers,Schoorsteenvegers,,Huis en Tuin,https://marketplace.apps-pilot.nl/l/diensten-en-vakmensen/schoorsteenvegers/,13,1,1,Schoorsteenvegers,,
2,2051,,1098,diensten-en-vakmensen,Diensten en Vakmensen,slopers-en-sloopwerkzaamheden,Slopers en Sloopwerkzaamheden,Slopers,Huis en Tuin,https://marketplace.apps-pilot.nl/l/diensten-en-vakmensen/slopers-en-sloopwerkzaamheden/,126,0,0,Slopers en Sloopwerkzaamheden,,
2,1426,,1098,diensten-en-vakmensen,Diensten en Vakmensen,stukadoors-en-tegelzetters,Stukadoors en Tegelzetters,,Huis en Tuin,https://marketplace.apps-pilot.nl/l/diensten-en-vakmensen/stukadoors-en-tegelzetters/,773,7,7,Stukadoors en Tegelzetters,,
2,1226,,1098,diensten-en-vakmensen,Diensten en Vakmensen,thuiszorg-en-kraamhulp,Thuiszorg en Kraamhulp,,"Huishouden, Gezin en Dier",https://marketplace.apps-pilot.nl/l/diensten-en-vakmensen/thuiszorg-en-kraamhulp/,40,3,3,Thuiszorg en Kraamhulp,,
2,1638,,1098,diensten-en-vakmensen,Diensten en Vakmensen,timmerlieden-en-meubelmakers,Timmerlieden en Meubelmakers,,Diensten en Vakmensen,https://marketplace.apps-pilot.nl/l/diensten-en-vakmensen/timmerlieden-en-meubelmakers/,256,0,0,Timmerlieden en Meubelmakers,,
2,1218,,1098,diensten-en-vakmensen,Diensten en Vakmensen,tuinmannen-en-stratenmakers,Tuinmannen en Stratenmakers,,Huis en Tuin,https://marketplace.apps-pilot.nl/l/diensten-en-vakmensen/tuinmannen-en-stratenmakers/,1611,0,0,Tuinmannen en Stratenmakers,,
2,2606,,1098,diensten-en-vakmensen,Diensten en Vakmensen,uitvaartverzorging,Uitvaartverzorging,,"Welzijn, Uiterlijk en Verzorging",https://marketplace.apps-pilot.nl/l/diensten-en-vakmensen/uitvaartverzorging/,40,0,0,Uitvaartverzorging,,
2,1221,,1098,diensten-en-vakmensen,Diensten en Vakmensen,verhuizers-en-opslag,Verhuizers en Opslag,,Auto en Vervoer,https://marketplace.apps-pilot.nl/l/diensten-en-vakmensen/verhuizers-en-opslag/,1461,0,0,Verhuizers en Opslag,,
2,59,,1098,diensten-en-vakmensen,Diensten en Vakmensen,verhuur-auto-en-motor,Verhuur | Auto en Motor,Autoverhuur,Diensten en Vakmensen,https://marketplace.apps-pilot.nl/l/diensten-en-vakmensen/verhuur-auto-en-motor/,739,5,5,Verhuur,Auto en Motor,
2,996,,1098,diensten-en-vakmensen,Diensten en Vakmensen,verhuur-boten,Verhuur | Boten,Boten,Auto en Vervoer,https://marketplace.apps-pilot.nl/l/diensten-en-vakmensen/verhuur-boten/,134,0,0,Verhuur,Boten,
2,1871,,1098,diensten-en-vakmensen,Diensten en Vakmensen,verhuur-gereedschap-en-machines,Verhuur | Gereedschap en Machines,Gereedschap en Machines,Huis en Tuin,https://marketplace.apps-pilot.nl/l/diensten-en-vakmensen/verhuur-gereedschap-en-machines/,495,0,0,Verhuur,Gereedschap en Machines,
2,1422,,1098,diensten-en-vakmensen,Diensten en Vakmensen,verhuur-kleding-en-feestkleding,Verhuur | Kleding en Feestkleding,Kleding en Feestkleding,"Feest, Uitjes en Vrije tijd",https://marketplace.apps-pilot.nl/l/diensten-en-vakmensen/verhuur-kleding-en-feestkleding/,6,0,0,Verhuur,Kleding en Feestkleding,
2,1719,,1098,diensten-en-vakmensen,Diensten en Vakmensen,verhuur-overig,Verhuur | Overig,Overig,"Feest, Uitjes en Vrije tijd",https://marketplace.apps-pilot.nl/l/diensten-en-vakmensen/verhuur-overig/,141,0,0,Verhuur,Overig,
2,1639,,1098,diensten-en-vakmensen,Diensten en Vakmensen,verhuur-zalen-en-feestlocaties,Verhuur | Zalen en Feestlocaties,Zalen en Feestlocaties,"Feest, Uitjes en Vrije tijd",https://marketplace.apps-pilot.nl/l/diensten-en-vakmensen/verhuur-zalen-en-feestlocaties/,67,0,0,Verhuur,Zalen en Feestlocaties,
2,1222,,1098,diensten-en-vakmensen,Diensten en Vakmensen,vertalers-tolken-en-tekstschrijvers,"Vertalers, Tolken en Tekstschrijvers",,Diensten en Vakmensen,https://marketplace.apps-pilot.nl/l/diensten-en-vakmensen/vertalers-tolken-en-tekstschrijvers/,41,2,2,"Vertalers, Tolken en Tekstschrijvers",,
2,2090,,1098,diensten-en-vakmensen,Diensten en Vakmensen,vloerleggers-en-parketteurs,Vloerleggers en Parketteurs,,Huis en Tuin,https://marketplace.apps-pilot.nl/l/diensten-en-vakmensen/vloerleggers-en-parketteurs/,535,0,0,Vloerleggers en Parketteurs,,
2,2091,,1098,diensten-en-vakmensen,Diensten en Vakmensen,wasserettes-stomerijen-en-strijkservice,"Wasserettes, Stomerijen en Strijkservice",Wasserettes en Stomerijen,"Huishouden, Gezin en Dier",https://marketplace.apps-pilot.nl/l/diensten-en-vakmensen/wasserettes-stomerijen-en-strijkservice/,11,0,0,"Wasserettes, Stomerijen en Strijkservice",,
2,1223,,1098,diensten-en-vakmensen,Diensten en Vakmensen,webdesigners-en-hosting,Webdesigners en Hosting,,Diensten en Vakmensen,https://marketplace.apps-pilot.nl/l/diensten-en-vakmensen/webdesigners-en-hosting/,352,5,5,Webdesigners en Hosting,,
2,2055,,1098,diensten-en-vakmensen,Diensten en Vakmensen,welzijn-masseurs-en-massagesalons,Welzijn | Masseurs en Massagesalons,Masseurs en Massagesalons,"Welzijn, Uiterlijk en Verzorging",https://marketplace.apps-pilot.nl/l/diensten-en-vakmensen/welzijn-masseurs-en-massagesalons/,825,0,0,Welzijn,Masseurs en Massagesalons,
2,1200,,1098,diensten-en-vakmensen,Diensten en Vakmensen,welzijn-overige,Welzijn | Overige,Overige,"Welzijn, Uiterlijk en Verzorging",https://marketplace.apps-pilot.nl/l/diensten-en-vakmensen/welzijn-overige/,90,0,0,Welzijn,Overige,
2,2056,,1098,diensten-en-vakmensen,Diensten en Vakmensen,welzijn-therapeuten,Welzijn | Therapeuten,Therapeuten,"Welzijn, Uiterlijk en Verzorging",https://marketplace.apps-pilot.nl/l/diensten-en-vakmensen/welzijn-therapeuten/,34,2,2,Welzijn,Therapeuten,
2,1640,,1098,diensten-en-vakmensen,Diensten en Vakmensen,zakelijk-adviseurs-en-bemiddelaars,Zakelijk adviseurs en Bemiddelaars,Zakelijk adviseurs,Zakelijke diensten,https://marketplace.apps-pilot.nl/l/diensten-en-vakmensen/zakelijk-adviseurs-en-bemiddelaars/,24,0,0,Zakelijk adviseurs en Bemiddelaars,,
2,2057,,1098,diensten-en-vakmensen,Diensten en Vakmensen,zonweringinstallateurs,Zonweringinstallateurs,,Huis en Tuin,https://marketplace.apps-pilot.nl/l/diensten-en-vakmensen/zonweringinstallateurs/,35,0,0,Zonweringinstallateurs,,
1,395,,395,dieren-en-toebehoren,Dieren en Toebehoren,dieren-en-toebehoren,Dieren en Toebehoren,,,https://marketplace.apps-pilot.nl/l/dieren-en-toebehoren/,,0,0,Dieren en Toebehoren,,
2,399,,395,dieren-en-toebehoren,Dieren en Toebehoren,dierenvoeding,Dierenvoeding,,Honden,https://marketplace.apps-pilot.nl/l/dieren-en-toebehoren/dierenvoeding/,6158,9,9,Dierenvoeding,,
2,2725,,395,dieren-en-toebehoren,Dieren en Toebehoren,honden-beagles-bassets-en-lopende-honden,"Honden | Beagles, Bassets en Lopende honden","Beagles, Bassets en Lopende honden",Honden,https://marketplace.apps-pilot.nl/l/dieren-en-toebehoren/honden-beagles-bassets-en-lopende-honden/,38,1,1,Honden,"Beagles, Bassets en Lopende honden",
2,1924,,395,dieren-en-toebehoren,Dieren en Toebehoren,honden-bulldogs-pinschers-en-molossers,"Honden | Bulldogs, Pinschers en Molossers","Bulldogs, Pinschers en Molossers",Honden,https://marketplace.apps-pilot.nl/l/dieren-en-toebehoren/honden-bulldogs-pinschers-en-molossers/,346,3,3,Honden,"Bulldogs, Pinschers en Molossers",
2,1925,,395,dieren-en-toebehoren,Dieren en Toebehoren,honden-chihuahua-s-en-gezelschapshonden,Honden | Chihuahua's en Gezelschapshonden,Chihuahua's en Gezelschapshonden,Honden,https://marketplace.apps-pilot.nl/l/dieren-en-toebehoren/honden-chihuahua-s-en-gezelschapshonden/,518,4,4,Honden,Chihuahua's en Gezelschapshonden,
2,1926,,395,dieren-en-toebehoren,Dieren en Toebehoren,honden-dekreuen,Honden | Dekreuen,Dekreuen,Honden,https://marketplace.apps-pilot.nl/l/dieren-en-toebehoren/honden-dekreuen/,939,0,0,Honden,Dekreuen,
2,401,,395,dieren-en-toebehoren,Dieren en Toebehoren,honden-herdershonden-en-veedrijvers,Honden | Herdershonden en Veedrijvers,Herdershonden en Veedrijvers,Honden,https://marketplace.apps-pilot.nl/l/dieren-en-toebehoren/honden-herdershonden-en-veedrijvers/,290,3,3,Honden,Herdershonden en Veedrijvers,
2,402,,395,dieren-en-toebehoren,Dieren en Toebehoren,honden-jack-russells-en-terriers,Honden | Jack Russells en Terriërs,Jack Russells en Terriërs,Honden,https://marketplace.apps-pilot.nl/l/dieren-en-toebehoren/honden-jack-russells-en-terriers/,178,4,4,Honden,Jack Russells en Terriërs,
2,404,,395,dieren-en-toebehoren,Dieren en Toebehoren,honden-niet-rashonden,Honden | Niet-rashonden,Niet-rashonden,Honden,https://marketplace.apps-pilot.nl/l/dieren-en-toebehoren/honden-niet-rashonden/,738,0,0,Honden,Niet-rashonden,
2,2726,,395,dieren-en-toebehoren,Dieren en Toebehoren,honden-poolhonden-keeshonden-en-oertypen,"Honden | Poolhonden, Keeshonden en Oertypen","Poolhonden, Keeshonden en Oertypen",Honden,https://marketplace.apps-pilot.nl/l/dieren-en-toebehoren/honden-poolhonden-keeshonden-en-oertypen/,293,3,3,Honden,"Poolhonden, Keeshonden en Oertypen",
2,403,,395,dieren-en-toebehoren,Dieren en Toebehoren,honden-retrievers-spaniels-en-waterhonden,"Honden | Retrievers, Spaniëls en Waterhonden","Retrievers, Spaniëls en Waterhonden",Honden,https://marketplace.apps-pilot.nl/l/dieren-en-toebehoren/honden-retrievers-spaniels-en-waterhonden/,262,4,4,Honden,"Retrievers, Spaniëls en Waterhonden",
2,2727,,395,dieren-en-toebehoren,Dieren en Toebehoren,honden-setters-en-staande-honden,Honden | Setters en Staande honden,Setters en Staande honden,Honden,https://marketplace.apps-pilot.nl/l/dieren-en-toebehoren/honden-setters-en-staande-honden/,31,1,1,Honden,Setters en Staande honden,
2,1927,,395,dieren-en-toebehoren,Dieren en Toebehoren,honden-teckels-en-dashonden,Honden | Teckels en Dashonden,Teckels en Dashonden,Honden,https://marketplace.apps-pilot.nl/l/dieren-en-toebehoren/honden-teckels-en-dashonden/,168,3,3,Honden,Teckels en Dashonden,
2,2728,,395,dieren-en-toebehoren,Dieren en Toebehoren,honden-windhonden,Honden | Windhonden,Windhonden,Honden,https://marketplace.apps-pilot.nl/l/dieren-en-toebehoren/honden-windhonden/,11,0,0,Honden,Windhonden,
2,1928,,395,dieren-en-toebehoren,Dieren en Toebehoren,honden-accessoires,Honden-accessoires,,Honden,https://marketplace.apps-pilot.nl/l/dieren-en-toebehoren/honden-accessoires/,12137,0,0,Honden-accessoires,,
2,3092,,395,dieren-en-toebehoren,Dieren en Toebehoren,hondenbenches,Hondenbenches,,Honden,https://marketplace.apps-pilot.nl/l/dieren-en-toebehoren/hondenbenches/,6157,0,0,Hondenbenches,,
2,3094,,395,dieren-en-toebehoren,Dieren en Toebehoren,hondenhalsbanden-en-penningen,Hondenhalsbanden en Penningen,,Honden,https://marketplace.apps-pilot.nl/l/dieren-en-toebehoren/hondenhalsbanden-en-penningen/,2026,0,0,Hondenhalsbanden en Penningen,,
2,1356,,395,dieren-en-toebehoren,Dieren en Toebehoren,hondenhokken,Hondenhokken,,Honden,https://marketplace.apps-pilot.nl/l/dieren-en-toebehoren/hondenhokken/,2812,2,2,Hondenhokken,,
2,3090,,395,dieren-en-toebehoren,Dieren en Toebehoren,hondenkleding,Hondenkleding,,Honden,https://marketplace.apps-pilot.nl/l/dieren-en-toebehoren/hondenkleding/,1586,12,12,Hondenkleding,,
2,3088,,395,dieren-en-toebehoren,Dieren en Toebehoren,hondenmanden,Hondenmanden,,Honden,https://marketplace.apps-pilot.nl/l/dieren-en-toebehoren/hondenmanden/,4789,7,7,Hondenmanden,,
2,3093,,395,dieren-en-toebehoren,Dieren en Toebehoren,hondenriemen,Hondenriemen,,Honden,https://marketplace.apps-pilot.nl/l/dieren-en-toebehoren/hondenriemen/,2445,0,0,Hondenriemen,,
2,3091,,395,dieren-en-toebehoren,Dieren en Toebehoren,hondenspeelgoed,Hondenspeelgoed,,Honden,https://marketplace.apps-pilot.nl/l/dieren-en-toebehoren/hondenspeelgoed/,1231,0,0,Hondenspeelgoed,,
2,3089,,395,dieren-en-toebehoren,Dieren en Toebehoren,hondenvoerbakken-en-drinkbakken,Hondenvoerbakken en Drinkbakken,,Honden,https://marketplace.apps-pilot.nl/l/dieren-en-toebehoren/hondenvoerbakken-en-drinkbakken/,1499,4,4,Hondenvoerbakken en Drinkbakken,,
2,2732,,395,dieren-en-toebehoren,Dieren en Toebehoren,insecten-en-spinnen,Insecten en Spinnen,,Overige Dieren,https://marketplace.apps-pilot.nl/l/dieren-en-toebehoren/insecten-en-spinnen/,1916,0,0,Insecten en Spinnen,,
2,1929,,395,dieren-en-toebehoren,Dieren en Toebehoren,katten-en-kittens-dekkaters,Katten en Kittens | Dekkaters,Dekkaters,Katten,https://marketplace.apps-pilot.nl/l/dieren-en-toebehoren/katten-en-kittens-dekkaters/,428,0,0,Katten en Kittens,Dekkaters,
2,406,,395,dieren-en-toebehoren,Dieren en Toebehoren,katten-en-kittens-overige-katten,Katten en Kittens | Overige Katten,Overige Katten,Katten,https://marketplace.apps-pilot.nl/l/dieren-en-toebehoren/katten-en-kittens-overige-katten/,2608,0,0,Katten en Kittens,Overige Katten,
2,407,,395,dieren-en-toebehoren,Dieren en Toebehoren,katten-en-kittens-raskatten-korthaar,Katten en Kittens | Raskatten | Korthaar,Raskatten | Korthaar,Katten,https://marketplace.apps-pilot.nl/l/dieren-en-toebehoren/katten-en-kittens-raskatten-korthaar/,1614,0,0,Katten en Kittens,Raskatten,Korthaar
2,1930,,395,dieren-en-toebehoren,Dieren en Toebehoren,katten-en-kittens-raskatten-langhaar,Katten en Kittens | Raskatten | Langhaar,Raskatten | Langhaar,Katten,https://marketplace.apps-pilot.nl/l/dieren-en-toebehoren/katten-en-kittens-raskatten-langhaar/,1117,0,0,Katten en Kittens,Raskatten,Langhaar
2,1931,,395,dieren-en-toebehoren,Dieren en Toebehoren,katten-accessoires,Katten-accessoires,,Katten,https://marketplace.apps-pilot.nl/l/dieren-en-toebehoren/katten-accessoires/,3681,0,0,Katten-accessoires,,
2,3096,,395,dieren-en-toebehoren,Dieren en Toebehoren,kattenbakken,Kattenbakken,,Katten,https://marketplace.apps-pilot.nl/l/dieren-en-toebehoren/kattenbakken/,2094,1,1,Kattenbakken,,
2,3100,,395,dieren-en-toebehoren,Dieren en Toebehoren,kattenhalsbanden-en-penningen,Kattenhalsbanden en Penningen,,Katten,https://marketplace.apps-pilot.nl/l/dieren-en-toebehoren/kattenhalsbanden-en-penningen/,85,0,0,Kattenhalsbanden en Penningen,,
2,3099,,395,dieren-en-toebehoren,Dieren en Toebehoren,kattenmanden,Kattenmanden,,Katten,https://marketplace.apps-pilot.nl/l/dieren-en-toebehoren/kattenmanden/,1903,7,7,Kattenmanden,,
2,3098,,395,dieren-en-toebehoren,Dieren en Toebehoren,kattenspeelgoed,Kattenspeelgoed,,Katten,https://marketplace.apps-pilot.nl/l/dieren-en-toebehoren/kattenspeelgoed/,691,8,8,Kattenspeelgoed,,
2,3095,,395,dieren-en-toebehoren,Dieren en Toebehoren,kattenvoerbakken-en-drinkbakken,Kattenvoerbakken en Drinkbakken,,Katten,https://marketplace.apps-pilot.nl/l/dieren-en-toebehoren/kattenvoerbakken-en-drinkbakken/,1281,0,0,Kattenvoerbakken en Drinkbakken,,
2,408,,395,dieren-en-toebehoren,Dieren en Toebehoren,knaagdieren,Knaagdieren,,Knaagdieren en Konijnen,https://marketplace.apps-pilot.nl/l/dieren-en-toebehoren/knaagdieren/,1455,6,6,Knaagdieren,,
2,1357,,395,dieren-en-toebehoren,Dieren en Toebehoren,knaagdieren-en-konijnen-hokken-en-kooien,Knaagdieren en Konijnen | Hokken en Kooien,Hokken en Kooien,Knaagdieren en Konijnen,https://marketplace.apps-pilot.nl/l/dieren-en-toebehoren/knaagdieren-en-konijnen-hokken-en-kooien/,4283,5,5,Knaagdieren en Konijnen,Hokken en Kooien,
2,1932,,395,dieren-en-toebehoren,Dieren en Toebehoren,knaagdieren-en-konijnen-toebehoren,Knaagdieren en Konijnen | Toebehoren,Toebehoren,Knaagdieren en Konijnen,https://marketplace.apps-pilot.nl/l/dieren-en-toebehoren/knaagdieren-en-konijnen-toebehoren/,2924,0,0,Knaagdieren en Konijnen,Toebehoren,
2,409,,395,dieren-en-toebehoren,Dieren en Toebehoren,konijnen,Konijnen,,Knaagdieren en Konijnen,https://marketplace.apps-pilot.nl/l/dieren-en-toebehoren/konijnen/,2301,0,0,Konijnen,,
2,3097,,395,dieren-en-toebehoren,Dieren en Toebehoren,krabmeubelen,Krabmeubelen,,Katten,https://marketplace.apps-pilot.nl/l/dieren-en-toebehoren/krabmeubelen/,1767,4,4,Krabmeubelen,,
2,410,,395,dieren-en-toebehoren,Dieren en Toebehoren,overige-dieren,Overige Dieren,,Overige Dieren,https://marketplace.apps-pilot.nl/l/dieren-en-toebehoren/overige-dieren/,518,0,0,Overige Dieren,,
2,397,,395,dieren-en-toebehoren,Dieren en Toebehoren,overige-dieren-accessoires,Overige Dieren-accessoires,,Toebehoren,https://marketplace.apps-pilot.nl/l/dieren-en-toebehoren/overige-dieren-accessoires/,5622,0,0,Overige Dieren-accessoires,,
2,411,,395,dieren-en-toebehoren,Dieren en Toebehoren,paarden,Paarden,,Paarden en Pony's,https://marketplace.apps-pilot.nl/l/dieren-en-toebehoren/paarden/,1082,5,5,Paarden,,
2,2731,,395,dieren-en-toebehoren,Dieren en Toebehoren,paarden-en-pony-s-beschermers,Paarden en Pony's | Beschermers,Beschermers,Paarden en Pony's,https://marketplace.apps-pilot.nl/l/dieren-en-toebehoren/paarden-en-pony-s-beschermers/,3044,0,0,Paarden en Pony's,Beschermers,
2,2730,,395,dieren-en-toebehoren,Dieren en Toebehoren,paarden-en-pony-s-dekens-en-dekjes,Paarden en Pony's | Dekens en Dekjes,Dekens en Dekjes,Paarden en Pony's,https://marketplace.apps-pilot.nl/l/dieren-en-toebehoren/paarden-en-pony-s-dekens-en-dekjes/,10597,0,0,Paarden en Pony's,Dekens en Dekjes,
2,1933,,395,dieren-en-toebehoren,Dieren en Toebehoren,paarden-en-pony-s-dekhengsten-en-fokmerries,Paarden en Pony's | Dekhengsten en Fokmerries,Dekhengsten en Fokmerries,Paarden en Pony's,https://marketplace.apps-pilot.nl/l/dieren-en-toebehoren/paarden-en-pony-s-dekhengsten-en-fokmerries/,203,0,0,Paarden en Pony's,Dekhengsten en Fokmerries,
2,1712,,395,dieren-en-toebehoren,Dieren en Toebehoren,paarden-en-pony-s-hoofdstellen-en-tuigage,Paarden en Pony's | Hoofdstellen en Tuigage,Hoofdstellen en Tuigage,Paarden en Pony's,https://marketplace.apps-pilot.nl/l/dieren-en-toebehoren/paarden-en-pony-s-hoofdstellen-en-tuigage/,6670,0,0,Paarden en Pony's,Hoofdstellen en Tuigage,
2,413,,395,dieren-en-toebehoren,Dieren en Toebehoren,paarden-en-pony-s-overige-paardenspullen,Paarden en Pony's | Overige Paardenspullen,Overige Paardenspullen,Paarden en Pony's,https://marketplace.apps-pilot.nl/l/dieren-en-toebehoren/paarden-en-pony-s-overige-paardenspullen/,8608,0,0,Paarden en Pony's,Overige Paardenspullen,
2,414,,395,dieren-en-toebehoren,Dieren en Toebehoren,paarden-en-pony-s-trailers-en-aanhangwagens,Paarden en Pony's | Trailers en Aanhangwagens,Trailers,Paarden en Pony's,https://marketplace.apps-pilot.nl/l/dieren-en-toebehoren/paarden-en-pony-s-trailers-en-aanhangwagens/,903,3,3,Paarden en Pony's,Trailers en Aanhangwagens,
2,2729,,395,dieren-en-toebehoren,Dieren en Toebehoren,paarden-en-pony-s-verzorgingsproducten,Paarden en Pony's | Verzorgingsproducten,Verzorgingsproducten,Paarden en Pony's,https://marketplace.apps-pilot.nl/l/dieren-en-toebehoren/paarden-en-pony-s-verzorgingsproducten/,1828,0,0,Paarden en Pony's,Verzorgingsproducten,
2,416,,395,dieren-en-toebehoren,Dieren en Toebehoren,paarden-en-pony-s-zadels,Paarden en Pony's | Zadels,Zadels,Paarden en Pony's,https://marketplace.apps-pilot.nl/l/dieren-en-toebehoren/paarden-en-pony-s-zadels/,2148,0,0,Paarden en Pony's,Zadels,
2,1486,,395,dieren-en-toebehoren,Dieren en Toebehoren,paardrijkleding,Paardrijkleding,,Paarden en Pony's,https://marketplace.apps-pilot.nl/l/dieren-en-toebehoren/paardrijkleding/,11359,0,0,Paardrijkleding,,
2,1488,,395,dieren-en-toebehoren,Dieren en Toebehoren,pluimvee,Pluimvee,,Vee,https://marketplace.apps-pilot.nl/l/dieren-en-toebehoren/pluimvee/,7253,5,5,Pluimvee,,
2,400,,395,dieren-en-toebehoren,Dieren en Toebehoren,pluimvee-toebehoren,Pluimvee | Toebehoren,,Vee,https://marketplace.apps-pilot.nl/l/dieren-en-toebehoren/pluimvee-toebehoren/,2846,4,4,Pluimvee,Toebehoren,
2,417,,395,dieren-en-toebehoren,Dieren en Toebehoren,pony-s,Pony's,,Paarden en Pony's,https://marketplace.apps-pilot.nl/l/dieren-en-toebehoren/pony-s/,630,4,4,Pony's,,
2,418,,395,dieren-en-toebehoren,Dieren en Toebehoren,reptielen-en-amfibieen,Reptielen en Amfibieën,,Reptielen en Amfibieën,https://marketplace.apps-pilot.nl/l/dieren-en-toebehoren/reptielen-en-amfibieen/,2599,5,5,Reptielen en Amfibieën,,
2,421,,395,dieren-en-toebehoren,Dieren en Toebehoren,reptielen-en-amfibieen-toebehoren,Reptielen en Amfibieën | Toebehoren,Toebehoren,Reptielen en Amfibieën,https://marketplace.apps-pilot.nl/l/dieren-en-toebehoren/reptielen-en-amfibieen-toebehoren/,2479,0,0,Reptielen en Amfibieën,Toebehoren,
2,419,,395,dieren-en-toebehoren,Dieren en Toebehoren,rijtuigen-en-koetsen,Rijtuigen en Koetsen,,Paarden en Pony's,https://marketplace.apps-pilot.nl/l/dieren-en-toebehoren/rijtuigen-en-koetsen/,357,0,0,Rijtuigen en Koetsen,,
2,422,,395,dieren-en-toebehoren,Dieren en Toebehoren,runderen,Runderen,,Vee,https://marketplace.apps-pilot.nl/l/dieren-en-toebehoren/runderen/,852,0,0,Runderen,,
2,1485,,395,dieren-en-toebehoren,Dieren en Toebehoren,schapen-geiten-en-varkens,"Schapen, Geiten en Varkens",,Vee,https://marketplace.apps-pilot.nl/l/dieren-en-toebehoren/schapen-geiten-en-varkens/,2691,0,0,"Schapen, Geiten en Varkens",,
2,420,,395,dieren-en-toebehoren,Dieren en Toebehoren,stalling-en-weidegang,Stalling en Weidegang,,Paarden en Pony's,https://marketplace.apps-pilot.nl/l/dieren-en-toebehoren/stalling-en-weidegang/,4200,0,0,Stalling en Weidegang,,
2,3050,,395,dieren-en-toebehoren,Dieren en Toebehoren,transportboxen,Transportboxen,,Honden,https://marketplace.apps-pilot.nl/l/dieren-en-toebehoren/transportboxen/,2469,0,0,Transportboxen,,
2,423,,395,dieren-en-toebehoren,Dieren en Toebehoren,vermiste-en-gevonden-dieren,Vermiste en Gevonden Dieren,Vermiste dieren,Opsporing,https://marketplace.apps-pilot.nl/l/dieren-en-toebehoren/vermiste-en-gevonden-dieren/,142,2,2,Vermiste en Gevonden Dieren,,
2,396,,395,dieren-en-toebehoren,Dieren en Toebehoren,vissen-aquaria-en-toebehoren,Vissen | Aquaria en Toebehoren,Aquaria en Toebehoren,Vissen,https://marketplace.apps-pilot.nl/l/dieren-en-toebehoren/vissen-aquaria-en-toebehoren/,16928,0,0,Vissen,Aquaria en Toebehoren,
2,424,,395,dieren-en-toebehoren,Dieren en Toebehoren,vissen-aquariumvissen,Vissen | Aquariumvissen,Aquariumvissen,Vissen,https://marketplace.apps-pilot.nl/l/dieren-en-toebehoren/vissen-aquariumvissen/,7345,4,4,Vissen,Aquariumvissen,
2,425,,395,dieren-en-toebehoren,Dieren en Toebehoren,vissen-vijvervissen,Vissen | Vijvervissen,Vijvervissen,Vissen,https://marketplace.apps-pilot.nl/l/dieren-en-toebehoren/vissen-vijvervissen/,2491,5,5,Vissen,Vijvervissen,
2,1665,,395,dieren-en-toebehoren,Dieren en Toebehoren,vogels-duiven,Vogels | Duiven,Duiven,Vogels,https://marketplace.apps-pilot.nl/l/dieren-en-toebehoren/vogels-duiven/,1630,5,5,Vogels,Duiven,
2,1358,,395,dieren-en-toebehoren,Dieren en Toebehoren,vogels-hokken-en-kooien,Vogels | Hokken en Kooien,Hokken en Kooien,Vogels,https://marketplace.apps-pilot.nl/l/dieren-en-toebehoren/vogels-hokken-en-kooien/,5570,4,4,Vogels,Hokken en Kooien,
2,1487,,395,dieren-en-toebehoren,Dieren en Toebehoren,vogels-kanaries,Vogels | Kanaries,Kanaries,Vogels,https://marketplace.apps-pilot.nl/l/dieren-en-toebehoren/vogels-kanaries/,892,4,4,Vogels,Kanaries,
2,426,,395,dieren-en-toebehoren,Dieren en Toebehoren,vogels-overige-vogels,Vogels | Overige Vogels,Overige Vogels,Vogels,https://marketplace.apps-pilot.nl/l/dieren-en-toebehoren/vogels-overige-vogels/,3205,3,3,Vogels,Overige Vogels,
2,427,,395,dieren-en-toebehoren,Dieren en Toebehoren,vogels-parkieten-en-papegaaien,Vogels | Parkieten en Papegaaien,Parkieten en Papegaaien,Vogels,https://marketplace.apps-pilot.nl/l/dieren-en-toebehoren/vogels-parkieten-en-papegaaien/,4538,3,3,Vogels,Parkieten en Papegaaien,
2,1934,,395,dieren-en-toebehoren,Dieren en Toebehoren,vogels-toebehoren,Vogels | Toebehoren,Toebehoren,Vogels,https://marketplace.apps-pilot.nl/l/dieren-en-toebehoren/vogels-toebehoren/,1360,0,0,Vogels,Toebehoren,
1,428,,428,diversen,Diversen,diversen,Diversen,,,https://marketplace.apps-pilot.nl/l/diversen/,,0,0,Diversen,,
2,1967,,428,diversen,Diversen,agenda-s,Agenda's,,School- en Kantoorartikelen,https://marketplace.apps-pilot.nl/l/diversen/agenda-s/,1215,0,0,Agenda's,,
2,1347,,428,diversen,Diversen,braces,Braces,,Zorg,https://marketplace.apps-pilot.nl/l/diversen/braces/,1735,0,0,Braces,,
2,431,,428,diversen,Diversen,brommobielen-en-scootmobielen,Brommobielen en Scootmobielen,,Zorg,https://marketplace.apps-pilot.nl/l/diversen/brommobielen-en-scootmobielen/,4237,19,19,Brommobielen en Scootmobielen,,
2,3193,,428,diversen,Diversen,bureau-accessoires,Bureau-accessoires,,School- en Kantoorartikelen,https://marketplace.apps-pilot.nl/l/diversen/bureau-accessoires/,4726,0,0,Bureau-accessoires,,
2,3186,,428,diversen,Diversen,cadeaupapier,Cadeaupapier,,Feesten en Evenementen,https://marketplace.apps-pilot.nl/l/diversen/cadeaupapier/,905,0,0,Cadeaupapier,,
2,3187,,428,diversen,Diversen,cadeauverpakkingen,Cadeauverpakkingen,,Feesten en Evenementen,https://marketplace.apps-pilot.nl/l/diversen/cadeauverpakkingen/,2249,0,0,Cadeauverpakkingen,,
2,3192,,428,diversen,Diversen,kalenders,Kalenders,,School- en Kantoorartikelen,https://marketplace.apps-pilot.nl/l/diversen/kalenders/,934,4,4,Kalenders,,
2,436,,428,diversen,Diversen,kerst,Kerst,,Feesten en Evenementen,https://marketplace.apps-pilot.nl/l/diversen/kerst/,23060,0,0,Kerst,,
2,1968,,428,diversen,Diversen,levensmiddelen,Levensmiddelen,,Levensmiddelen,https://marketplace.apps-pilot.nl/l/diversen/levensmiddelen/,5534,0,0,Levensmiddelen,,
2,3202,,428,diversen,Diversen,loopkrukken,Loopkrukken,,Zorg,https://marketplace.apps-pilot.nl/l/diversen/loopkrukken/,345,1,1,Loopkrukken,,
2,3208,,428,diversen,Diversen,looprekken,Looprekken,,Zorg,https://marketplace.apps-pilot.nl/l/diversen/looprekken/,160,2,2,Looprekken,,
2,3189,,428,diversen,Diversen,notitieboeken,Notitieboeken,,School- en Kantoorartikelen,https://marketplace.apps-pilot.nl/l/diversen/notitieboeken/,1124,4,4,Notitieboeken,,
2,440,"2944,3210",428,diversen,Diversen,overige-diversen,Overige Diversen,,Overige,https://marketplace.apps-pilot.nl/l/diversen/overige-diversen/,3485,0,0,Overige Diversen,,
2,3190,,428,diversen,Diversen,papierwaren,Papierwaren,,School- en Kantoorartikelen,https://marketplace.apps-pilot.nl/l/diversen/papierwaren/,1375,0,0,Papierwaren,,
2,1703,,428,diversen,Diversen,pasen,Pasen,,Feesten en Evenementen,https://marketplace.apps-pilot.nl/l/diversen/pasen/,938,0,0,Pasen,,
2,3188,,428,diversen,Diversen,rekenmachines,Rekenmachines,,School- en Kantoorartikelen,https://marketplace.apps-pilot.nl/l/diversen/rekenmachines/,3945,1,1,Rekenmachines,,
2,3209,,428,diversen,Diversen,rollators,Rollators,,Zorg,https://marketplace.apps-pilot.nl/l/diversen/rollators/,4015,0,0,Rollators,,
2,2904,,428,diversen,Diversen,rolstoelen,Rolstoelen,,Zorg,https://marketplace.apps-pilot.nl/l/diversen/rolstoelen/,2361,4,4,Rolstoelen,,
2,1345,,428,diversen,Diversen,rommelmarktspullen,Rommelmarktspullen,,Feesten en Evenementen,https://marketplace.apps-pilot.nl/l/diversen/rommelmarktspullen/,4893,0,0,Rommelmarktspullen,,
2,1456,,428,diversen,Diversen,schoolbenodigdheden,Schoolbenodigdheden,,School- en Kantoorartikelen,https://marketplace.apps-pilot.nl/l/diversen/schoolbenodigdheden/,4054,0,0,Schoolbenodigdheden,,
2,3044,,428,diversen,Diversen,schoolborden,Schoolborden,,School- en Kantoorartikelen,https://marketplace.apps-pilot.nl/l/diversen/schoolborden/,953,4,4,Schoolborden,,
2,1705,,428,diversen,Diversen,schrijfwaren,Schrijfwaren,,School- en Kantoorartikelen,https://marketplace.apps-pilot.nl/l/diversen/schrijfwaren/,2944,0,0,Schrijfwaren,,
2,443,,428,diversen,Diversen,sinterklaas,Sinterklaas,,Feesten en Evenementen,https://marketplace.apps-pilot.nl/l/diversen/sinterklaas/,3003,0,0,Sinterklaas,,
2,2828,,428,diversen,Diversen,trapliften,Trapliften,,Zorg,https://marketplace.apps-pilot.nl/l/diversen/trapliften/,124,0,0,Trapliften,,
2,1355,,428,diversen,Diversen,typemachines,Typemachines,,School- en Kantoorartikelen,https://marketplace.apps-pilot.nl/l/diversen/typemachines/,1422,0,0,Typemachines,,
2,1346,,428,diversen,Diversen,verpleegmiddelen,Verpleegmiddelen,,Zorg,https://marketplace.apps-pilot.nl/l/diversen/verpleegmiddelen/,17026,0,0,Verpleegmiddelen,,
2,1704,,428,diversen,Diversen,vlaggen-en-wimpels,Vlaggen en Wimpels,,Feesten en Evenementen,https://marketplace.apps-pilot.nl/l/diversen/vlaggen-en-wimpels/,3881,0,0,Vlaggen en Wimpels,,
2,3207,,428,diversen,Diversen,wandelstokken,Wandelstokken,,Zorg,https://marketplace.apps-pilot.nl/l/diversen/wandelstokken/,783,2,2,Wandelstokken,,
2,3191,,428,diversen,Diversen,wenskaarten,Wenskaarten,,School- en Kantoorartikelen,https://marketplace.apps-pilot.nl/l/diversen/wenskaarten/,1757,0,0,Wenskaarten,,
1,239,,239,doe-het-zelf-en-verbouw,Doe-het-zelf en Verbouw,doe-het-zelf-en-verbouw,Doe-het-zelf en Verbouw,,,https://marketplace.apps-pilot.nl/l/doe-het-zelf-en-verbouw/,,0,0,Doe-het-zelf en Verbouw,,
2,3199,,239,doe-het-zelf-en-verbouw,Doe-het-zelf en Verbouw,adembescherming,Adembescherming,,Werkkleding en Bescherming,https://marketplace.apps-pilot.nl/l/doe-het-zelf-en-verbouw/adembescherming/,368,4,4,Adembescherming,,
2,241,,239,doe-het-zelf-en-verbouw,Doe-het-zelf en Verbouw,aggregaten,Aggregaten,,Gereedschappen | Machines en Apparaten,https://marketplace.apps-pilot.nl/l/doe-het-zelf-en-verbouw/aggregaten/,1165,0,0,Aggregaten,,
2,1866,,239,doe-het-zelf-en-verbouw,Doe-het-zelf en Verbouw,alarmsystemen,Alarmsystemen,,"Ramen, Deuren en Kozijnen",https://marketplace.apps-pilot.nl/l/doe-het-zelf-en-verbouw/alarmsystemen/,4523,0,0,Alarmsystemen,,
2,3102,,239,doe-het-zelf-en-verbouw,Doe-het-zelf en Verbouw,betonmolens,Betonmolens,,Gereedschappen,https://marketplace.apps-pilot.nl/l/doe-het-zelf-en-verbouw/betonmolens/,411,0,0,Betonmolens,,
2,2849,,239,doe-het-zelf-en-verbouw,Doe-het-zelf en Verbouw,bouwketen-en-schaftketen,Bouwketen en Schaftketen,,Overige,https://marketplace.apps-pilot.nl/l/doe-het-zelf-en-verbouw/bouwketen-en-schaftketen/,567,0,0,Bouwketen en Schaftketen,,
2,273,,239,doe-het-zelf-en-verbouw,Doe-het-zelf en Verbouw,bouwliften,Bouwliften,,Dak en Gevel,https://marketplace.apps-pilot.nl/l/doe-het-zelf-en-verbouw/bouwliften/,106,1,1,Bouwliften,,
2,1185,,239,doe-het-zelf-en-verbouw,Doe-het-zelf en Verbouw,bouwverlichting,Bouwverlichting,,"Verlichting, Elektra en Kabels",https://marketplace.apps-pilot.nl/l/doe-het-zelf-en-verbouw/bouwverlichting/,3416,0,0,Bouwverlichting,,
2,1395,,239,doe-het-zelf-en-verbouw,Doe-het-zelf en Verbouw,buizen-en-afvoer,Buizen en Afvoer,,Materialen,https://marketplace.apps-pilot.nl/l/doe-het-zelf-en-verbouw/buizen-en-afvoer/,14129,0,0,Buizen en Afvoer,,
2,243,,239,doe-het-zelf-en-verbouw,Doe-het-zelf en Verbouw,compressors,Compressors,,Gereedschappen | Machines en Apparaten,https://marketplace.apps-pilot.nl/l/doe-het-zelf-en-verbouw/compressors/,3549,0,0,Compressors,,
2,2850,,239,doe-het-zelf-en-verbouw,Doe-het-zelf en Verbouw,containers,Containers,,Overige,https://marketplace.apps-pilot.nl/l/doe-het-zelf-en-verbouw/containers/,681,0,0,Containers,,
2,270,,239,doe-het-zelf-en-verbouw,Doe-het-zelf en Verbouw,dakpannen-en-dakbedekking,Dakpannen en Dakbedekking,Dakbedekking,Dak en Gevel,https://marketplace.apps-pilot.nl/l/doe-het-zelf-en-verbouw/dakpannen-en-dakbedekking/,8256,5,5,Dakpannen en Dakbedekking,,
2,244,,239,doe-het-zelf-en-verbouw,Doe-het-zelf en Verbouw,deuren-en-horren,Deuren en Horren,,"Ramen, Deuren en Kozijnen",https://marketplace.apps-pilot.nl/l/doe-het-zelf-en-verbouw/deuren-en-horren/,31395,2,2,Deuren en Horren,,
2,245,,239,doe-het-zelf-en-verbouw,Doe-het-zelf en Verbouw,draaibanken,Draaibanken,,Gereedschappen | Machines en Apparaten,https://marketplace.apps-pilot.nl/l/doe-het-zelf-en-verbouw/draaibanken/,1252,5,5,Draaibanken,,
2,1867,,239,doe-het-zelf-en-verbouw,Doe-het-zelf en Verbouw,elektra-en-kabels,Elektra en Kabels,,"Verlichting, Elektra en Kabels",https://marketplace.apps-pilot.nl/l/doe-het-zelf-en-verbouw/elektra-en-kabels/,50749,21,21,Elektra en Kabels,,
2,3198,,239,doe-het-zelf-en-verbouw,Doe-het-zelf en Verbouw,gehoorbeschermers,Gehoorbeschermers,,Werkkleding en Bescherming,https://marketplace.apps-pilot.nl/l/doe-het-zelf-en-verbouw/gehoorbeschermers/,299,0,0,Gehoorbeschermers,,
2,246,,239,doe-het-zelf-en-verbouw,Doe-het-zelf en Verbouw,geisers-en-boilers,Geisers en Boilers,,Verwarming en Ventilatie,https://marketplace.apps-pilot.nl/l/doe-het-zelf-en-verbouw/geisers-en-boilers/,2547,2,2,Geisers en Boilers,,
2,242,,239,doe-het-zelf-en-verbouw,Doe-het-zelf en Verbouw,gereedschap-boormachines,Gereedschap | Boormachines,Boormachines,Gereedschappen | Machines en Apparaten,https://marketplace.apps-pilot.nl/l/doe-het-zelf-en-verbouw/gereedschap-boormachines/,12075,0,0,Gereedschap,Boormachines,
2,2990,,239,doe-het-zelf-en-verbouw,Doe-het-zelf en Verbouw,gereedschap-freesmachines,Gereedschap | Freesmachines,Freesmachines,Gereedschappen | Machines en Apparaten,https://marketplace.apps-pilot.nl/l/doe-het-zelf-en-verbouw/gereedschap-freesmachines/,2427,12,12,Gereedschap,Freesmachines,
2,247,,239,doe-het-zelf-en-verbouw,Doe-het-zelf en Verbouw,gereedschap-handgereedschap,Gereedschap | Handgereedschap,Handgereedschap,Gereedschappen,https://marketplace.apps-pilot.nl/l/doe-het-zelf-en-verbouw/gereedschap-handgereedschap/,40577,41,41,Gereedschap,Handgereedschap,
2,258,,239,doe-het-zelf-en-verbouw,Doe-het-zelf en Verbouw,gereedschap-lasapparaten,Gereedschap | Lasapparaten,Lasapparaten,Gereedschappen | Machines en Apparaten,https://marketplace.apps-pilot.nl/l/doe-het-zelf-en-verbouw/gereedschap-lasapparaten/,4712,0,0,Gereedschap,Lasapparaten,
2,1710,,239,doe-het-zelf-en-verbouw,Doe-het-zelf en Verbouw,gereedschap-machine-onderdelen-en-toebehoren,Gereedschap | Machine-onderdelen en Toebehoren,Onderdelen,Gereedschappen | Machines en Apparaten,https://marketplace.apps-pilot.nl/l/doe-het-zelf-en-verbouw/gereedschap-machine-onderdelen-en-toebehoren/,27640,0,0,Gereedschap,Machine-onderdelen en Toebehoren,
2,259,,239,doe-het-zelf-en-verbouw,Doe-het-zelf en Verbouw,gereedschap-overige-machines,Gereedschap | Overige machines,Overige Machines,Gereedschappen | Machines en Apparaten,https://marketplace.apps-pilot.nl/l/doe-het-zelf-en-verbouw/gereedschap-overige-machines/,8766,0,0,Gereedschap,Overige machines,
2,268,,239,doe-het-zelf-en-verbouw,Doe-het-zelf en Verbouw,gereedschap-schuurmachines,Gereedschap | Schuurmachines,Schuurmachines,Gereedschappen | Machines en Apparaten,https://marketplace.apps-pilot.nl/l/doe-het-zelf-en-verbouw/gereedschap-schuurmachines/,3473,4,4,Gereedschap,Schuurmachines,
2,2733,,239,doe-het-zelf-en-verbouw,Doe-het-zelf en Verbouw,gereedschap-slijpmachines,Gereedschap | Slijpmachines,Slijpmachines,Gereedschappen | Machines en Apparaten,https://marketplace.apps-pilot.nl/l/doe-het-zelf-en-verbouw/gereedschap-slijpmachines/,3634,0,0,Gereedschap,Slijpmachines,
2,287,,239,doe-het-zelf-en-verbouw,Doe-het-zelf en Verbouw,gereedschap-zaagmachines,Gereedschap | Zaagmachines,Zaagmachines,Gereedschappen | Machines en Apparaten,https://marketplace.apps-pilot.nl/l/doe-het-zelf-en-verbouw/gereedschap-zaagmachines/,11866,9,9,Gereedschap,Zaagmachines,
2,3103,,239,doe-het-zelf-en-verbouw,Doe-het-zelf en Verbouw,gereedschapskisten,Gereedschapskisten,,Gereedschappen,https://marketplace.apps-pilot.nl/l/doe-het-zelf-en-verbouw/gereedschapskisten/,4826,0,0,Gereedschapskisten,,
2,249,,239,doe-het-zelf-en-verbouw,Doe-het-zelf en Verbouw,glas-en-ramen,Glas en Ramen,,"Ramen, Deuren en Kozijnen",https://marketplace.apps-pilot.nl/l/doe-het-zelf-en-verbouw/glas-en-ramen/,13087,0,0,Glas en Ramen,,
2,1869,,239,doe-het-zelf-en-verbouw,Doe-het-zelf en Verbouw,hang-en-sluitwerk,Hang- en Sluitwerk,,Materialen,https://marketplace.apps-pilot.nl/l/doe-het-zelf-en-verbouw/hang-en-sluitwerk/,20959,0,0,Hang- en Sluitwerk,,
2,252,,239,doe-het-zelf-en-verbouw,Doe-het-zelf en Verbouw,hout-en-planken,Hout en Planken,,Materialen,https://marketplace.apps-pilot.nl/l/doe-het-zelf-en-verbouw/hout-en-planken/,9934,6,6,Hout en Planken,,
2,2621,,239,doe-het-zelf-en-verbouw,Doe-het-zelf en Verbouw,ijzerwaren-en-bevestigingsmiddelen,IJzerwaren en Bevestigingsmiddelen,,Materialen,https://marketplace.apps-pilot.nl/l/doe-het-zelf-en-verbouw/ijzerwaren-en-bevestigingsmiddelen/,23130,5,5,IJzerwaren en Bevestigingsmiddelen,,
2,1870,,239,doe-het-zelf-en-verbouw,Doe-het-zelf en Verbouw,isolatie-en-afdichting,Isolatie en Afdichting,,Materialen,https://marketplace.apps-pilot.nl/l/doe-het-zelf-en-verbouw/isolatie-en-afdichting/,6512,3,3,Isolatie en Afdichting,,
2,254,,239,doe-het-zelf-en-verbouw,Doe-het-zelf en Verbouw,kozijnen-en-schuifpuien,Kozijnen en Schuifpuien,,"Ramen, Deuren en Kozijnen",https://marketplace.apps-pilot.nl/l/doe-het-zelf-en-verbouw/kozijnen-en-schuifpuien/,7100,0,0,Kozijnen en Schuifpuien,,
2,256,,239,doe-het-zelf-en-verbouw,Doe-het-zelf en Verbouw,kratten-en-dozen,Kratten en Dozen,,Materialen,https://marketplace.apps-pilot.nl/l/doe-het-zelf-en-verbouw/kratten-en-dozen/,5676,0,0,Kratten en Dozen,,
2,257,,239,doe-het-zelf-en-verbouw,Doe-het-zelf en Verbouw,ladders-en-trappen,Ladders en Trappen,,Gereedschappen,https://marketplace.apps-pilot.nl/l/doe-het-zelf-en-verbouw/ladders-en-trappen/,6889,0,0,Ladders en Trappen,,
2,3197,,239,doe-het-zelf-en-verbouw,Doe-het-zelf en Verbouw,laskappen,Laskappen,,Werkkleding en Bescherming,https://marketplace.apps-pilot.nl/l/doe-het-zelf-en-verbouw/laskappen/,205,2,2,Laskappen,,
2,3049,,239,doe-het-zelf-en-verbouw,Doe-het-zelf en Verbouw,lieren-en-takels,Lieren en Takels,,Auto-onderhoud,https://marketplace.apps-pilot.nl/l/doe-het-zelf-en-verbouw/lieren-en-takels/,2712,2,2,Lieren en Takels,,
2,1399,,239,doe-het-zelf-en-verbouw,Doe-het-zelf en Verbouw,meetapparatuur,Meetapparatuur,,Gereedschappen,https://marketplace.apps-pilot.nl/l/doe-het-zelf-en-verbouw/meetapparatuur/,5396,0,0,Meetapparatuur,,
2,260,,239,doe-het-zelf-en-verbouw,Doe-het-zelf en Verbouw,metalen,Metalen,,Materialen,https://marketplace.apps-pilot.nl/l/doe-het-zelf-en-verbouw/metalen/,5939,5,5,Metalen,,
2,2624,,239,doe-het-zelf-en-verbouw,Doe-het-zelf en Verbouw,metselstenen,Metselstenen,,Materialen,https://marketplace.apps-pilot.nl/l/doe-het-zelf-en-verbouw/metselstenen/,3163,5,5,Metselstenen,,
2,1350,,239,doe-het-zelf-en-verbouw,Doe-het-zelf en Verbouw,motoren,Motoren,,Gereedschappen | Machines en Apparaten,https://marketplace.apps-pilot.nl/l/doe-het-zelf-en-verbouw/motoren/,1730,0,0,Motoren,,
2,262,,239,doe-het-zelf-en-verbouw,Doe-het-zelf en Verbouw,overige-doe-het-zelf-en-verbouw,Overige Doe-het-zelf en Verbouw,,Overige,https://marketplace.apps-pilot.nl/l/doe-het-zelf-en-verbouw/overige-doe-het-zelf-en-verbouw/,98208,0,0,Overige Doe-het-zelf en Verbouw,,
2,2851,,239,doe-het-zelf-en-verbouw,Doe-het-zelf en Verbouw,palletwagens-en-pompwagens,Palletwagens en Pompwagens,,Gereedschappen,https://marketplace.apps-pilot.nl/l/doe-het-zelf-en-verbouw/palletwagens-en-pompwagens/,502,0,0,Palletwagens en Pompwagens,,
2,263,,239,doe-het-zelf-en-verbouw,Doe-het-zelf en Verbouw,platen-en-panelen,Platen en Panelen,,Materialen,https://marketplace.apps-pilot.nl/l/doe-het-zelf-en-verbouw/platen-en-panelen/,6615,0,0,Platen en Panelen,,
2,1872,,239,doe-het-zelf-en-verbouw,Doe-het-zelf en Verbouw,plinten-en-afwerking,Plinten en Afwerking,,Materialen,https://marketplace.apps-pilot.nl/l/doe-het-zelf-en-verbouw/plinten-en-afwerking/,2590,0,0,Plinten en Afwerking,,
2,264,,239,doe-het-zelf-en-verbouw,Doe-het-zelf en Verbouw,reinigingsmachines,Reinigingsmachines,,Gereedschappen | Machines en Apparaten,https://marketplace.apps-pilot.nl/l/doe-het-zelf-en-verbouw/reinigingsmachines/,2701,3,3,Reinigingsmachines,,
2,265,,239,doe-het-zelf-en-verbouw,Doe-het-zelf en Verbouw,rolluiken,Rolluiken,,"Ramen, Deuren en Kozijnen",https://marketplace.apps-pilot.nl/l/doe-het-zelf-en-verbouw/rolluiken/,1413,0,0,Rolluiken,,
2,266,,239,doe-het-zelf-en-verbouw,Doe-het-zelf en Verbouw,sanitair,Sanitair,,Sanitair en Tegels,https://marketplace.apps-pilot.nl/l/doe-het-zelf-en-verbouw/sanitair/,56344,6,6,Sanitair,,
2,3104,,239,doe-het-zelf-en-verbouw,Doe-het-zelf en Verbouw,schaafmachines,Schaafmachines,,Gereedschappen | Machines en Apparaten,https://marketplace.apps-pilot.nl/l/doe-het-zelf-en-verbouw/schaafmachines/,676,1,1,Schaafmachines,,
2,267,,239,doe-het-zelf-en-verbouw,Doe-het-zelf en Verbouw,schildersmaterialen,Schildersmaterialen,,Verf en Schilderen,https://marketplace.apps-pilot.nl/l/doe-het-zelf-en-verbouw/schildersmaterialen/,14630,4,4,Schildersmaterialen,,
2,269,,239,doe-het-zelf-en-verbouw,Doe-het-zelf en Verbouw,steigers,Steigers,,Dak en Gevel,https://marketplace.apps-pilot.nl/l/doe-het-zelf-en-verbouw/steigers/,5053,4,4,Steigers,,
2,1873,,239,doe-het-zelf-en-verbouw,Doe-het-zelf en Verbouw,tegels,Tegels,,Sanitair en Tegels,https://marketplace.apps-pilot.nl/l/doe-het-zelf-en-verbouw/tegels/,16913,0,0,Tegels,,
2,271,,239,doe-het-zelf-en-verbouw,Doe-het-zelf en Verbouw,tekentafels,Tekentafels,,Gereedschappen,https://marketplace.apps-pilot.nl/l/doe-het-zelf-en-verbouw/tekentafels/,445,0,0,Tekentafels,,
2,3105,,239,doe-het-zelf-en-verbouw,Doe-het-zelf en Verbouw,thermostaten,Thermostaten,,Verwarming en Ventilatie,https://marketplace.apps-pilot.nl/l/doe-het-zelf-en-verbouw/thermostaten/,4436,1,1,Thermostaten,,
2,2623,,239,doe-het-zelf-en-verbouw,Doe-het-zelf en Verbouw,transportwagens,Transportwagens,,Gereedschappen,https://marketplace.apps-pilot.nl/l/doe-het-zelf-en-verbouw/transportwagens/,2919,3,3,Transportwagens,,
2,3101,,239,doe-het-zelf-en-verbouw,Doe-het-zelf en Verbouw,veiligheidsbrillen,Veiligheidsbrillen,,Werkkleding en Bescherming,https://marketplace.apps-pilot.nl/l/doe-het-zelf-en-verbouw/veiligheidsbrillen/,558,2,2,Veiligheidsbrillen,,
2,3201,,239,doe-het-zelf-en-verbouw,Doe-het-zelf en Verbouw,veiligheidshelmen,Veiligheidshelmen,,Werkkleding en Bescherming,https://marketplace.apps-pilot.nl/l/doe-het-zelf-en-verbouw/veiligheidshelmen/,256,0,0,Veiligheidshelmen,,
2,3200,,239,doe-het-zelf-en-verbouw,Doe-het-zelf en Verbouw,veiligheidskleding,Veiligheidskleding,,Werkkleding en Bescherming,https://marketplace.apps-pilot.nl/l/doe-het-zelf-en-verbouw/veiligheidskleding/,5058,0,0,Veiligheidskleding,,
2,1874,,239,doe-het-zelf-en-verbouw,Doe-het-zelf en Verbouw,ventilatie-en-afzuiging,Ventilatie en Afzuiging,,Verwarming en Ventilatie,https://marketplace.apps-pilot.nl/l/doe-het-zelf-en-verbouw/ventilatie-en-afzuiging/,10496,0,0,Ventilatie en Afzuiging,,
2,1875,,239,doe-het-zelf-en-verbouw,Doe-het-zelf en Verbouw,verf-beits-en-lak,"Verf, Beits en Lak",,Verf en Schilderen,https://marketplace.apps-pilot.nl/l/doe-het-zelf-en-verbouw/verf-beits-en-lak/,21257,16,16,"Verf, Beits en Lak",,
2,282,,239,doe-het-zelf-en-verbouw,Doe-het-zelf en Verbouw,verwarming-en-radiatoren,Verwarming en Radiatoren,,Verwarming en Ventilatie,https://marketplace.apps-pilot.nl/l/doe-het-zelf-en-verbouw/verwarming-en-radiatoren/,41196,0,0,Verwarming en Radiatoren,,
2,284,,239,doe-het-zelf-en-verbouw,Doe-het-zelf en Verbouw,vloerdelen-en-plavuizen,Vloerdelen en Plavuizen,,Materialen,https://marketplace.apps-pilot.nl/l/doe-het-zelf-en-verbouw/vloerdelen-en-plavuizen/,11365,0,0,Vloerdelen en Plavuizen,,
2,285,,239,doe-het-zelf-en-verbouw,Doe-het-zelf en Verbouw,weegschalen,Weegschalen,,Gereedschappen | Machines en Apparaten,https://marketplace.apps-pilot.nl/l/doe-het-zelf-en-verbouw/weegschalen/,1309,0,0,Weegschalen,,
2,261,,239,doe-het-zelf-en-verbouw,Doe-het-zelf en Verbouw,werkbanken,Werkbanken,,Gereedschappen,https://marketplace.apps-pilot.nl/l/doe-het-zelf-en-verbouw/werkbanken/,3806,0,0,Werkbanken,,
2,1876,,239,doe-het-zelf-en-verbouw,Doe-het-zelf en Verbouw,zeil-en-folie,Zeil en Folie,,Materialen,https://marketplace.apps-pilot.nl/l/doe-het-zelf-en-verbouw/zeil-en-folie/,1817,4,4,Zeil en Folie,,
2,2622,,239,doe-het-zelf-en-verbouw,Doe-het-zelf en Verbouw,zonnepanelen-en-toebehoren,Zonnepanelen en Toebehoren,Zonnepanelen,Dak en Gevel,https://marketplace.apps-pilot.nl/l/doe-het-zelf-en-verbouw/zonnepanelen-en-toebehoren/,1853,4,4,Zonnepanelen en Toebehoren,,
2,2852,,239,doe-het-zelf-en-verbouw,Doe-het-zelf en Verbouw,zwenkwielen,Zwenkwielen,,Materialen,https://marketplace.apps-pilot.nl/l/doe-het-zelf-en-verbouw/zwenkwielen/,1265,0,0,Zwenkwielen,,
1,445,,445,fietsen-en-brommers,Fietsen en Brommers,fietsen-en-brommers,Fietsen en Brommers,,,https://marketplace.apps-pilot.nl/l/fietsen-en-brommers/,,0,0,Fietsen en Brommers,,
2,2735,,445,fietsen-en-brommers,Fietsen en Brommers,brommerhelmen,Brommerhelmen,,Brommeronderdelen en Toebehoren,https://marketplace.apps-pilot.nl/l/fietsen-en-brommers/brommerhelmen/,2234,0,0,Brommerhelmen,,
2,712,,445,fietsen-en-brommers,Fietsen en Brommers,brommeronderdelen-algemeen,Brommeronderdelen | Algemeen,,Brommeronderdelen en Toebehoren,https://marketplace.apps-pilot.nl/l/fietsen-en-brommers/brommeronderdelen-algemeen/,10542,0,0,Brommeronderdelen,Algemeen,
2,1623,,445,fietsen-en-brommers,Fietsen en Brommers,brommeronderdelen-kreidler,Brommeronderdelen | Kreidler,Kreidler,Brommeronderdelen en Toebehoren,https://marketplace.apps-pilot.nl/l/fietsen-en-brommers/brommeronderdelen-kreidler/,1450,0,0,Brommeronderdelen,Kreidler,
2,2027,,445,fietsen-en-brommers,Fietsen en Brommers,brommeronderdelen-oldtimers,Brommeronderdelen | Oldtimers,Oldtimers,Brommeronderdelen en Toebehoren,https://marketplace.apps-pilot.nl/l/fietsen-en-brommers/brommeronderdelen-oldtimers/,3232,5,5,Brommeronderdelen,Oldtimers,
2,718,,445,fietsen-en-brommers,Fietsen en Brommers,brommeronderdelen-puch,Brommeronderdelen | Puch,Puch,Brommeronderdelen en Toebehoren,https://marketplace.apps-pilot.nl/l/fietsen-en-brommers/brommeronderdelen-puch/,1292,0,0,Brommeronderdelen,Puch,
2,719,,445,fietsen-en-brommers,Fietsen en Brommers,brommeronderdelen-scooters,Brommeronderdelen | Scooters,Scooters,Brommeronderdelen en Toebehoren,https://marketplace.apps-pilot.nl/l/fietsen-en-brommers/brommeronderdelen-scooters/,20460,10,10,Brommeronderdelen,Scooters,
2,720,,445,fietsen-en-brommers,Fietsen en Brommers,brommeronderdelen-snorfietsen,Brommeronderdelen | Snorfietsen,Snorfietsen,Brommeronderdelen en Toebehoren,https://marketplace.apps-pilot.nl/l/fietsen-en-brommers/brommeronderdelen-snorfietsen/,1603,10,10,Brommeronderdelen,Snorfietsen,
2,1138,,445,fietsen-en-brommers,Fietsen en Brommers,brommeronderdelen-zundapp,Brommeronderdelen | Zundapp,Zundapp,Brommeronderdelen en Toebehoren,https://marketplace.apps-pilot.nl/l/fietsen-en-brommers/brommeronderdelen-zundapp/,1487,0,0,Brommeronderdelen,Zundapp,
2,679,,445,fietsen-en-brommers,Fietsen en Brommers,brommers-crossbrommers,Brommers | Crossbrommers,Crossbrommers,Brommers,https://marketplace.apps-pilot.nl/l/fietsen-en-brommers/brommers-crossbrommers/,1755,5,5,Brommers,Crossbrommers,
2,2734,,445,fietsen-en-brommers,Fietsen en Brommers,brommers-derbi,Brommers | Derbi,Derbi,Brommers,https://marketplace.apps-pilot.nl/l/fietsen-en-brommers/brommers-derbi/,630,0,0,Brommers,Derbi,
2,1432,,445,fietsen-en-brommers,Fietsen en Brommers,brommers-honda,Brommers | Honda,Honda,Brommers,https://marketplace.apps-pilot.nl/l/fietsen-en-brommers/brommers-honda/,400,5,5,Brommers,Honda,
2,680,,445,fietsen-en-brommers,Fietsen en Brommers,brommers-kreidler,Brommers | Kreidler,Kreidler,Brommers,https://marketplace.apps-pilot.nl/l/fietsen-en-brommers/brommers-kreidler/,192,3,3,Brommers,Kreidler,
2,681,,445,fietsen-en-brommers,Fietsen en Brommers,brommers-oldtimers,Brommers | Oldtimers,Oldtimers,Brommers,https://marketplace.apps-pilot.nl/l/fietsen-en-brommers/brommers-oldtimers/,689,5,5,Brommers,Oldtimers,
2,682,,445,fietsen-en-brommers,Fietsen en Brommers,brommers-overige-merken,Brommers | Overige merken,Overige merken,Brommers,https://marketplace.apps-pilot.nl/l/fietsen-en-brommers/brommers-overige-merken/,1506,0,0,Brommers,Overige merken,
2,2124,,445,fietsen-en-brommers,Fietsen en Brommers,brommers-peugeot,Brommers | Peugeot,Peugeot,Brommers,https://marketplace.apps-pilot.nl/l/fietsen-en-brommers/brommers-peugeot/,329,2,2,Brommers,Peugeot,
2,683,,445,fietsen-en-brommers,Fietsen en Brommers,brommers-puch,Brommers | Puch,Puch,Brommers,https://marketplace.apps-pilot.nl/l/fietsen-en-brommers/brommers-puch/,290,2,2,Brommers,Puch,
2,684,,445,fietsen-en-brommers,Fietsen en Brommers,brommers-schadebrommers,Brommers | Schadebrommers,Schadebrommers,Brommers,https://marketplace.apps-pilot.nl/l/fietsen-en-brommers/brommers-schadebrommers/,61,1,1,Brommers,Schadebrommers,
2,2625,,445,fietsen-en-brommers,Fietsen en Brommers,brommers-solex,Brommers | Solex,Solex,Brommers,https://marketplace.apps-pilot.nl/l/fietsen-en-brommers/brommers-solex/,212,3,3,Brommers,Solex,
2,1914,,445,fietsen-en-brommers,Fietsen en Brommers,brommers-toebehoren,Brommers | Toebehoren,Toebehoren,Brommeronderdelen en Toebehoren,https://marketplace.apps-pilot.nl/l/fietsen-en-brommers/brommers-toebehoren/,510,0,0,Brommers,Toebehoren,
2,685,,445,fietsen-en-brommers,Fietsen en Brommers,brommers-tomos,Brommers | Tomos,Tomos,Brommers,https://marketplace.apps-pilot.nl/l/fietsen-en-brommers/brommers-tomos/,1482,5,5,Brommers,Tomos,
2,1915,,445,fietsen-en-brommers,Fietsen en Brommers,brommers-tuning-en-styling,Brommers | Tuning en Styling,Tuning en Styling,Brommeronderdelen en Toebehoren,https://marketplace.apps-pilot.nl/l/fietsen-en-brommers/brommers-tuning-en-styling/,737,0,0,Brommers,Tuning en Styling,
2,686,,445,fietsen-en-brommers,Fietsen en Brommers,brommers-vespa,Brommers | Vespa,Vespa,Brommers,https://marketplace.apps-pilot.nl/l/fietsen-en-brommers/brommers-vespa/,531,2,2,Brommers,Vespa,
2,687,,445,fietsen-en-brommers,Fietsen en Brommers,brommers-zundapp,Brommers | Zundapp,Zundapp,Brommers,https://marketplace.apps-pilot.nl/l/fietsen-en-brommers/brommers-zundapp/,213,4,4,Brommers,Zundapp,
2,451,,445,fietsen-en-brommers,Fietsen en Brommers,elektrische-fietsen,Elektrische fietsen,,Fietsen | Algemeen,https://marketplace.apps-pilot.nl/l/fietsen-en-brommers/elektrische-fietsen/,21218,15,15,Elektrische fietsen,,
2,450,,445,fietsen-en-brommers,Fietsen en Brommers,fietsaccessoires-aanhangers-en-karren,Fietsaccessoires | Aanhangers en Karren,Aanhangers en Karren,Fietsaccessoires en Onderdelen,https://marketplace.apps-pilot.nl/l/fietsen-en-brommers/fietsaccessoires-aanhangers-en-karren/,2703,5,5,Fietsaccessoires,Aanhangers en Karren,
2,3108,,445,fietsen-en-brommers,Fietsen en Brommers,fietsaccessoires-bagagedragers,Fietsaccessoires | Bagagedragers,Bagagedragers,Fietsaccessoires en Onderdelen,https://marketplace.apps-pilot.nl/l/fietsen-en-brommers/fietsaccessoires-bagagedragers/,2796,0,0,Fietsaccessoires,Bagagedragers,
2,3110,,445,fietsen-en-brommers,Fietsen en Brommers,fietsaccessoires-buggydragers,Fietsaccessoires | Buggydragers,Buggydragers,Fietsaccessoires en Onderdelen,https://marketplace.apps-pilot.nl/l/fietsen-en-brommers/fietsaccessoires-buggydragers/,149,0,0,Fietsaccessoires,Buggydragers,
2,3107,,445,fietsen-en-brommers,Fietsen en Brommers,fietsaccessoires-fietsaccu-s,Fietsaccessoires | Fietsaccu's,Fietsaccu's,Fietsaccessoires en Onderdelen,https://marketplace.apps-pilot.nl/l/fietsen-en-brommers/fietsaccessoires-fietsaccu-s/,6737,0,0,Fietsaccessoires,Fietsaccu's,
2,3116,,445,fietsen-en-brommers,Fietsen en Brommers,fietsaccessoires-fietsbellen,Fietsaccessoires | Fietsbellen,Fietsbellen,Fietsaccessoires en Onderdelen,https://marketplace.apps-pilot.nl/l/fietsen-en-brommers/fietsaccessoires-fietsbellen/,329,0,0,Fietsaccessoires,Fietsbellen,
2,3112,,445,fietsen-en-brommers,Fietsen en Brommers,fietsaccessoires-fietscomputers,Fietsaccessoires | Fietscomputers,Fietscomputers,Fietsaccessoires en Onderdelen,https://marketplace.apps-pilot.nl/l/fietsen-en-brommers/fietsaccessoires-fietscomputers/,2787,6,6,Fietsaccessoires,Fietscomputers,
2,3115,,445,fietsen-en-brommers,Fietsen en Brommers,fietsaccessoires-fietsenrekken,Fietsaccessoires | Fietsenrekken,Fietsenrekken,Fietsaccessoires en Onderdelen,https://marketplace.apps-pilot.nl/l/fietsen-en-brommers/fietsaccessoires-fietsenrekken/,2627,0,0,Fietsaccessoires,Fietsenrekken,
2,3109,,445,fietsen-en-brommers,Fietsen en Brommers,fietsaccessoires-fietsgereedschap,Fietsaccessoires | Fietsgereedschap,Fietsgereedschap,Fietsaccessoires en Onderdelen,https://marketplace.apps-pilot.nl/l/fietsen-en-brommers/fietsaccessoires-fietsgereedschap/,942,6,6,Fietsaccessoires,Fietsgereedschap,
2,2736,,445,fietsen-en-brommers,Fietsen en Brommers,fietsaccessoires-fietshelmen,Fietsaccessoires | Fietshelmen,Fietshelmen,Fietsaccessoires en Onderdelen,https://marketplace.apps-pilot.nl/l/fietsen-en-brommers/fietsaccessoires-fietshelmen/,6516,6,6,Fietsaccessoires,Fietshelmen,
2,468,,445,fietsen-en-brommers,Fietsen en Brommers,fietsaccessoires-fietskleding,Fietsaccessoires | Fietskleding,Fietskleding,Fietsaccessoires en Onderdelen,https://marketplace.apps-pilot.nl/l/fietsen-en-brommers/fietsaccessoires-fietskleding/,8301,0,0,Fietsaccessoires,Fietskleding,
2,1918,,445,fietsen-en-brommers,Fietsen en Brommers,fietsaccessoires-fietsmanden,Fietsaccessoires | Fietsmanden,Fietsmanden,Fietsaccessoires en Onderdelen,https://marketplace.apps-pilot.nl/l/fietsen-en-brommers/fietsaccessoires-fietsmanden/,1760,0,0,Fietsaccessoires,Fietsmanden,
2,3113,,445,fietsen-en-brommers,Fietsen en Brommers,fietsaccessoires-fietspompen,Fietsaccessoires | Fietspompen,Fietspompen,Fietsaccessoires en Onderdelen,https://marketplace.apps-pilot.nl/l/fietsen-en-brommers/fietsaccessoires-fietspompen/,1092,0,0,Fietsaccessoires,Fietspompen,
2,3114,,445,fietsen-en-brommers,Fietsen en Brommers,fietsaccessoires-fietssloten,Fietsaccessoires | Fietssloten,Fietssloten,Fietsaccessoires en Onderdelen,https://marketplace.apps-pilot.nl/l/fietsen-en-brommers/fietsaccessoires-fietssloten/,2072,8,8,Fietsaccessoires,Fietssloten,
2,457,,445,fietsen-en-brommers,Fietsen en Brommers,fietsaccessoires-fietsstoeltjes,Fietsaccessoires | Fietsstoeltjes,Fietsstoeltjes,Fietsaccessoires en Onderdelen,https://marketplace.apps-pilot.nl/l/fietsen-en-brommers/fietsaccessoires-fietsstoeltjes/,14158,2,2,Fietsaccessoires,Fietsstoeltjes,
2,1666,,445,fietsen-en-brommers,Fietsen en Brommers,fietsaccessoires-fietstassen,Fietsaccessoires | Fietstassen,Fietstassen,Fietsaccessoires en Onderdelen,https://marketplace.apps-pilot.nl/l/fietsen-en-brommers/fietsaccessoires-fietstassen/,3685,0,0,Fietsaccessoires,Fietstassen,
2,3111,,445,fietsen-en-brommers,Fietsen en Brommers,fietsaccessoires-fietsverlichting,Fietsaccessoires | Fietsverlichting,Fietsverlichting,Fietsaccessoires en Onderdelen,https://marketplace.apps-pilot.nl/l/fietsen-en-brommers/fietsaccessoires-fietsverlichting/,1338,3,3,Fietsaccessoires,Fietsverlichting,
2,1919,,445,fietsen-en-brommers,Fietsen en Brommers,fietsaccessoires-overige-fietsaccessoires,Fietsaccessoires | Overige Fietsaccessoires,Overige Fietsaccessoires,Fietsaccessoires en Onderdelen,https://marketplace.apps-pilot.nl/l/fietsen-en-brommers/fietsaccessoires-overige-fietsaccessoires/,7595,0,0,Fietsaccessoires,Overige Fietsaccessoires,
2,446,,445,fietsen-en-brommers,Fietsen en Brommers,fietsen-bakfietsen,Fietsen | Bakfietsen,Bakfietsen,Fietsen | Algemeen,https://marketplace.apps-pilot.nl/l/fietsen-en-brommers/fietsen-bakfietsen/,3105,4,4,Fietsen,Bakfietsen,
2,1621,,445,fietsen-en-brommers,Fietsen en Brommers,fietsen-crossfietsen-en-bmx,Fietsen | Crossfietsen en BMX,Crossfietsen en BMX,Fietsen | Algemeen,https://marketplace.apps-pilot.nl/l/fietsen-en-brommers/fietsen-crossfietsen-en-bmx/,3765,0,0,Fietsen,Crossfietsen en BMX,
2,1667,,445,fietsen-en-brommers,Fietsen en Brommers,fietsen-cruisers-en-lowriders,Fietsen | Cruisers en Lowriders,Cruisers en Lowriders,Fietsen | Algemeen,https://marketplace.apps-pilot.nl/l/fietsen-en-brommers/fietsen-cruisers-en-lowriders/,910,2,2,Fietsen,Cruisers en Lowriders,
2,447,,445,fietsen-en-brommers,Fietsen en Brommers,fietsen-dames-damesfietsen,Fietsen | Dames | Damesfietsen,Damesfietsen,Fietsen | Dames,https://marketplace.apps-pilot.nl/l/fietsen-en-brommers/fietsen-dames-damesfietsen/,27413,5,5,Fietsen,Dames,Damesfietsen
2,1916,,445,fietsen-en-brommers,Fietsen en Brommers,fietsen-dames-moederfietsen,Fietsen | Dames | Moederfietsen,Moederfietsen,Fietsen | Dames,https://marketplace.apps-pilot.nl/l/fietsen-en-brommers/fietsen-dames-moederfietsen/,2271,5,5,Fietsen,Dames,Moederfietsen
2,461,,445,fietsen-en-brommers,Fietsen en Brommers,fietsen-dames-omafietsen,Fietsen | Dames | Omafietsen,Omafietsen,Fietsen | Dames,https://marketplace.apps-pilot.nl/l/fietsen-en-brommers/fietsen-dames-omafietsen/,5538,0,0,Fietsen,Dames,Omafietsen
2,448,,445,fietsen-en-brommers,Fietsen en Brommers,fietsen-dames-sportfietsen-en-toerfietsen,Fietsen | Dames | Sportfietsen en Toerfietsen,Sportfietsen,Fietsen | Dames,https://marketplace.apps-pilot.nl/l/fietsen-en-brommers/fietsen-dames-sportfietsen-en-toerfietsen/,2478,8,8,Fietsen,Dames,Sportfietsen en Toerfietsen
2,456,,445,fietsen-en-brommers,Fietsen en Brommers,fietsen-driewielers,Fietsen | Driewielers,Driewielers,Fietsen | Kinderen,https://marketplace.apps-pilot.nl/l/fietsen-en-brommers/fietsen-driewielers/,3166,0,0,Fietsen,Driewielers,
2,449,,445,fietsen-en-brommers,Fietsen en Brommers,fietsen-driewielfietsen,Fietsen | Driewielfietsen,Driewielfietsen,Fietsen | Algemeen,https://marketplace.apps-pilot.nl/l/fietsen-en-brommers/fietsen-driewielfietsen/,1513,0,0,Fietsen,Driewielfietsen,
2,3106,,445,fietsen-en-brommers,Fietsen en Brommers,fietsen-eenwielers,Fietsen | Eenwielers,Eenwielers,Fietsen | Algemeen,https://marketplace.apps-pilot.nl/l/fietsen-en-brommers/fietsen-eenwielers/,265,0,0,Fietsen,Eenwielers,
2,453,,445,fietsen-en-brommers,Fietsen en Brommers,fietsen-heren-herenfietsen,Fietsen | Heren | Herenfietsen,Herenfietsen,Fietsen | Heren,https://marketplace.apps-pilot.nl/l/fietsen-en-brommers/fietsen-heren-herenfietsen/,13900,5,5,Fietsen,Heren,Herenfietsen
2,454,,445,fietsen-en-brommers,Fietsen en Brommers,fietsen-heren-sportfietsen-en-toerfietsen,Fietsen | Heren | Sportfietsen en Toerfietsen,Sportfietsen,Fietsen | Heren,https://marketplace.apps-pilot.nl/l/fietsen-en-brommers/fietsen-heren-sportfietsen-en-toerfietsen/,6413,8,8,Fietsen,Heren,Sportfietsen en Toerfietsen
2,455,,445,fietsen-en-brommers,Fietsen en Brommers,fietsen-jongens,Fietsen | Jongens,Jongensfietsen,Fietsen | Kinderen,https://marketplace.apps-pilot.nl/l/fietsen-en-brommers/fietsen-jongens/,4583,7,7,Fietsen,Jongens,
2,1917,,445,fietsen-en-brommers,Fietsen en Brommers,fietsen-kinderfietsjes,Fietsen | Kinderfietsjes,Kinderfietsjes,Fietsen | Kinderen,https://marketplace.apps-pilot.nl/l/fietsen-en-brommers/fietsen-kinderfietsjes/,17200,0,0,Fietsen,Kinderfietsjes,
2,458,,445,fietsen-en-brommers,Fietsen en Brommers,fietsen-ligfietsen,Fietsen | Ligfietsen,Ligfietsen,Fietsen | Algemeen,https://marketplace.apps-pilot.nl/l/fietsen-en-brommers/fietsen-ligfietsen/,223,4,4,Fietsen,Ligfietsen,
2,459,,445,fietsen-en-brommers,Fietsen en Brommers,fietsen-meisjes,Fietsen | Meisjes,Meisjesfietsen,Fietsen | Kinderen,https://marketplace.apps-pilot.nl/l/fietsen-en-brommers/fietsen-meisjes/,7950,7,7,Fietsen,Meisjes,
2,460,,445,fietsen-en-brommers,Fietsen en Brommers,fietsen-mountainbikes-en-atb,Fietsen | Mountainbikes en ATB,Mountainbikes en ATB,Fietsen | Algemeen,https://marketplace.apps-pilot.nl/l/fietsen-en-brommers/fietsen-mountainbikes-en-atb/,15741,10,10,Fietsen,Mountainbikes en ATB,
2,2026,,445,fietsen-en-brommers,Fietsen en Brommers,fietsen-oldtimers,Fietsen | Oldtimers,Oldtimers,Fietsen | Algemeen,https://marketplace.apps-pilot.nl/l/fietsen-en-brommers/fietsen-oldtimers/,1614,0,0,Fietsen,Oldtimers,
2,464,,445,fietsen-en-brommers,Fietsen en Brommers,fietsen-racefietsen,Fietsen | Racefietsen,Racefietsen,Fietsen | Algemeen,https://marketplace.apps-pilot.nl/l/fietsen-en-brommers/fietsen-racefietsen/,13485,12,12,Fietsen,Racefietsen,
2,466,,445,fietsen-en-brommers,Fietsen en Brommers,fietsen-tandems,Fietsen | Tandems,Tandems,Fietsen | Algemeen,https://marketplace.apps-pilot.nl/l/fietsen-en-brommers/fietsen-tandems/,780,0,0,Fietsen,Tandems,
2,467,,445,fietsen-en-brommers,Fietsen en Brommers,fietsen-vouwfietsen,Fietsen | Vouwfietsen,Vouwfietsen,Fietsen | Algemeen,https://marketplace.apps-pilot.nl/l/fietsen-en-brommers/fietsen-vouwfietsen/,2895,7,7,Fietsen,Vouwfietsen,
2,462,,445,fietsen-en-brommers,Fietsen en Brommers,fietsonderdelen,Fietsonderdelen,,Fietsaccessoires en Onderdelen,https://marketplace.apps-pilot.nl/l/fietsen-en-brommers/fietsonderdelen/,31393,13,13,Fietsonderdelen,,
2,2125,,445,fietsen-en-brommers,Fietsen en Brommers,handleidingen-en-instructieboekjes,Handleidingen en Instructieboekjes,Handleidingen,Overige,https://marketplace.apps-pilot.nl/l/fietsen-en-brommers/handleidingen-en-instructieboekjes/,1568,0,0,Handleidingen en Instructieboekjes,,
2,690,,445,fietsen-en-brommers,Fietsen en Brommers,minibikes-midibikes-en-pitbikes,"Minibikes, Midibikes en Pitbikes",Minibikes en Midibikes,Brommers,https://marketplace.apps-pilot.nl/l/fietsen-en-brommers/minibikes-midibikes-en-pitbikes/,1439,0,0,"Minibikes, Midibikes en Pitbikes",,
2,463,,445,fietsen-en-brommers,Fietsen en Brommers,overige-fietsen-en-brommers,Overige Fietsen en Brommers,,Overige,https://marketplace.apps-pilot.nl/l/fietsen-en-brommers/overige-fietsen-en-brommers/,1284,0,0,Overige Fietsen en Brommers,,
2,2737,,445,fietsen-en-brommers,Fietsen en Brommers,scooters-aprilia,Scooters | Aprilia,Aprilia,Scooters,https://marketplace.apps-pilot.nl/l/fietsen-en-brommers/scooters-aprilia/,301,3,3,Scooters,Aprilia,
2,2738,,445,fietsen-en-brommers,Fietsen en Brommers,scooters-kymco,Scooters | Kymco,Kymco,Scooters,https://marketplace.apps-pilot.nl/l/fietsen-en-brommers/scooters-kymco/,1039,5,5,Scooters,Kymco,
2,2742,,445,fietsen-en-brommers,Fietsen en Brommers,scooters-overige-merken,Scooters | Overige merken,Overige merken,Scooters,https://marketplace.apps-pilot.nl/l/fietsen-en-brommers/scooters-overige-merken/,2077,0,0,Scooters,Overige merken,
2,2739,,445,fietsen-en-brommers,Fietsen en Brommers,scooters-peugeot,Scooters | Peugeot,Peugeot,Scooters,https://marketplace.apps-pilot.nl/l/fietsen-en-brommers/scooters-peugeot/,1254,4,4,Scooters,Peugeot,
2,2740,,445,fietsen-en-brommers,Fietsen en Brommers,scooters-piaggio,Scooters | Piaggio,Piaggio,Scooters,https://marketplace.apps-pilot.nl/l/fietsen-en-brommers/scooters-piaggio/,4804,4,4,Scooters,Piaggio,
2,2853,,445,fietsen-en-brommers,Fietsen en Brommers,scooters-sym,Scooters | SYM,SYM,Scooters,https://marketplace.apps-pilot.nl/l/fietsen-en-brommers/scooters-sym/,1684,5,5,Scooters,SYM,
2,2741,,445,fietsen-en-brommers,Fietsen en Brommers,scooters-vespa,Scooters | Vespa,Vespa,Scooters,https://marketplace.apps-pilot.nl/l/fietsen-en-brommers/scooters-vespa/,2991,4,4,Scooters,Vespa,
2,726,,445,fietsen-en-brommers,Fietsen en Brommers,scooters-yamaha,Scooters | Yamaha,Yamaha,Scooters,https://marketplace.apps-pilot.nl/l/fietsen-en-brommers/scooters-yamaha/,739,4,4,Scooters,Yamaha,
2,727,,445,fietsen-en-brommers,Fietsen en Brommers,snorfietsen-en-snorscooters,Snorfietsen en Snorscooters,,Snorfietsen en Snorscooters,https://marketplace.apps-pilot.nl/l/fietsen-en-brommers/snorfietsen-en-snorscooters/,6636,10,10,Snorfietsen en Snorscooters,,
2,465,,445,fietsen-en-brommers,Fietsen en Brommers,steps,Steps,,Overige,https://marketplace.apps-pilot.nl/l/fietsen-en-brommers/steps/,14219,0,0,Steps,,
1,1099,,1099,hobby-en-vrije-tijd,Hobby en Vrije tijd,hobby-en-vrije-tijd,Hobby en Vrije tijd,,,https://marketplace.apps-pilot.nl/l/hobby-en-vrije-tijd/,,0,0,Hobby en Vrije tijd,,
2,1228,,1099,hobby-en-vrije-tijd,Hobby en Vrije tijd,borduren-en-borduurmachines,Borduren en Borduurmachines,Borduren,Kleding en Stoffen,https://marketplace.apps-pilot.nl/l/hobby-en-vrije-tijd/borduren-en-borduurmachines/,14601,6,6,Borduren en Borduurmachines,,
2,1229,,1099,hobby-en-vrije-tijd,Hobby en Vrije tijd,breien-en-haken,Breien en Haken,,Kleding en Stoffen,https://marketplace.apps-pilot.nl/l/hobby-en-vrije-tijd/breien-en-haken/,21847,5,5,Breien en Haken,,
2,1231,,1099,hobby-en-vrije-tijd,Hobby en Vrije tijd,cursusmateriaal,Cursusmateriaal,,Overige,https://marketplace.apps-pilot.nl/l/hobby-en-vrije-tijd/cursusmateriaal/,714,0,0,Cursusmateriaal,,
2,1969,,1099,hobby-en-vrije-tijd,Hobby en Vrije tijd,denksport-en-puzzels,Denksport en Puzzels,,Spel en Strategie,https://marketplace.apps-pilot.nl/l/hobby-en-vrije-tijd/denksport-en-puzzels/,54181,5,5,Denksport en Puzzels,,
2,1398,,1099,hobby-en-vrije-tijd,Hobby en Vrije tijd,elektronica-componenten,Elektronica-componenten,,Elektronica,https://marketplace.apps-pilot.nl/l/hobby-en-vrije-tijd/elektronica-componenten/,16052,0,0,Elektronica-componenten,,
2,1234,,1099,hobby-en-vrije-tijd,Hobby en Vrije tijd,feestartikelen,Feestartikelen,,Feestartikelen,https://marketplace.apps-pilot.nl/l/hobby-en-vrije-tijd/feestartikelen/,30271,0,0,Feestartikelen,,
2,1971,,1099,hobby-en-vrije-tijd,Hobby en Vrije tijd,feestartikelen-verhuur,Feestartikelen | Verhuur,,Feestartikelen,https://marketplace.apps-pilot.nl/l/hobby-en-vrije-tijd/feestartikelen-verhuur/,11727,0,0,Feestartikelen,Verhuur,
2,1233,,1099,hobby-en-vrije-tijd,Hobby en Vrije tijd,gezelschapsspellen-bordspellen,Gezelschapsspellen | Bordspellen,,Spel en Strategie,https://marketplace.apps-pilot.nl/l/hobby-en-vrije-tijd/gezelschapsspellen-bordspellen/,60594,0,0,Gezelschapsspellen,Bordspellen,
2,2743,,1099,hobby-en-vrije-tijd,Hobby en Vrije tijd,gezelschapsspellen-kaartspellen,Gezelschapsspellen | Kaartspellen,,Spel en Strategie,https://marketplace.apps-pilot.nl/l/hobby-en-vrije-tijd/gezelschapsspellen-kaartspellen/,17572,0,0,Gezelschapsspellen,Kaartspellen,
2,2744,,1099,hobby-en-vrije-tijd,Hobby en Vrije tijd,gezelschapsspellen-overige,Gezelschapsspellen | Overige,,Spel en Strategie,https://marketplace.apps-pilot.nl/l/hobby-en-vrije-tijd/gezelschapsspellen-overige/,9378,0,0,Gezelschapsspellen,Overige,
2,1401,,1099,hobby-en-vrije-tijd,Hobby en Vrije tijd,kaarten-zelf-maken,Kaarten | Zelf maken,,Knutselen en Handenarbeid,https://marketplace.apps-pilot.nl/l/hobby-en-vrije-tijd/kaarten-zelf-maken/,13910,0,0,Kaarten,Zelf maken,
2,2745,,1099,hobby-en-vrije-tijd,Hobby en Vrije tijd,kaarten-zelfgemaakt,Kaarten | Zelfgemaakt,,Knutselen en Handenarbeid,https://marketplace.apps-pilot.nl/l/hobby-en-vrije-tijd/kaarten-zelfgemaakt/,5451,0,0,Kaarten,Zelfgemaakt,
2,2854,,1099,hobby-en-vrije-tijd,Hobby en Vrije tijd,kantklossen,Kantklossen,,Kleding en Stoffen,https://marketplace.apps-pilot.nl/l/hobby-en-vrije-tijd/kantklossen/,383,0,0,Kantklossen,,
2,2855,,1099,hobby-en-vrije-tijd,Hobby en Vrije tijd,kledingapplicaties-en-hotfix,Kledingapplicaties en Hotfix,,Kleding en Stoffen,https://marketplace.apps-pilot.nl/l/hobby-en-vrije-tijd/kledingapplicaties-en-hotfix/,1493,0,0,Kledingapplicaties en Hotfix,,
2,1235,,1099,hobby-en-vrije-tijd,Hobby en Vrije tijd,kledingpatronen,Kledingpatronen,,Kleding en Stoffen,https://marketplace.apps-pilot.nl/l/hobby-en-vrije-tijd/kledingpatronen/,1828,8,8,Kledingpatronen,,
2,1240,,1099,hobby-en-vrije-tijd,Hobby en Vrije tijd,knutselen,Knutselen,,Knutselen en Handenarbeid,https://marketplace.apps-pilot.nl/l/hobby-en-vrije-tijd/knutselen/,32253,0,0,Knutselen,,
2,2626,,1099,hobby-en-vrije-tijd,Hobby en Vrije tijd,kostuums-theaterbenodigdheden-en-larp,"Kostuums, Theaterbenodigdheden en LARP",Kostuums en Theater,Kleding en Stoffen,https://marketplace.apps-pilot.nl/l/hobby-en-vrije-tijd/kostuums-theaterbenodigdheden-en-larp/,2381,0,0,"Kostuums, Theaterbenodigdheden en LARP",,
2,1241,,1099,hobby-en-vrije-tijd,Hobby en Vrije tijd,kralen-en-sieraden-maken,Kralen en Sieraden maken,Kralen en Sieraden,Knutselen en Handenarbeid,https://marketplace.apps-pilot.nl/l/hobby-en-vrije-tijd/kralen-en-sieraden-maken/,32152,0,0,Kralen en Sieraden maken,,
2,1236,,1099,hobby-en-vrije-tijd,Hobby en Vrije tijd,metaaldetectors,Metaaldetectors,,Elektronica,https://marketplace.apps-pilot.nl/l/hobby-en-vrije-tijd/metaaldetectors/,607,5,5,Metaaldetectors,,
2,2126,,1099,hobby-en-vrije-tijd,Hobby en Vrije tijd,ministeck,Ministeck,,Knutselen en Handenarbeid,https://marketplace.apps-pilot.nl/l/hobby-en-vrije-tijd/ministeck/,797,0,0,Ministeck,,
2,921,,1099,hobby-en-vrije-tijd,Hobby en Vrije tijd,modelauto-s-1-18,Modelauto's | 1:18,Schaal 1:18,Modelauto's,https://marketplace.apps-pilot.nl/l/hobby-en-vrije-tijd/modelauto-s-1-18/,18642,17,17,Modelauto's,1:18,
2,2746,,1099,hobby-en-vrije-tijd,Hobby en Vrije tijd,modelauto-s-1-24,Modelauto's | 1:24,Schaal 1:24,Modelauto's,https://marketplace.apps-pilot.nl/l/hobby-en-vrije-tijd/modelauto-s-1-24/,5103,7,7,Modelauto's,1:24,
2,2747,,1099,hobby-en-vrije-tijd,Hobby en Vrije tijd,modelauto-s-1-32,Modelauto's | 1:32,Schaal 1:32,Modelauto's,https://marketplace.apps-pilot.nl/l/hobby-en-vrije-tijd/modelauto-s-1-32/,5368,10,10,Modelauto's,1:32,
2,1972,,1099,hobby-en-vrije-tijd,Hobby en Vrije tijd,modelauto-s-1-43,Modelauto's | 1:43,Schaal 1:43,Modelauto's,https://marketplace.apps-pilot.nl/l/hobby-en-vrije-tijd/modelauto-s-1-43/,34122,15,15,Modelauto's,1:43,
2,2127,,1099,hobby-en-vrije-tijd,Hobby en Vrije tijd,modelauto-s-1-5-tot-1-12,Modelauto's | 1:5 tot 1:12,Schaal 1:5 tot 1:12,Modelauto's,https://marketplace.apps-pilot.nl/l/hobby-en-vrije-tijd/modelauto-s-1-5-tot-1-12/,4106,0,0,Modelauto's,1:5 tot 1:12,
2,2033,,1099,hobby-en-vrije-tijd,Hobby en Vrije tijd,modelauto-s-1-50,Modelauto's | 1:50,Schaal 1:50,Modelauto's,https://marketplace.apps-pilot.nl/l/hobby-en-vrije-tijd/modelauto-s-1-50/,17414,12,12,Modelauto's,1:50,
2,2748,,1099,hobby-en-vrije-tijd,Hobby en Vrije tijd,modelauto-s-1-87,Modelauto's | 1:87,Schaal 1:87,Modelauto's,https://marketplace.apps-pilot.nl/l/hobby-en-vrije-tijd/modelauto-s-1-87/,12701,14,14,Modelauto's,1:87,
2,2749,,1099,hobby-en-vrije-tijd,Hobby en Vrije tijd,modelauto-s-overige-schalen,Modelauto's | Overige schalen,Overige schalen,Modelauto's,https://marketplace.apps-pilot.nl/l/hobby-en-vrije-tijd/modelauto-s-overige-schalen/,32192,0,0,Modelauto's,Overige schalen,
2,1237,,1099,hobby-en-vrije-tijd,Hobby en Vrije tijd,modelbouw-auto-s-en-voertuigen,Modelbouw | Auto's en Voertuigen,Auto's en Voertuigen,Modelbouw,https://marketplace.apps-pilot.nl/l/hobby-en-vrije-tijd/modelbouw-auto-s-en-voertuigen/,12605,8,8,Modelbouw,Auto's en Voertuigen,
2,2750,,1099,hobby-en-vrije-tijd,Hobby en Vrije tijd,modelbouw-boten-en-schepen,Modelbouw | Boten en Schepen,Boten en Schepen,Modelbouw,https://marketplace.apps-pilot.nl/l/hobby-en-vrije-tijd/modelbouw-boten-en-schepen/,1921,5,5,Modelbouw,Boten en Schepen,
2,2751,,1099,hobby-en-vrije-tijd,Hobby en Vrije tijd,modelbouw-figuren-en-diorama-s,Modelbouw | Figuren en Diorama's,Figuren en Diorama's,Modelbouw,https://marketplace.apps-pilot.nl/l/hobby-en-vrije-tijd/modelbouw-figuren-en-diorama-s/,3338,0,0,Modelbouw,Figuren en Diorama's,
2,2753,,1099,hobby-en-vrije-tijd,Hobby en Vrije tijd,modelbouw-overige,Modelbouw | Overige,Overige,Modelbouw,https://marketplace.apps-pilot.nl/l/hobby-en-vrije-tijd/modelbouw-overige/,1650,0,0,Modelbouw,Overige,
2,2034,,1099,hobby-en-vrije-tijd,Hobby en Vrije tijd,modelbouw-radiografisch-auto-s,Modelbouw | Radiografisch | Auto's,Radiografisch | Auto's,Modelbouw,https://marketplace.apps-pilot.nl/l/hobby-en-vrije-tijd/modelbouw-radiografisch-auto-s/,8179,0,0,Modelbouw,Radiografisch,Auto's
2,2754,,1099,hobby-en-vrije-tijd,Hobby en Vrije tijd,modelbouw-radiografisch-helikopters-en-quadcopters,Modelbouw | Radiografisch | Helikopters en Quadcopters,Radiografisch | Helikopters en Quadcopters,Modelbouw,https://marketplace.apps-pilot.nl/l/hobby-en-vrije-tijd/modelbouw-radiografisch-helikopters-en-quadcopters/,1086,0,0,Modelbouw,Radiografisch,Helikopters en Quadcopters
2,2755,,1099,hobby-en-vrije-tijd,Hobby en Vrije tijd,modelbouw-radiografisch-overige,Modelbouw | Radiografisch | Overige,Radiografisch | Overige,Modelbouw,https://marketplace.apps-pilot.nl/l/hobby-en-vrije-tijd/modelbouw-radiografisch-overige/,1820,0,0,Modelbouw,Radiografisch,Overige
2,2856,,1099,hobby-en-vrije-tijd,Hobby en Vrije tijd,modelbouw-radiografisch-vliegtuigen,Modelbouw | Radiografisch | Vliegtuigen,Radiografisch | Vliegtuigen,Modelbouw,https://marketplace.apps-pilot.nl/l/hobby-en-vrije-tijd/modelbouw-radiografisch-vliegtuigen/,820,0,0,Modelbouw,Radiografisch,Vliegtuigen
2,2752,,1099,hobby-en-vrije-tijd,Hobby en Vrije tijd,modelbouw-vliegtuigen-en-helikopters,Modelbouw | Vliegtuigen en Helikopters,Vliegtuigen en Helikopters,Modelbouw,https://marketplace.apps-pilot.nl/l/hobby-en-vrije-tijd/modelbouw-vliegtuigen-en-helikopters/,4939,5,5,Modelbouw,Vliegtuigen en Helikopters,
2,1238,,1099,hobby-en-vrije-tijd,Hobby en Vrije tijd,modeltreinen-h0,Modeltreinen | H0,H0,Modeltreinen,https://marketplace.apps-pilot.nl/l/hobby-en-vrije-tijd/modeltreinen-h0/,23881,11,11,Modeltreinen,H0,
2,2627,,1099,hobby-en-vrije-tijd,Hobby en Vrije tijd,modeltreinen-n-spoor,Modeltreinen | N-Spoor,N-Spoor,Modeltreinen,https://marketplace.apps-pilot.nl/l/hobby-en-vrije-tijd/modeltreinen-n-spoor/,4826,8,8,Modeltreinen,N-Spoor,
2,2756,,1099,hobby-en-vrije-tijd,Hobby en Vrije tijd,modeltreinen-overige-schalen,Modeltreinen | Overige schalen,Overige schalen,Modeltreinen,https://marketplace.apps-pilot.nl/l/hobby-en-vrije-tijd/modeltreinen-overige-schalen/,2643,4,4,Modeltreinen,Overige schalen,
2,1973,,1099,hobby-en-vrije-tijd,Hobby en Vrije tijd,naaien-en-fournituren,Naaien en Fournituren,,Kleding en Stoffen,https://marketplace.apps-pilot.nl/l/hobby-en-vrije-tijd/naaien-en-fournituren/,7641,0,0,Naaien en Fournituren,,
2,1239,,1099,hobby-en-vrije-tijd,Hobby en Vrije tijd,naaimachines-en-toebehoren,Naaimachines en Toebehoren,Naaimachines,Kleding en Stoffen,https://marketplace.apps-pilot.nl/l/hobby-en-vrije-tijd/naaimachines-en-toebehoren/,3427,8,8,Naaimachines en Toebehoren,,
2,1264,,1099,hobby-en-vrije-tijd,Hobby en Vrije tijd,overige-hobby-en-vrije-tijd,Overige Hobby en Vrije tijd,,Overige,https://marketplace.apps-pilot.nl/l/hobby-en-vrije-tijd/overige-hobby-en-vrije-tijd/,41066,0,0,Overige Hobby en Vrije tijd,,
2,2857,,1099,hobby-en-vrije-tijd,Hobby en Vrije tijd,picknickmanden,Picknickmanden,,Overige,https://marketplace.apps-pilot.nl/l/hobby-en-vrije-tijd/picknickmanden/,1086,0,0,Picknickmanden,,
2,2858,,1099,hobby-en-vrije-tijd,Hobby en Vrije tijd,pottenbakken,Pottenbakken,,Overige,https://marketplace.apps-pilot.nl/l/hobby-en-vrije-tijd/pottenbakken/,402,0,0,Pottenbakken,,
2,1242,,1099,hobby-en-vrije-tijd,Hobby en Vrije tijd,schilderen,Schilderen,,Knutselen en Handenarbeid,https://marketplace.apps-pilot.nl/l/hobby-en-vrije-tijd/schilderen/,3746,0,0,Schilderen,,
2,1243,,1099,hobby-en-vrije-tijd,Hobby en Vrije tijd,scrapbooking,Scrapbooking,,Knutselen en Handenarbeid,https://marketplace.apps-pilot.nl/l/hobby-en-vrije-tijd/scrapbooking/,2861,4,4,Scrapbooking,,
2,1230,,1099,hobby-en-vrije-tijd,Hobby en Vrije tijd,spaarzegeltjes,Spaarzegeltjes,,Sparen,https://marketplace.apps-pilot.nl/l/hobby-en-vrije-tijd/spaarzegeltjes/,828,0,0,Spaarzegeltjes,,
2,2859,,1099,hobby-en-vrije-tijd,Hobby en Vrije tijd,spinnewielen-en-spinnen,Spinnewielen en Spinnen,,Kleding en Stoffen,https://marketplace.apps-pilot.nl/l/hobby-en-vrije-tijd/spinnewielen-en-spinnen/,533,0,0,Spinnewielen en Spinnen,,
2,1974,,1099,hobby-en-vrije-tijd,Hobby en Vrije tijd,stempelen,Stempelen,,Knutselen en Handenarbeid,https://marketplace.apps-pilot.nl/l/hobby-en-vrije-tijd/stempelen/,2625,0,0,Stempelen,,
2,2757,,1099,hobby-en-vrije-tijd,Hobby en Vrije tijd,stickers-en-plaatjes,Stickers en Plaatjes,,Knutselen en Handenarbeid,https://marketplace.apps-pilot.nl/l/hobby-en-vrije-tijd/stickers-en-plaatjes/,12708,0,0,Stickers en Plaatjes,,
2,1244,,1099,hobby-en-vrije-tijd,Hobby en Vrije tijd,stoffen-en-lappen,Stoffen en Lappen,,Kleding en Stoffen,https://marketplace.apps-pilot.nl/l/hobby-en-vrije-tijd/stoffen-en-lappen/,18616,9,9,Stoffen en Lappen,,
2,2860,,1099,hobby-en-vrije-tijd,Hobby en Vrije tijd,taarten-en-cupcakes-maken,Taarten en Cupcakes maken,,Overige,https://marketplace.apps-pilot.nl/l/hobby-en-vrije-tijd/taarten-en-cupcakes-maken/,14906,0,0,Taarten en Cupcakes maken,,
2,1975,,1099,hobby-en-vrije-tijd,Hobby en Vrije tijd,tekenen,Tekenen,,Knutselen en Handenarbeid,https://marketplace.apps-pilot.nl/l/hobby-en-vrije-tijd/tekenen/,5067,0,0,Tekenen,,
2,1245,,1099,hobby-en-vrije-tijd,Hobby en Vrije tijd,theezakjes,Theezakjes,,Knutselen en Handenarbeid,https://marketplace.apps-pilot.nl/l/hobby-en-vrije-tijd/theezakjes/,704,0,0,Theezakjes,,
2,2861,,1099,hobby-en-vrije-tijd,Hobby en Vrije tijd,vergrootglazen-loepen-en-loeplampen,"Vergrootglazen, Loepen en Loeplampen",Vergrootglazen en Loeplampen,Overige,https://marketplace.apps-pilot.nl/l/hobby-en-vrije-tijd/vergrootglazen-loepen-en-loeplampen/,795,0,0,"Vergrootglazen, Loepen en Loeplampen",,
2,919,,1099,hobby-en-vrije-tijd,Hobby en Vrije tijd,verzamelkaartspellen-magic-the-gathering,Verzamelkaartspellen | Magic the Gathering,Magic the Gathering,Verzamelkaartspellen,https://marketplace.apps-pilot.nl/l/hobby-en-vrije-tijd/verzamelkaartspellen-magic-the-gathering/,9549,0,0,Verzamelkaartspellen,Magic the Gathering,
2,1976,,1099,hobby-en-vrije-tijd,Hobby en Vrije tijd,verzamelkaartspellen-overige,Verzamelkaartspellen | Overige,Overige,Verzamelkaartspellen,https://marketplace.apps-pilot.nl/l/hobby-en-vrije-tijd/verzamelkaartspellen-overige/,10985,0,0,Verzamelkaartspellen,Overige,
2,930,,1099,hobby-en-vrije-tijd,Hobby en Vrije tijd,verzamelkaartspellen-pokemon,Verzamelkaartspellen | Pokémon,Pokémon,Verzamelkaartspellen,https://marketplace.apps-pilot.nl/l/hobby-en-vrije-tijd/verzamelkaartspellen-pokemon/,170683,0,0,Verzamelkaartspellen,Pokémon,
2,949,,1099,hobby-en-vrije-tijd,Hobby en Vrije tijd,verzamelkaartspellen-yu-gi-oh,Verzamelkaartspellen | Yu-gi-Oh!,Yu-gi-Oh!,Verzamelkaartspellen,https://marketplace.apps-pilot.nl/l/hobby-en-vrije-tijd/verzamelkaartspellen-yu-gi-oh/,9881,0,0,Verzamelkaartspellen,Yu-gi-Oh!,
2,1977,,1099,hobby-en-vrije-tijd,Hobby en Vrije tijd,vilt,Vilt,,Kleding en Stoffen,https://marketplace.apps-pilot.nl/l/hobby-en-vrije-tijd/vilt/,752,0,0,Vilt,,
2,1449,,1099,hobby-en-vrije-tijd,Hobby en Vrije tijd,wargaming,Wargaming,,Spel en Strategie,https://marketplace.apps-pilot.nl/l/hobby-en-vrije-tijd/wargaming/,9008,0,0,Wargaming,,
1,504,,504,huis-en-inrichting,Huis en Inrichting,huis-en-inrichting,Huis en Inrichting,,,https://marketplace.apps-pilot.nl/l/huis-en-inrichting/,,0,0,Huis en Inrichting,,
2,1509,,504,huis-en-inrichting,Huis en Inrichting,badkamer-badkamermeubels,Badkamer | Badkamermeubels,Badkamermeubels,Badkamer,https://marketplace.apps-pilot.nl/l/huis-en-inrichting/badkamer-badkamermeubels/,25659,0,0,Badkamer,Badkamermeubels,
2,1935,,504,huis-en-inrichting,Huis en Inrichting,badkamer-badtextiel-en-accessoires,Badkamer | Badtextiel en Accessoires,Badtextiel,Badkamer,https://marketplace.apps-pilot.nl/l/huis-en-inrichting/badkamer-badtextiel-en-accessoires/,12970,0,0,Badkamer,Badtextiel en Accessoires,
2,1936,,504,huis-en-inrichting,Huis en Inrichting,badkamer-complete-badkamers,Badkamer | Complete badkamers,Complete badkamers,Badkamer,https://marketplace.apps-pilot.nl/l/huis-en-inrichting/badkamer-complete-badkamers/,2638,0,0,Badkamer,Complete badkamers,
2,505,,504,huis-en-inrichting,Huis en Inrichting,banken-bankstellen,Banken | Bankstellen,Bankstellen,Banken en Stoelen,https://marketplace.apps-pilot.nl/l/huis-en-inrichting/banken-bankstellen/,41295,12,12,Banken,Bankstellen,
2,1939,,504,huis-en-inrichting,Huis en Inrichting,banken-complete-zithoeken,Banken | Complete zithoeken,Complete zithoeken,Banken en Stoelen,https://marketplace.apps-pilot.nl/l/huis-en-inrichting/banken-complete-zithoeken/,9014,0,0,Banken,Complete zithoeken,
2,1937,,504,huis-en-inrichting,Huis en Inrichting,banken-sofa-s-en-chaises-longues,Banken | Sofa's en Chaises Longues,Sofa's en Chaises Longues,Banken en Stoelen,https://marketplace.apps-pilot.nl/l/huis-en-inrichting/banken-sofa-s-en-chaises-longues/,9057,0,0,Banken,Sofa's en Chaises Longues,
2,1938,,504,huis-en-inrichting,Huis en Inrichting,banken-voetenbanken-en-poefen,Banken | Voetenbanken en Poefen,Voetenbanken en Poefen,Banken en Stoelen,https://marketplace.apps-pilot.nl/l/huis-en-inrichting/banken-voetenbanken-en-poefen/,8838,0,0,Banken,Voetenbanken en Poefen,
2,2128,,504,huis-en-inrichting,Huis en Inrichting,barkrukken,Barkrukken,,Banken en Stoelen,https://marketplace.apps-pilot.nl/l/huis-en-inrichting/barkrukken/,9915,0,0,Barkrukken,,
2,3206,,504,huis-en-inrichting,Huis en Inrichting,barren,Barren,,Tafels,https://marketplace.apps-pilot.nl/l/huis-en-inrichting/barren/,1959,1,1,Barren,,
2,1253,,504,huis-en-inrichting,Huis en Inrichting,brandblussers-en-brandkasten,Brandblussers en Brandkasten,,Kasten,https://marketplace.apps-pilot.nl/l/huis-en-inrichting/brandblussers-en-brandkasten/,3477,2,2,Brandblussers en Brandkasten,,
2,508,,504,huis-en-inrichting,Huis en Inrichting,bureaus,Bureaus,,Tafels,https://marketplace.apps-pilot.nl/l/huis-en-inrichting/bureaus/,26652,11,11,Bureaus,,
2,3194,,504,huis-en-inrichting,Huis en Inrichting,bureaustoelen,Bureaustoelen,,Banken en Stoelen,https://marketplace.apps-pilot.nl/l/huis-en-inrichting/bureaustoelen/,17520,6,6,Bureaustoelen,,
2,509,,504,huis-en-inrichting,Huis en Inrichting,woonaccessoires-cd-en-dvd-rekken,Cd- en Dvd-rekken,,Woonaccessoires,https://marketplace.apps-pilot.nl/l/huis-en-inrichting/woonaccessoires-cd-en-dvd-rekken/,,0,0,Cd- en Dvd-rekken,,
2,511,,504,huis-en-inrichting,Huis en Inrichting,complete-eetkamers,Complete eetkamers,,Complete inrichtingen,https://marketplace.apps-pilot.nl/l/huis-en-inrichting/complete-eetkamers/,3161,0,0,Complete eetkamers,,
2,510,,504,huis-en-inrichting,Huis en Inrichting,complete-inboedels,Complete inboedels,,Complete inrichtingen,https://marketplace.apps-pilot.nl/l/huis-en-inrichting/complete-inboedels/,2718,0,0,Complete inboedels,,
2,1948,,504,huis-en-inrichting,Huis en Inrichting,slaapkamer-complete-slaapkamers,Complete slaapkamers,,Complete inrichtingen,https://marketplace.apps-pilot.nl/l/huis-en-inrichting/slaapkamer-complete-slaapkamers/,,0,0,Complete slaapkamers,,
2,2763,,504,huis-en-inrichting,Huis en Inrichting,kasten-computermeubels,Computermeubels,,Kasten,https://marketplace.apps-pilot.nl/l/huis-en-inrichting/kasten-computermeubels/,,0,0,Computermeubels,,
2,3127,,504,huis-en-inrichting,Huis en Inrichting,deurbellen,Deurbellen,,Overige,https://marketplace.apps-pilot.nl/l/huis-en-inrichting/deurbellen/,2310,2,2,Deurbellen,,
2,3123,,504,huis-en-inrichting,Huis en Inrichting,woonaccessoires-deurstoppers,Deurstoppers,,Woonaccessoires,https://marketplace.apps-pilot.nl/l/huis-en-inrichting/woonaccessoires-deurstoppers/,,0,0,Deurstoppers,,
2,3122,,504,huis-en-inrichting,Huis en Inrichting,woonaccessoires-droogbloemen,Droogbloemen,,Woonaccessoires,https://marketplace.apps-pilot.nl/l/huis-en-inrichting/woonaccessoires-droogbloemen/,,0,0,Droogbloemen,,
2,2951,,504,huis-en-inrichting,Huis en Inrichting,emmers,Emmers,,Overige,https://marketplace.apps-pilot.nl/l/huis-en-inrichting/emmers/,,6,6,Emmers,,
2,1940,,504,huis-en-inrichting,Huis en Inrichting,fauteuils,Fauteuils,,Banken en Stoelen,https://marketplace.apps-pilot.nl/l/huis-en-inrichting/fauteuils/,40390,0,0,Fauteuils,,
2,2950,,504,huis-en-inrichting,Huis en Inrichting,haarden,Haarden,,Woonaccessoires,https://marketplace.apps-pilot.nl/l/huis-en-inrichting/haarden/,7681,9,9,Haarden,,
2,513,,504,huis-en-inrichting,Huis en Inrichting,kachels,Kachels,,Woonaccessoires,https://marketplace.apps-pilot.nl/l/huis-en-inrichting/kachels/,9521,15,15,Kachels,,
2,1254,,504,huis-en-inrichting,Huis en Inrichting,kamerplanten,Kamerplanten,,Woonaccessoires,https://marketplace.apps-pilot.nl/l/huis-en-inrichting/kamerplanten/,11830,11,11,Kamerplanten,,
2,2867,,504,huis-en-inrichting,Huis en Inrichting,woonaccessoires-kamerschermen,Kamerschermen,,Woonaccessoires,https://marketplace.apps-pilot.nl/l/huis-en-inrichting/woonaccessoires-kamerschermen/,,0,0,Kamerschermen,,
2,515,,504,huis-en-inrichting,Huis en Inrichting,kasten-boekenkasten,Kasten | Boekenkasten,Boekenkasten,Kasten,https://marketplace.apps-pilot.nl/l/huis-en-inrichting/kasten-boekenkasten/,13670,0,0,Kasten,Boekenkasten,
2,516,,504,huis-en-inrichting,Huis en Inrichting,kasten-buffetkasten,Kasten | Buffetkasten,Buffetkasten,Kasten,https://marketplace.apps-pilot.nl/l/huis-en-inrichting/kasten-buffetkasten/,9344,0,0,Kasten,Buffetkasten,
2,517,,504,huis-en-inrichting,Huis en Inrichting,kasten-dressoirs,Kasten | Dressoirs,Dressoirs,Kasten,https://marketplace.apps-pilot.nl/l/huis-en-inrichting/kasten-dressoirs/,15580,0,0,Kasten,Dressoirs,
2,518,,504,huis-en-inrichting,Huis en Inrichting,kasten-kledingkasten,Kasten | Kledingkasten,Kledingkasten,Kasten,https://marketplace.apps-pilot.nl/l/huis-en-inrichting/kasten-kledingkasten/,16255,0,0,Kasten,Kledingkasten,
2,2764,,504,huis-en-inrichting,Huis en Inrichting,kasten-ladekasten,Kasten | Ladekasten,Ladekasten,Kasten,https://marketplace.apps-pilot.nl/l/huis-en-inrichting/kasten-ladekasten/,10503,0,0,Kasten,Ladekasten,
2,2862,,504,huis-en-inrichting,Huis en Inrichting,kasten-lockerkasten,Kasten | Lockerkasten,Lockerkasten,Kasten,https://marketplace.apps-pilot.nl/l/huis-en-inrichting/kasten-lockerkasten/,3082,0,0,Kasten,Lockerkasten,
2,519,,504,huis-en-inrichting,Huis en Inrichting,kasten-overige,Kasten | Overige,Overige,Kasten,https://marketplace.apps-pilot.nl/l/huis-en-inrichting/kasten-overige/,16228,0,0,Kasten,Overige,
2,2765,,504,huis-en-inrichting,Huis en Inrichting,kasten-roldeurkasten-en-archiefkasten,Kasten | Roldeurkasten en Archiefkasten,Roldeurkasten en Archiefkasten,Kasten,https://marketplace.apps-pilot.nl/l/huis-en-inrichting/kasten-roldeurkasten-en-archiefkasten/,3659,0,0,Kasten,Roldeurkasten en Archiefkasten,
2,2864,,504,huis-en-inrichting,Huis en Inrichting,kasten-schoenenkasten,Kasten | Schoenenkasten,Schoenenkasten,Kasten,https://marketplace.apps-pilot.nl/l/huis-en-inrichting/kasten-schoenenkasten/,2569,0,0,Kasten,Schoenenkasten,
2,3117,,504,huis-en-inrichting,Huis en Inrichting,kasten-schoenenrekken,Kasten | Schoenenrekken,Schoenenrekken,Kasten,https://marketplace.apps-pilot.nl/l/huis-en-inrichting/kasten-schoenenrekken/,3708,0,0,Kasten,Schoenenrekken,
2,3118,,504,huis-en-inrichting,Huis en Inrichting,kasten-stellingkasten,Kasten | Stellingkasten,Stellingkasten,Kasten,https://marketplace.apps-pilot.nl/l/huis-en-inrichting/kasten-stellingkasten/,6305,0,0,Kasten,Stellingkasten,
2,1255,,504,huis-en-inrichting,Huis en Inrichting,kasten-televisiemeubels,Kasten | Televisiemeubels,Televisiemeubels,Film en Televisie,https://marketplace.apps-pilot.nl/l/huis-en-inrichting/kasten-televisiemeubels/,25999,0,0,Kasten,Televisiemeubels,
2,520,,504,huis-en-inrichting,Huis en Inrichting,kasten-vitrinekasten,Kasten | Vitrinekasten,Vitrinekasten,Kasten,https://marketplace.apps-pilot.nl/l/huis-en-inrichting/kasten-vitrinekasten/,6306,0,0,Kasten,Vitrinekasten,
2,1256,,504,huis-en-inrichting,Huis en Inrichting,kasten-wandmeubels,Kasten | Wandmeubels,Wandmeubels,Kasten,https://marketplace.apps-pilot.nl/l/huis-en-inrichting/kasten-wandmeubels/,3833,0,0,Kasten,Wandmeubels,
2,1941,,504,huis-en-inrichting,Huis en Inrichting,keuken-bestek,Keuken | Bestek,Bestek,Keuken,https://marketplace.apps-pilot.nl/l/huis-en-inrichting/keuken-bestek/,10384,15,15,Keuken,Bestek,
2,521,,504,huis-en-inrichting,Huis en Inrichting,keuken-complete-keukens,Keuken | Complete keukens,Complete keukens,Complete inrichtingen,https://marketplace.apps-pilot.nl/l/huis-en-inrichting/keuken-complete-keukens/,75456,10,10,Keuken,Complete keukens,
2,1257,,504,huis-en-inrichting,Huis en Inrichting,keuken-keukenbenodigdheden,Keuken | Keukenbenodigdheden,Keukenbenodigdheden,Keuken,https://marketplace.apps-pilot.nl/l/huis-en-inrichting/keuken-keukenbenodigdheden/,56431,0,0,Keuken,Keukenbenodigdheden,
2,1942,,504,huis-en-inrichting,Huis en Inrichting,keuken-keukenelementen,Keuken | Keukenelementen,Keukenelementen,Keuken,https://marketplace.apps-pilot.nl/l/huis-en-inrichting/keuken-keukenelementen/,8584,0,0,Keuken,Keukenelementen,
2,1511,,504,huis-en-inrichting,Huis en Inrichting,keuken-potten-en-pannen,Keuken | Potten en Pannen,Potten en Pannen,Keuken,https://marketplace.apps-pilot.nl/l/huis-en-inrichting/keuken-potten-en-pannen/,13190,12,12,Keuken,Potten en Pannen,
2,1262,,504,huis-en-inrichting,Huis en Inrichting,keuken-servies,Keuken | Servies,Servies,Keuken,https://marketplace.apps-pilot.nl/l/huis-en-inrichting/keuken-servies/,73416,13,13,Keuken,Servies,
2,1943,,504,huis-en-inrichting,Huis en Inrichting,keuken-textiel,Keuken | Textiel,Textiel,Keuken,https://marketplace.apps-pilot.nl/l/huis-en-inrichting/keuken-textiel/,2539,9,9,Keuken,Textiel,
2,1512,,504,huis-en-inrichting,Huis en Inrichting,keuken-tupperware,Keuken | Tupperware,Tupperware,Keuken,https://marketplace.apps-pilot.nl/l/huis-en-inrichting/keuken-tupperware/,11002,0,0,Keuken,Tupperware,
2,2869,,504,huis-en-inrichting,Huis en Inrichting,woonaccessoires-kransen,Kransen,,Woonaccessoires,https://marketplace.apps-pilot.nl/l/huis-en-inrichting/woonaccessoires-kransen/,,0,0,Kransen,,
2,3203,,504,huis-en-inrichting,Huis en Inrichting,krukjes,Krukjes,,Banken en Stoelen,https://marketplace.apps-pilot.nl/l/huis-en-inrichting/krukjes/,5717,0,0,Krukjes,,
2,1258,,504,huis-en-inrichting,Huis en Inrichting,lampen-hanglampen,Lampen | Hanglampen,Hanglampen,Lampen,https://marketplace.apps-pilot.nl/l/huis-en-inrichting/lampen-hanglampen/,47053,0,0,Lampen,Hanglampen,
2,1944,,504,huis-en-inrichting,Huis en Inrichting,lampen-kroonluchters,Lampen | Kroonluchters,Kroonluchters,Lampen,https://marketplace.apps-pilot.nl/l/huis-en-inrichting/lampen-kroonluchters/,6358,0,0,Lampen,Kroonluchters,
2,1945,,504,huis-en-inrichting,Huis en Inrichting,lampen-lampenkappen,Lampen | Lampenkappen,Lampenkappen,Lampen,https://marketplace.apps-pilot.nl/l/huis-en-inrichting/lampen-lampenkappen/,6384,0,0,Lampen,Lampenkappen,
2,2760,,504,huis-en-inrichting,Huis en Inrichting,lampen-losse-lampen,Lampen | Losse lampen,Losse lampen,Lampen,https://marketplace.apps-pilot.nl/l/huis-en-inrichting/lampen-losse-lampen/,8470,0,0,Lampen,Losse lampen,
2,1265,,504,huis-en-inrichting,Huis en Inrichting,lampen-overige,Lampen | Overige,Overige,Lampen,https://marketplace.apps-pilot.nl/l/huis-en-inrichting/lampen-overige/,26099,0,0,Lampen,Overige,
2,2761,,504,huis-en-inrichting,Huis en Inrichting,lampen-plafondlampen,Lampen | Plafondlampen,Plafondlampen,Lampen,https://marketplace.apps-pilot.nl/l/huis-en-inrichting/lampen-plafondlampen/,13806,0,0,Lampen,Plafondlampen,
2,2762,,504,huis-en-inrichting,Huis en Inrichting,lampen-spots,Lampen | Spots,Spots,Lampen,https://marketplace.apps-pilot.nl/l/huis-en-inrichting/lampen-spots/,10701,12,12,Lampen,Spots,
2,1260,,504,huis-en-inrichting,Huis en Inrichting,lampen-tafellampen,Lampen | Tafellampen,Tafellampen,Lampen,https://marketplace.apps-pilot.nl/l/huis-en-inrichting/lampen-tafellampen/,26182,0,0,Lampen,Tafellampen,
2,1259,,504,huis-en-inrichting,Huis en Inrichting,lampen-vloerlampen,Lampen | Vloerlampen,Vloerlampen,Lampen,https://marketplace.apps-pilot.nl/l/huis-en-inrichting/lampen-vloerlampen/,20612,0,0,Lampen,Vloerlampen,
2,1622,,504,huis-en-inrichting,Huis en Inrichting,lampen-wandlampen,Lampen | Wandlampen,Wandlampen,Lampen,https://marketplace.apps-pilot.nl/l/huis-en-inrichting/lampen-wandlampen/,11131,0,0,Lampen,Wandlampen,
2,2871,,504,huis-en-inrichting,Huis en Inrichting,woonaccessoires-memoborden,Memoborden,,Woonaccessoires,https://marketplace.apps-pilot.nl/l/huis-en-inrichting/woonaccessoires-memoborden/,,0,0,Memoborden,,
2,526,,504,huis-en-inrichting,Huis en Inrichting,overige-huis-en-inrichting,Overige Huis en Inrichting,,Overige,https://marketplace.apps-pilot.nl/l/huis-en-inrichting/overige-huis-en-inrichting/,29895,0,0,Overige Huis en Inrichting,,
2,3124,,504,huis-en-inrichting,Huis en Inrichting,woonaccessoires-paraplubakken,Paraplubakken,,Woonaccessoires,https://marketplace.apps-pilot.nl/l/huis-en-inrichting/woonaccessoires-paraplubakken/,,0,0,Paraplubakken,,
2,1261,,504,huis-en-inrichting,Huis en Inrichting,schoonmaakartikelen,Schoonmaakartikelen,,Overige,https://marketplace.apps-pilot.nl/l/huis-en-inrichting/schoonmaakartikelen/,7497,6,6,Schoonmaakartikelen,,
2,2863,,504,huis-en-inrichting,Huis en Inrichting,kasten-secretaires,Secretaires,,Kasten,https://marketplace.apps-pilot.nl/l/huis-en-inrichting/kasten-secretaires/,,0,0,Secretaires,,
2,507,,504,huis-en-inrichting,Huis en Inrichting,slaapkamer-bedden,Slaapkamer | Bedden,Bedden,Slaapkamer,https://marketplace.apps-pilot.nl/l/huis-en-inrichting/slaapkamer-bedden/,103415,3,3,Slaapkamer,Bedden,
2,525,,504,huis-en-inrichting,Huis en Inrichting,slaapkamer-beddengoed,Slaapkamer | Beddengoed,Beddengoed,Slaapkamer,https://marketplace.apps-pilot.nl/l/huis-en-inrichting/slaapkamer-beddengoed/,27079,0,0,Slaapkamer,Beddengoed,
2,1946,,504,huis-en-inrichting,Huis en Inrichting,slaapkamer-boxsprings,Slaapkamer | Boxsprings,Boxsprings,Slaapkamer,https://marketplace.apps-pilot.nl/l/huis-en-inrichting/slaapkamer-boxsprings/,9213,3,3,Slaapkamer,Boxsprings,
2,506,,504,huis-en-inrichting,Huis en Inrichting,slaapkamer-matrassen-en-bedbodems,Slaapkamer | Matrassen en Bedbodems,Matrassen en Bedbodems,Slaapkamer,https://marketplace.apps-pilot.nl/l/huis-en-inrichting/slaapkamer-matrassen-en-bedbodems/,22048,3,3,Slaapkamer,Matrassen en Bedbodems,
2,2766,,504,huis-en-inrichting,Huis en Inrichting,slaapkamer-nachtkastjes,Slaapkamer | Nachtkastjes,Nachtkastjes,Slaapkamer,https://marketplace.apps-pilot.nl/l/huis-en-inrichting/slaapkamer-nachtkastjes/,11398,0,0,Slaapkamer,Nachtkastjes,
2,528,,504,huis-en-inrichting,Huis en Inrichting,slaapkamer-slaapbanken,Slaapkamer | Slaapbanken,Slaapbanken,Slaapkamer,https://marketplace.apps-pilot.nl/l/huis-en-inrichting/slaapkamer-slaapbanken/,4760,0,0,Slaapkamer,Slaapbanken,
2,1947,,504,huis-en-inrichting,Huis en Inrichting,slaapkamer-stapelbedden-en-hoogslapers,Slaapkamer | Stapelbedden en Hoogslapers,Stapelbedden en Hoogslapers,Slaapkamer,https://marketplace.apps-pilot.nl/l/huis-en-inrichting/slaapkamer-stapelbedden-en-hoogslapers/,3858,4,4,Slaapkamer,Stapelbedden en Hoogslapers,
2,530,,504,huis-en-inrichting,Huis en Inrichting,stoelen,Stoelen,,Banken en Stoelen,https://marketplace.apps-pilot.nl/l/huis-en-inrichting/stoelen/,88098,14,14,Stoelen,,
2,1669,,504,huis-en-inrichting,Huis en Inrichting,stoffering-behang,Stoffering | Behang,Behang,Stoffering,https://marketplace.apps-pilot.nl/l/huis-en-inrichting/stoffering-behang/,6357,15,15,Stoffering,Behang,
2,512,,504,huis-en-inrichting,Huis en Inrichting,stoffering-gordijnen-en-lamellen,Stoffering | Gordijnen en Lamellen,Gordijnen en Lamellen,Stoffering,https://marketplace.apps-pilot.nl/l/huis-en-inrichting/stoffering-gordijnen-en-lamellen/,28790,13,13,Stoffering,Gordijnen en Lamellen,
2,533,,504,huis-en-inrichting,Huis en Inrichting,stoffering-tapijten-en-kleden,Stoffering | Tapijten en Kleden,Tapijten en Kleden,Stoffering,https://marketplace.apps-pilot.nl/l/huis-en-inrichting/stoffering-tapijten-en-kleden/,31352,15,15,Stoffering,Tapijten en Kleden,
2,1517,,504,huis-en-inrichting,Huis en Inrichting,stoffering-vloerbedekking,Stoffering | Vloerbedekking,Vloerbedekking,Stoffering,https://marketplace.apps-pilot.nl/l/huis-en-inrichting/stoffering-vloerbedekking/,15548,20,20,Stoffering,Vloerbedekking,
2,3120,,504,huis-en-inrichting,Huis en Inrichting,tafelkleden,Tafelkleden,,Tafels,https://marketplace.apps-pilot.nl/l/huis-en-inrichting/tafelkleden/,3763,0,0,Tafelkleden,,
2,531,,504,huis-en-inrichting,Huis en Inrichting,tafelonderdelen,Tafelonderdelen,,Tafels,https://marketplace.apps-pilot.nl/l/huis-en-inrichting/tafelonderdelen/,4778,2,2,Tafelonderdelen,,
2,2758,,504,huis-en-inrichting,Huis en Inrichting,tafels-bijzettafels,Tafels | Bijzettafels,Bijzettafels,Tafels,https://marketplace.apps-pilot.nl/l/huis-en-inrichting/tafels-bijzettafels/,18550,0,0,Tafels,Bijzettafels,
2,1949,,504,huis-en-inrichting,Huis en Inrichting,tafels-eettafels,Tafels | Eettafels,Eettafels,Tafels,https://marketplace.apps-pilot.nl/l/huis-en-inrichting/tafels-eettafels/,44226,0,0,Tafels,Eettafels,
2,2759,,504,huis-en-inrichting,Huis en Inrichting,tafels-kaptafels,Tafels | Kaptafels,Kaptafels,Tafels,https://marketplace.apps-pilot.nl/l/huis-en-inrichting/tafels-kaptafels/,7032,0,0,Tafels,Kaptafels,
2,527,,504,huis-en-inrichting,Huis en Inrichting,tafels-salontafels,Tafels | Salontafels,Salontafels,Tafels,https://marketplace.apps-pilot.nl/l/huis-en-inrichting/tafels-salontafels/,35781,9,9,Tafels,Salontafels,
2,1950,,504,huis-en-inrichting,Huis en Inrichting,tafels-sidetables,Tafels | Sidetables,Sidetables,Tafels,https://marketplace.apps-pilot.nl/l/huis-en-inrichting/tafels-sidetables/,4706,0,0,Tafels,Sidetables,
2,3119,,504,huis-en-inrichting,Huis en Inrichting,tafels-statafels,Tafels | Statafels,Statafels,Tafels,https://marketplace.apps-pilot.nl/l/huis-en-inrichting/tafels-statafels/,2880,0,0,Tafels,Statafels,
2,3125,,504,huis-en-inrichting,Huis en Inrichting,woonaccessoires-thermometers,Thermometers,,Woonaccessoires,https://marketplace.apps-pilot.nl/l/huis-en-inrichting/woonaccessoires-thermometers/,,2,2,Thermometers,,
2,535,,504,huis-en-inrichting,Huis en Inrichting,slaapkamer-waterbedden,Waterbedden,,Slaapkamer,https://marketplace.apps-pilot.nl/l/huis-en-inrichting/slaapkamer-waterbedden/,,0,0,Waterbedden,,
2,3126,,504,huis-en-inrichting,Huis en Inrichting,woonaccessoires-wereldbollen,Wereldbollen,,Woonaccessoires,https://marketplace.apps-pilot.nl/l/huis-en-inrichting/woonaccessoires-wereldbollen/,,0,0,Wereldbollen,,
2,2865,,504,huis-en-inrichting,Huis en Inrichting,woonaccessoires-boeddhabeelden,Woonaccessoires | Boeddhabeelden,Boeddhabeelden,Woonaccessoires,https://marketplace.apps-pilot.nl/l/huis-en-inrichting/woonaccessoires-boeddhabeelden/,3947,0,0,Woonaccessoires,Boeddhabeelden,
2,2767,,504,huis-en-inrichting,Huis en Inrichting,woonaccessoires-dienbladen,Woonaccessoires | Dienbladen,Dienbladen,Woonaccessoires,https://marketplace.apps-pilot.nl/l/huis-en-inrichting/woonaccessoires-dienbladen/,5269,0,0,Woonaccessoires,Dienbladen,
2,2866,,504,huis-en-inrichting,Huis en Inrichting,woonaccessoires-etageres,Woonaccessoires | Etagères,Etagères,Woonaccessoires,https://marketplace.apps-pilot.nl/l/huis-en-inrichting/woonaccessoires-etageres/,2896,0,0,Woonaccessoires,Etagères,
2,1510,,504,huis-en-inrichting,Huis en Inrichting,woonaccessoires-kandelaars-en-kaarsen,Woonaccessoires | Kandelaars en Kaarsen,Kandelaars en Kaarsen,Woonaccessoires,https://marketplace.apps-pilot.nl/l/huis-en-inrichting/woonaccessoires-kandelaars-en-kaarsen/,24833,0,0,Woonaccessoires,Kandelaars en Kaarsen,
2,514,,504,huis-en-inrichting,Huis en Inrichting,woonaccessoires-kapstokken,Woonaccessoires | Kapstokken,Kapstokken,Woonaccessoires,https://marketplace.apps-pilot.nl/l/huis-en-inrichting/woonaccessoires-kapstokken/,12769,0,0,Woonaccessoires,Kapstokken,
2,1513,,504,huis-en-inrichting,Huis en Inrichting,woonaccessoires-kisten,Woonaccessoires | Kisten,Kisten,Woonaccessoires,https://marketplace.apps-pilot.nl/l/huis-en-inrichting/woonaccessoires-kisten/,8174,0,0,Woonaccessoires,Kisten,
2,523,,504,huis-en-inrichting,Huis en Inrichting,woonaccessoires-klokken,Woonaccessoires | Klokken,Klokken,Woonaccessoires,https://marketplace.apps-pilot.nl/l/huis-en-inrichting/woonaccessoires-klokken/,10077,0,0,Woonaccessoires,Klokken,
2,2868,,504,huis-en-inrichting,Huis en Inrichting,woonaccessoires-krantenbakken-en-lectuurbakken,Woonaccessoires | Krantenbakken en Lectuurbakken,Krantenbakken en Lectuurbakken,Woonaccessoires,https://marketplace.apps-pilot.nl/l/huis-en-inrichting/woonaccessoires-krantenbakken-en-lectuurbakken/,2888,0,0,Woonaccessoires,Krantenbakken en Lectuurbakken,
2,3121,,504,huis-en-inrichting,Huis en Inrichting,woonaccessoires-kunstplanten-en-kunstbloemen,Woonaccessoires | Kunstplanten en Kunstbloemen,Kunstplanten en Kunstbloemen,Woonaccessoires,https://marketplace.apps-pilot.nl/l/huis-en-inrichting/woonaccessoires-kunstplanten-en-kunstbloemen/,10850,0,0,Woonaccessoires,Kunstplanten en Kunstbloemen,
2,2768,,504,huis-en-inrichting,Huis en Inrichting,woonaccessoires-kussens,Woonaccessoires | Kussens,Kussens,Woonaccessoires,https://marketplace.apps-pilot.nl/l/huis-en-inrichting/woonaccessoires-kussens/,22690,0,0,Woonaccessoires,Kussens,
2,2769,,504,huis-en-inrichting,Huis en Inrichting,woonaccessoires-lijsten,Woonaccessoires | Lijsten,Lijsten,Woonaccessoires,https://marketplace.apps-pilot.nl/l/huis-en-inrichting/woonaccessoires-lijsten/,11011,0,0,Woonaccessoires,Lijsten,
2,2872,,504,huis-en-inrichting,Huis en Inrichting,woonaccessoires-onderzetters,Woonaccessoires | Onderzetters,Onderzetters,Woonaccessoires,https://marketplace.apps-pilot.nl/l/huis-en-inrichting/woonaccessoires-onderzetters/,4643,0,0,Woonaccessoires,Onderzetters,
2,536,,504,huis-en-inrichting,Huis en Inrichting,woonaccessoires-overige,Woonaccessoires | Overige,Overige,Woonaccessoires,https://marketplace.apps-pilot.nl/l/huis-en-inrichting/woonaccessoires-overige/,56424,0,0,Woonaccessoires,Overige,
2,2870,,504,huis-en-inrichting,Huis en Inrichting,woonaccessoires-plaids-en-woondekens,Woonaccessoires | Plaids en Woondekens,Plaids en Woondekens,Woonaccessoires,https://marketplace.apps-pilot.nl/l/huis-en-inrichting/woonaccessoires-plaids-en-woondekens/,3672,0,0,Woonaccessoires,Plaids en Woondekens,
2,1514,,504,huis-en-inrichting,Huis en Inrichting,woonaccessoires-prullenbakken,Woonaccessoires | Prullenbakken,Prullenbakken,Woonaccessoires,https://marketplace.apps-pilot.nl/l/huis-en-inrichting/woonaccessoires-prullenbakken/,6279,0,0,Woonaccessoires,Prullenbakken,
2,1515,,504,huis-en-inrichting,Huis en Inrichting,woonaccessoires-schalen-en-manden,Woonaccessoires | Schalen en Manden,Schalen en Manden,Woonaccessoires,https://marketplace.apps-pilot.nl/l/huis-en-inrichting/woonaccessoires-schalen-en-manden/,17576,0,0,Woonaccessoires,Schalen en Manden,
2,1668,,504,huis-en-inrichting,Huis en Inrichting,woonaccessoires-schilderijen-tekeningen-en-foto-s,"Woonaccessoires | Schilderijen, Tekeningen en Foto's",Schilderijen en Foto's,Woonaccessoires,https://marketplace.apps-pilot.nl/l/huis-en-inrichting/woonaccessoires-schilderijen-tekeningen-en-foto-s/,15560,0,0,Woonaccessoires,"Schilderijen, Tekeningen en Foto's",
2,529,,504,huis-en-inrichting,Huis en Inrichting,woonaccessoires-spiegels,Woonaccessoires | Spiegels,Spiegels,Woonaccessoires,https://marketplace.apps-pilot.nl/l/huis-en-inrichting/woonaccessoires-spiegels/,23006,0,0,Woonaccessoires,Spiegels,
2,2874,,504,huis-en-inrichting,Huis en Inrichting,woonaccessoires-stolpen,Woonaccessoires | Stolpen,Stolpen,Woonaccessoires,https://marketplace.apps-pilot.nl/l/huis-en-inrichting/woonaccessoires-stolpen/,2204,0,0,Woonaccessoires,Stolpen,
2,2873,,504,huis-en-inrichting,Huis en Inrichting,woonaccessoires-tekstborden-en-spreuken,Woonaccessoires | Tekstborden en Spreuken,Tekstborden en Spreuken,Woonaccessoires,https://marketplace.apps-pilot.nl/l/huis-en-inrichting/woonaccessoires-tekstborden-en-spreuken/,3821,0,0,Woonaccessoires,Tekstborden en Spreuken,
2,1516,,504,huis-en-inrichting,Huis en Inrichting,woonaccessoires-vazen,Woonaccessoires | Vazen,Vazen,Woonaccessoires,https://marketplace.apps-pilot.nl/l/huis-en-inrichting/woonaccessoires-vazen/,25219,17,17,Woonaccessoires,Vazen,
2,2875,,504,huis-en-inrichting,Huis en Inrichting,woonaccessoires-wanddecoraties,Woonaccessoires | Wanddecoraties,Wanddecoraties,Woonaccessoires,https://marketplace.apps-pilot.nl/l/huis-en-inrichting/woonaccessoires-wanddecoraties/,17176,0,0,Woonaccessoires,Wanddecoraties,
2,2876,,504,huis-en-inrichting,Huis en Inrichting,woonaccessoires-wandplanken-en-boekenplanken,Woonaccessoires | Wandplanken en Boekenplanken,Wandplanken en Boekenplanken,Woonaccessoires,https://marketplace.apps-pilot.nl/l/huis-en-inrichting/woonaccessoires-wandplanken-en-boekenplanken/,11936,0,0,Woonaccessoires,Wandplanken en Boekenplanken,
2,1518,,504,huis-en-inrichting,Huis en Inrichting,woonaccessoires-wijnrekken,Woonaccessoires | Wijnrekken,Wijnrekken,Woonaccessoires,https://marketplace.apps-pilot.nl/l/huis-en-inrichting/woonaccessoires-wijnrekken/,4719,0,0,Woonaccessoires,Wijnrekken,
2,2877,,504,huis-en-inrichting,Huis en Inrichting,woonaccessoires-zuilen-en-pilaren,Woonaccessoires | Zuilen en Pilaren,Zuilen en Pilaren,Woonaccessoires,https://marketplace.apps-pilot.nl/l/huis-en-inrichting/woonaccessoires-zuilen-en-pilaren/,2945,0,0,Woonaccessoires,Zuilen en Pilaren,
2,2770,,504,huis-en-inrichting,Huis en Inrichting,zitzakken,Zitzakken,,Banken en Stoelen,https://marketplace.apps-pilot.nl/l/huis-en-inrichting/zitzakken/,2851,0,0,Zitzakken,,
1,1032,,1032,huizen-en-kamers,Huizen en Kamers,huizen-en-kamers,Huizen en Kamers,,,https://marketplace.apps-pilot.nl/l/huizen-en-kamers/,,0,0,Huizen en Kamers,,
2,2144,,1032,huizen-en-kamers,Huizen en Kamers,anti-kraak,Anti-kraak,,Te huur,https://marketplace.apps-pilot.nl/l/huizen-en-kamers/anti-kraak/,7,0,0,Anti-kraak,,
2,1041,,1032,huizen-en-kamers,Huizen en Kamers,buitenland,Buitenland,,Te koop,https://marketplace.apps-pilot.nl/l/huizen-en-kamers/buitenland/,270,9,9,Buitenland,,
2,2147,,1032,huizen-en-kamers,Huizen en Kamers,expat-rentals,Expat Rentals,,Te huur,https://marketplace.apps-pilot.nl/l/huizen-en-kamers/expat-rentals/,35,0,0,Expat Rentals,,
2,1643,,1032,huizen-en-kamers,Huizen en Kamers,garages-en-parkeerplaatsen,Garages en Parkeerplaatsen,,Parkeren,https://marketplace.apps-pilot.nl/l/huizen-en-kamers/garages-en-parkeerplaatsen/,485,12,12,Garages en Parkeerplaatsen,,
2,2143,,1032,huizen-en-kamers,Huizen en Kamers,huizen-te-huur,Huizen te huur,Huizen,Te huur,https://marketplace.apps-pilot.nl/l/huizen-en-kamers/huizen-te-huur/,10099,26,26,Huizen te huur,,
2,2142,,1032,huizen-en-kamers,Huizen en Kamers,huizen-te-koop,Huizen te koop,Huizen,Te koop,https://marketplace.apps-pilot.nl/l/huizen-en-kamers/huizen-te-koop/,247,13,13,Huizen te koop,,
2,2771,,1032,huizen-en-kamers,Huizen en Kamers,kamers-te-huur,Kamers te huur,Kamers,Te huur,https://marketplace.apps-pilot.nl/l/huizen-en-kamers/kamers-te-huur/,3755,23,23,Kamers te huur,,
2,1055,,1032,huizen-en-kamers,Huizen en Kamers,kavels-en-percelen,Kavels en Percelen,,Te koop,https://marketplace.apps-pilot.nl/l/huizen-en-kamers/kavels-en-percelen/,58,0,0,Kavels en Percelen,,
2,1642,,1032,huizen-en-kamers,Huizen en Kamers,nieuwbouwprojecten,Nieuwbouwprojecten,,Te koop,https://marketplace.apps-pilot.nl/l/huizen-en-kamers/nieuwbouwprojecten/,11,0,0,Nieuwbouwprojecten,,
2,2145,,1032,huizen-en-kamers,Huizen en Kamers,op-zoek-naar-een-huis,Op zoek naar een huis,Huizen,Gezocht,https://marketplace.apps-pilot.nl/l/huizen-en-kamers/op-zoek-naar-een-huis/,192,0,0,Op zoek naar een huis,,
2,2146,,1032,huizen-en-kamers,Huizen en Kamers,op-zoek-naar-een-kamer,Op zoek naar een kamer,Kamers,Gezocht,https://marketplace.apps-pilot.nl/l/huizen-en-kamers/op-zoek-naar-een-kamer/,496,0,0,Op zoek naar een kamer,,
2,860,,1032,huizen-en-kamers,Huizen en Kamers,recreatiewoningen-te-koop,Recreatiewoningen te koop,Recreatiewoningen,Te koop,https://marketplace.apps-pilot.nl/l/huizen-en-kamers/recreatiewoningen-te-koop/,679,15,15,Recreatiewoningen te koop,,
2,1030,,1032,huizen-en-kamers,Huizen en Kamers,woningruil,Woningruil,Woningen,Te ruil,https://marketplace.apps-pilot.nl/l/huizen-en-kamers/woningruil/,2688,16,16,Woningruil,,
2,1081,,1032,huizen-en-kamers,Huizen en Kamers,woonboten-te-koop,Woonboten te koop,Woonboten,Te koop,https://marketplace.apps-pilot.nl/l/huizen-en-kamers/woonboten-te-koop/,53,1,1,Woonboten te koop,,
1,565,,565,kinderen-en-baby-s,Kinderen en Baby's,kinderen-en-baby-s,Kinderen en Baby's,,,https://marketplace.apps-pilot.nl/l/kinderen-en-baby-s/,,0,0,Kinderen en Baby's,,
2,566,,565,kinderen-en-baby-s,Kinderen en Baby's,autostoeltjes,Autostoeltjes,,Auto interieur-accessoires,https://marketplace.apps-pilot.nl/l/kinderen-en-baby-s/autostoeltjes/,33735,5,5,Autostoeltjes,,
2,581,,565,kinderen-en-baby-s,Kinderen en Baby's,babydragers-en-draagdoeken,Babydragers en Draagdoeken,Babydragers,Onderweg,https://marketplace.apps-pilot.nl/l/kinderen-en-baby-s/babydragers-en-draagdoeken/,7323,4,4,Babydragers en Draagdoeken,,
2,567,,565,kinderen-en-baby-s,Kinderen en Baby's,babyfoons,Babyfoons,,Babybenodigdheden,https://marketplace.apps-pilot.nl/l/kinderen-en-baby-s/babyfoons/,1520,0,0,Babyfoons,,
2,3129,,565,kinderen-en-baby-s,Kinderen en Baby's,babykleding-baby-kledingpakketten,Babykleding | Baby-kledingpakketten,Baby-kledingpakketten,Babykleding,https://marketplace.apps-pilot.nl/l/kinderen-en-baby-s/babykleding-baby-kledingpakketten/,3646,0,0,Babykleding,Baby-kledingpakketten,
2,3128,,565,kinderen-en-baby-s,Kinderen en Baby's,babykleding-baby-zwemkleding,Babykleding | Baby-zwemkleding,Baby-zwemkleding,Babykleding,https://marketplace.apps-pilot.nl/l/kinderen-en-baby-s/babykleding-baby-zwemkleding/,2286,17,17,Babykleding,Baby-zwemkleding,
2,568,,565,kinderen-en-baby-s,Kinderen en Baby's,babykleding-maat-50,Babykleding | Maat 50,Maat 50,Babykleding,https://marketplace.apps-pilot.nl/l/kinderen-en-baby-s/babykleding-maat-50/,2048,10,10,Babykleding,Maat 50,
2,569,,565,kinderen-en-baby-s,Kinderen en Baby's,babykleding-maat-56,Babykleding | Maat 56,Maat 56,Babykleding,https://marketplace.apps-pilot.nl/l/kinderen-en-baby-s/babykleding-maat-56/,3038,18,18,Babykleding,Maat 56,
2,570,,565,kinderen-en-baby-s,Kinderen en Baby's,babykleding-maat-62,Babykleding | Maat 62,Maat 62,Babykleding,https://marketplace.apps-pilot.nl/l/kinderen-en-baby-s/babykleding-maat-62/,5430,30,30,Babykleding,Maat 62,
2,571,,565,kinderen-en-baby-s,Kinderen en Baby's,babykleding-maat-68,Babykleding | Maat 68,Maat 68,Babykleding,https://marketplace.apps-pilot.nl/l/kinderen-en-baby-s/babykleding-maat-68/,5263,33,33,Babykleding,Maat 68,
2,572,,565,kinderen-en-baby-s,Kinderen en Baby's,babykleding-maat-74,Babykleding | Maat 74,Maat 74,Babykleding,https://marketplace.apps-pilot.nl/l/kinderen-en-baby-s/babykleding-maat-74/,4509,32,32,Babykleding,Maat 74,
2,573,,565,kinderen-en-baby-s,Kinderen en Baby's,babykleding-maat-80,Babykleding | Maat 80,Maat 80,Babykleding,https://marketplace.apps-pilot.nl/l/kinderen-en-baby-s/babykleding-maat-80/,4578,30,30,Babykleding,Maat 80,
2,574,,565,kinderen-en-baby-s,Kinderen en Baby's,babykleding-maat-86,Babykleding | Maat 86,Maat 86,Babykleding,https://marketplace.apps-pilot.nl/l/kinderen-en-baby-s/babykleding-maat-86/,5618,34,34,Babykleding,Maat 86,
2,1673,,565,kinderen-en-baby-s,Kinderen en Baby's,babykleding-mutsen-sjaals-en-wanten,"Babykleding | Mutsen, Sjaals en Wanten","Mutsen, Sjaals en Wanten",Babykleding,https://marketplace.apps-pilot.nl/l/kinderen-en-baby-s/babykleding-mutsen-sjaals-en-wanten/,934,6,6,Babykleding,"Mutsen, Sjaals en Wanten",
2,575,,565,kinderen-en-baby-s,Kinderen en Baby's,babykleding-overige,Babykleding | Overige,Overige,Babykleding,https://marketplace.apps-pilot.nl/l/kinderen-en-baby-s/babykleding-overige/,11276,18,18,Babykleding,Overige,
2,2777,,565,kinderen-en-baby-s,Kinderen en Baby's,babykleding-petten-en-hoeden,Babykleding | Petten en Hoeden,Petten en Hoeden,Babykleding,https://marketplace.apps-pilot.nl/l/kinderen-en-baby-s/babykleding-petten-en-hoeden/,704,2,2,Babykleding,Petten en Hoeden,
2,576,,565,kinderen-en-baby-s,Kinderen en Baby's,babykleding-schoentjes-en-sokjes,Babykleding | Schoentjes en Sokjes,Schoentjes en Sokjes,Babykleding,https://marketplace.apps-pilot.nl/l/kinderen-en-baby-s/babykleding-schoentjes-en-sokjes/,7570,36,36,Babykleding,Schoentjes en Sokjes,
2,3137,,565,kinderen-en-baby-s,Kinderen en Baby's,babymode-accessoires,Babymode-accessoires,,Mode-accessoires,https://marketplace.apps-pilot.nl/l/kinderen-en-baby-s/babymode-accessoires/,1102,2,2,Babymode-accessoires,,
2,1489,,565,kinderen-en-baby-s,Kinderen en Baby's,babyvoeding-en-toebehoren,Babyvoeding en Toebehoren,,Babybenodigdheden,https://marketplace.apps-pilot.nl/l/kinderen-en-baby-s/babyvoeding-en-toebehoren/,11195,0,0,Babyvoeding en Toebehoren,,
2,577,,565,kinderen-en-baby-s,Kinderen en Baby's,babywiegjes-en-ledikanten,Babywiegjes en Ledikanten,,Babybenodigdheden,https://marketplace.apps-pilot.nl/l/kinderen-en-baby-s/babywiegjes-en-ledikanten/,19957,0,0,Babywiegjes en Ledikanten,,
2,578,,565,kinderen-en-baby-s,Kinderen en Baby's,badjes-en-verzorging,Badjes en Verzorging,,Babybenodigdheden,https://marketplace.apps-pilot.nl/l/kinderen-en-baby-s/badjes-en-verzorging/,9785,6,6,Badjes en Verzorging,,
2,580,,565,kinderen-en-baby-s,Kinderen en Baby's,boxen,Boxen,,Kindermeubilair,https://marketplace.apps-pilot.nl/l/kinderen-en-baby-s/boxen/,8102,0,0,Boxen,,
2,2132,,565,kinderen-en-baby-s,Kinderen en Baby's,buggy-s,Buggy's,,Onderweg,https://marketplace.apps-pilot.nl/l/kinderen-en-baby-s/buggy-s/,6293,5,5,Buggy's,,
2,2129,,565,kinderen-en-baby-s,Kinderen en Baby's,carnavalskleding-en-verkleedspullen,Carnavalskleding en Verkleedspullen,,Kinderkleding,https://marketplace.apps-pilot.nl/l/kinderen-en-baby-s/carnavalskleding-en-verkleedspullen/,5626,0,0,Carnavalskleding en Verkleedspullen,,
2,2133,,565,kinderen-en-baby-s,Kinderen en Baby's,dekens-slaapzakjes-en-inbakerproducten,"Dekens, Slaapzakjes en Inbakerproducten",Dekens en Slaapzakjes,Babybenodigdheden,https://marketplace.apps-pilot.nl/l/kinderen-en-baby-s/dekens-slaapzakjes-en-inbakerproducten/,6901,0,0,"Dekens, Slaapzakjes en Inbakerproducten",,
2,579,,565,kinderen-en-baby-s,Kinderen en Baby's,kinderkamer-bedden,Kinderkamer | Bedden,Bedden,Kindermeubilair,https://marketplace.apps-pilot.nl/l/kinderen-en-baby-s/kinderkamer-bedden/,12922,0,0,Kinderkamer,Bedden,
2,2772,,565,kinderen-en-baby-s,Kinderen en Baby's,kinderkamer-beddengoed,Kinderkamer | Beddengoed,Beddengoed,Kindermeubilair,https://marketplace.apps-pilot.nl/l/kinderen-en-baby-s/kinderkamer-beddengoed/,5263,0,0,Kinderkamer,Beddengoed,
2,2773,,565,kinderen-en-baby-s,Kinderen en Baby's,kinderkamer-commodes-en-kasten,Kinderkamer | Commodes en Kasten,Commodes en Kasten,Kindermeubilair,https://marketplace.apps-pilot.nl/l/kinderen-en-baby-s/kinderkamer-commodes-en-kasten/,5390,0,0,Kinderkamer,Commodes en Kasten,
2,1670,,565,kinderen-en-baby-s,Kinderen en Baby's,kinderkamer-complete-kinderkamers,Kinderkamer | Complete kinderkamers,Complete kinderkamers,Complete inrichtingen,https://marketplace.apps-pilot.nl/l/kinderen-en-baby-s/kinderkamer-complete-kinderkamers/,2892,0,0,Kinderkamer,Complete kinderkamers,
2,1671,,565,kinderen-en-baby-s,Kinderen en Baby's,kinderkamer-inrichting-en-decoratie,Kinderkamer | Inrichting en Decoratie,Inrichting en Decoratie,Kindermeubilair,https://marketplace.apps-pilot.nl/l/kinderen-en-baby-s/kinderkamer-inrichting-en-decoratie/,9053,0,0,Kinderkamer,Inrichting en Decoratie,
2,599,,565,kinderen-en-baby-s,Kinderen en Baby's,kinderkamer-overige-meubels,Kinderkamer | Overige Meubels,Overige Meubels,Kindermeubilair,https://marketplace.apps-pilot.nl/l/kinderen-en-baby-s/kinderkamer-overige-meubels/,3503,0,0,Kinderkamer,Overige Meubels,
2,2774,,565,kinderen-en-baby-s,Kinderen en Baby's,kinderkamer-stapelbedden-en-hoogslapers,Kinderkamer | Stapelbedden en Hoogslapers,Stapelbedden en Hoogslapers,Kindermeubilair,https://marketplace.apps-pilot.nl/l/kinderen-en-baby-s/kinderkamer-stapelbedden-en-hoogslapers/,1764,0,0,Kinderkamer,Stapelbedden en Hoogslapers,
2,2775,,565,kinderen-en-baby-s,Kinderen en Baby's,kinderkamer-tafels-en-stoelen,Kinderkamer | Tafels en Stoelen,Tafels en Stoelen,Kindermeubilair,https://marketplace.apps-pilot.nl/l/kinderen-en-baby-s/kinderkamer-tafels-en-stoelen/,5436,0,0,Kinderkamer,Tafels en Stoelen,
2,3135,,565,kinderen-en-baby-s,Kinderen en Baby's,kinderkleding-kinder-kledingpakketten,Kinderkleding | Kinder-kledingpakketten,Kinder-kledingpakketten,Kinderkleding,https://marketplace.apps-pilot.nl/l/kinderen-en-baby-s/kinderkleding-kinder-kledingpakketten/,7476,0,0,Kinderkleding,Kinder-kledingpakketten,
2,3134,,565,kinderen-en-baby-s,Kinderen en Baby's,kinderkleding-kinder-zwemkleding,Kinderkleding | Kinder-zwemkleding,Kinder-zwemkleding,Kinderkleding,https://marketplace.apps-pilot.nl/l/kinderen-en-baby-s/kinderkleding-kinder-zwemkleding/,5646,32,32,Kinderkleding,Kinder-zwemkleding,
2,584,,565,kinderen-en-baby-s,Kinderen en Baby's,kinderkleding-maat-104,Kinderkleding | Maat 104,Maat 104,Kinderkleding,https://marketplace.apps-pilot.nl/l/kinderen-en-baby-s/kinderkleding-maat-104/,7652,61,61,Kinderkleding,Maat 104,
2,585,,565,kinderen-en-baby-s,Kinderen en Baby's,kinderkleding-maat-110,Kinderkleding | Maat 110,Maat 110,Kinderkleding,https://marketplace.apps-pilot.nl/l/kinderen-en-baby-s/kinderkleding-maat-110/,8773,60,60,Kinderkleding,Maat 110,
2,586,,565,kinderen-en-baby-s,Kinderen en Baby's,kinderkleding-maat-116,Kinderkleding | Maat 116,Maat 116,Kinderkleding,https://marketplace.apps-pilot.nl/l/kinderen-en-baby-s/kinderkleding-maat-116/,8664,66,66,Kinderkleding,Maat 116,
2,587,,565,kinderen-en-baby-s,Kinderen en Baby's,kinderkleding-maat-122,Kinderkleding | Maat 122,Maat 122,Kinderkleding,https://marketplace.apps-pilot.nl/l/kinderen-en-baby-s/kinderkleding-maat-122/,9666,65,65,Kinderkleding,Maat 122,
2,588,,565,kinderen-en-baby-s,Kinderen en Baby's,kinderkleding-maat-128,Kinderkleding | Maat 128,Maat 128,Kinderkleding,https://marketplace.apps-pilot.nl/l/kinderen-en-baby-s/kinderkleding-maat-128/,10465,92,92,Kinderkleding,Maat 128,
2,589,,565,kinderen-en-baby-s,Kinderen en Baby's,kinderkleding-maat-134,Kinderkleding | Maat 134,Maat 134,Kinderkleding,https://marketplace.apps-pilot.nl/l/kinderen-en-baby-s/kinderkleding-maat-134/,10138,56,56,Kinderkleding,Maat 134,
2,590,,565,kinderen-en-baby-s,Kinderen en Baby's,kinderkleding-maat-140,Kinderkleding | Maat 140,Maat 140,Kinderkleding,https://marketplace.apps-pilot.nl/l/kinderen-en-baby-s/kinderkleding-maat-140/,12155,96,96,Kinderkleding,Maat 140,
2,591,,565,kinderen-en-baby-s,Kinderen en Baby's,kinderkleding-maat-146,Kinderkleding | Maat 146,Maat 146,Kinderkleding,https://marketplace.apps-pilot.nl/l/kinderen-en-baby-s/kinderkleding-maat-146/,9836,59,59,Kinderkleding,Maat 146,
2,592,,565,kinderen-en-baby-s,Kinderen en Baby's,kinderkleding-maat-152,Kinderkleding | Maat 152,Maat 152,Kinderkleding,https://marketplace.apps-pilot.nl/l/kinderen-en-baby-s/kinderkleding-maat-152/,13814,103,103,Kinderkleding,Maat 152,
2,593,,565,kinderen-en-baby-s,Kinderen en Baby's,kinderkleding-maat-158,Kinderkleding | Maat 158,Maat 158,Kinderkleding,https://marketplace.apps-pilot.nl/l/kinderen-en-baby-s/kinderkleding-maat-158/,8819,55,55,Kinderkleding,Maat 158,
2,594,,565,kinderen-en-baby-s,Kinderen en Baby's,kinderkleding-maat-164,Kinderkleding | Maat 164,Maat 164,Kinderkleding,https://marketplace.apps-pilot.nl/l/kinderen-en-baby-s/kinderkleding-maat-164/,12180,93,93,Kinderkleding,Maat 164,
2,595,,565,kinderen-en-baby-s,Kinderen en Baby's,kinderkleding-maat-170,Kinderkleding | Maat 170,Maat 170,Kinderkleding,https://marketplace.apps-pilot.nl/l/kinderen-en-baby-s/kinderkleding-maat-170/,4517,36,36,Kinderkleding,Maat 170,
2,596,,565,kinderen-en-baby-s,Kinderen en Baby's,kinderkleding-maat-176,Kinderkleding | Maat 176,Maat 176,Kinderkleding,https://marketplace.apps-pilot.nl/l/kinderen-en-baby-s/kinderkleding-maat-176/,5080,44,44,Kinderkleding,Maat 176,
2,582,,565,kinderen-en-baby-s,Kinderen en Baby's,kinderkleding-maat-92,Kinderkleding | Maat 92,Maat 92,Kinderkleding,https://marketplace.apps-pilot.nl/l/kinderen-en-baby-s/kinderkleding-maat-92/,6528,50,50,Kinderkleding,Maat 92,
2,583,,565,kinderen-en-baby-s,Kinderen en Baby's,kinderkleding-maat-98,Kinderkleding | Maat 98,Maat 98,Kinderkleding,https://marketplace.apps-pilot.nl/l/kinderen-en-baby-s/kinderkleding-maat-98/,7569,50,50,Kinderkleding,Maat 98,
2,1672,,565,kinderen-en-baby-s,Kinderen en Baby's,kinderkleding-mutsen-sjaals-en-handschoenen,"Kinderkleding | Mutsen, Sjaals en Handschoenen","Mutsen, Sjaals en Handschoenen",Kinderkleding,https://marketplace.apps-pilot.nl/l/kinderen-en-baby-s/kinderkleding-mutsen-sjaals-en-handschoenen/,1407,7,7,Kinderkleding,"Mutsen, Sjaals en Handschoenen",
2,597,,565,kinderen-en-baby-s,Kinderen en Baby's,kinderkleding-overige,Kinderkleding | Overige,Overige,Kinderkleding,https://marketplace.apps-pilot.nl/l/kinderen-en-baby-s/kinderkleding-overige/,14901,55,55,Kinderkleding,Overige,
2,2776,,565,kinderen-en-baby-s,Kinderen en Baby's,kinderkleding-petten-en-hoeden,Kinderkleding | Petten en Hoeden,Petten en Hoeden,Kinderkleding,https://marketplace.apps-pilot.nl/l/kinderen-en-baby-s/kinderkleding-petten-en-hoeden/,916,2,2,Kinderkleding,Petten en Hoeden,
2,598,,565,kinderen-en-baby-s,Kinderen en Baby's,kinderkleding-schoenen-en-sokken,Kinderkleding | Schoenen en Sokken,Schoenen en Sokken,Kinderkleding,https://marketplace.apps-pilot.nl/l/kinderen-en-baby-s/kinderkleding-schoenen-en-sokken/,38133,141,141,Kinderkleding,Schoenen en Sokken,
2,3136,,565,kinderen-en-baby-s,Kinderen en Baby's,kindermode-accessoires,Kindermode-accessoires,,Mode-accessoires,https://marketplace.apps-pilot.nl/l/kinderen-en-baby-s/kindermode-accessoires/,2089,5,5,Kindermode-accessoires,,
2,1951,,565,kinderen-en-baby-s,Kinderen en Baby's,kinderspulletjes,Kinderspulletjes,,Kindermeubilair,https://marketplace.apps-pilot.nl/l/kinderen-en-baby-s/kinderspulletjes/,17612,0,0,Kinderspulletjes,,
2,600,,565,kinderen-en-baby-s,Kinderen en Baby's,kinderstoelen,Kinderstoelen,,Kindermeubilair,https://marketplace.apps-pilot.nl/l/kinderen-en-baby-s/kinderstoelen/,15545,0,0,Kinderstoelen,,
2,603,,565,kinderen-en-baby-s,Kinderen en Baby's,kinderwagens-en-combinaties,Kinderwagens en Combinaties,Kinderwagens,Onderweg,https://marketplace.apps-pilot.nl/l/kinderen-en-baby-s/kinderwagens-en-combinaties/,22524,5,5,Kinderwagens en Combinaties,,
2,1952,,565,kinderen-en-baby-s,Kinderen en Baby's,kraamcadeaus-en-geboorteborden,Kraamcadeaus en Geboorteborden,,Babybenodigdheden,https://marketplace.apps-pilot.nl/l/kinderen-en-baby-s/kraamcadeaus-en-geboorteborden/,4266,0,0,Kraamcadeaus en Geboorteborden,,
2,3138,,565,kinderen-en-baby-s,Kinderen en Baby's,luiertassen,Luiertassen,,Onderweg,https://marketplace.apps-pilot.nl/l/kinderen-en-baby-s/luiertassen/,1745,5,5,Luiertassen,,
2,606,,565,kinderen-en-baby-s,Kinderen en Baby's,overige-kinderen-en-baby-s,Overige Kinderen en Baby's,,Overige,https://marketplace.apps-pilot.nl/l/kinderen-en-baby-s/overige-kinderen-en-baby-s/,11533,0,0,Overige Kinderen en Baby's,,
2,2130,,565,kinderen-en-baby-s,Kinderen en Baby's,babykleding-prematuur,Prematuur,,Babykleding,https://marketplace.apps-pilot.nl/l/kinderen-en-baby-s/babykleding-prematuur/,,1,1,Prematuur,,
2,3133,,565,kinderen-en-baby-s,Kinderen en Baby's,speelgoed-buiten-sleeen,Sleeën,,Buitenspeelgoed,https://marketplace.apps-pilot.nl/l/kinderen-en-baby-s/speelgoed-buiten-sleeen/,,0,0,Sleeën,,
2,1490,,565,kinderen-en-baby-s,Kinderen en Baby's,speelgoed-actiefiguren,Speelgoed | Actiefiguren,Actiefiguren,Binnenspeelgoed,https://marketplace.apps-pilot.nl/l/kinderen-en-baby-s/speelgoed-actiefiguren/,17874,0,0,Speelgoed,Actiefiguren,
2,1491,,565,kinderen-en-baby-s,Kinderen en Baby's,speelgoed-babyspeelgoed,Speelgoed | Babyspeelgoed,Babyspeelgoed,Binnenspeelgoed,https://marketplace.apps-pilot.nl/l/kinderen-en-baby-s/speelgoed-babyspeelgoed/,22227,0,0,Speelgoed,Babyspeelgoed,
2,3144,,565,kinderen-en-baby-s,Kinderen en Baby's,speelgoed-badspeelgoed,Speelgoed | Badspeelgoed,Badspeelgoed,Binnenspeelgoed,https://marketplace.apps-pilot.nl/l/kinderen-en-baby-s/speelgoed-badspeelgoed/,983,0,0,Speelgoed,Badspeelgoed,
2,2157,,565,kinderen-en-baby-s,Kinderen en Baby's,speelgoed-bouwstenen,Speelgoed | Bouwstenen,Bouwstenen,Binnenspeelgoed,https://marketplace.apps-pilot.nl/l/kinderen-en-baby-s/speelgoed-bouwstenen/,29837,5,5,Speelgoed,Bouwstenen,
2,3131,,565,kinderen-en-baby-s,Kinderen en Baby's,speelgoed-buiten-accuvoertuigen,Speelgoed | Buiten | Accuvoertuigen,Accuvoertuigen,Buitenspeelgoed,https://marketplace.apps-pilot.nl/l/kinderen-en-baby-s/speelgoed-buiten-accuvoertuigen/,3234,0,0,Speelgoed,Buiten,Accuvoertuigen
2,2878,,565,kinderen-en-baby-s,Kinderen en Baby's,speelgoed-buiten-actiespeelgoed,Speelgoed | Buiten | Actiespeelgoed,Actiespeelgoed,Buitenspeelgoed,https://marketplace.apps-pilot.nl/l/kinderen-en-baby-s/speelgoed-buiten-actiespeelgoed/,6422,0,0,Speelgoed,Buiten,Actiespeelgoed
2,2779,,565,kinderen-en-baby-s,Kinderen en Baby's,speelgoed-buiten-los-speelgoed,Speelgoed | Buiten | Los speelgoed,Los speelgoed,Buitenspeelgoed,https://marketplace.apps-pilot.nl/l/kinderen-en-baby-s/speelgoed-buiten-los-speelgoed/,4225,0,0,Speelgoed,Buiten,Los speelgoed
2,3130,,565,kinderen-en-baby-s,Kinderen en Baby's,speelgoed-buiten-opblaasfiguren,Speelgoed | Buiten | Opblaasfiguren,Opblaasfiguren,Buitenspeelgoed,https://marketplace.apps-pilot.nl/l/kinderen-en-baby-s/speelgoed-buiten-opblaasfiguren/,2126,0,0,Speelgoed,Buiten,Opblaasfiguren
2,617,,565,kinderen-en-baby-s,Kinderen en Baby's,speelgoed-buiten-rolschaatsen,Speelgoed | Buiten | Rolschaatsen,Rolschaatsen,Buitenspeelgoed,https://marketplace.apps-pilot.nl/l/kinderen-en-baby-s/speelgoed-buiten-rolschaatsen/,3347,0,0,Speelgoed,Buiten,Rolschaatsen
2,618,,565,kinderen-en-baby-s,Kinderen en Baby's,speelgoed-buiten-skelters,Speelgoed | Buiten | Skelters,Skelters,Buitenspeelgoed,https://marketplace.apps-pilot.nl/l/kinderen-en-baby-s/speelgoed-buiten-skelters/,3403,5,5,Speelgoed,Buiten,Skelters
2,3011,,565,kinderen-en-baby-s,Kinderen en Baby's,speelgoed-buiten-speelhuisjes,Speelgoed | Buiten | Speelhuisjes,Speelhuisjes,Binnenspeelgoed,https://marketplace.apps-pilot.nl/l/kinderen-en-baby-s/speelgoed-buiten-speelhuisjes/,1677,0,0,Speelgoed,Buiten,Speelhuisjes
2,607,,565,kinderen-en-baby-s,Kinderen en Baby's,speelgoed-buiten-speeltoestellen,Speelgoed | Buiten | Speeltoestellen,Speeltoestellen,Buitenspeelgoed,https://marketplace.apps-pilot.nl/l/kinderen-en-baby-s/speelgoed-buiten-speeltoestellen/,9126,9,9,Speelgoed,Buiten,Speeltoestellen
2,3132,,565,kinderen-en-baby-s,Kinderen en Baby's,speelgoed-buiten-springkussens,Speelgoed | Buiten | Springkussens,Springkussens,Buitenspeelgoed,https://marketplace.apps-pilot.nl/l/kinderen-en-baby-s/speelgoed-buiten-springkussens/,848,0,0,Speelgoed,Buiten,Springkussens
2,2780,,565,kinderen-en-baby-s,Kinderen en Baby's,speelgoed-buiten-trampolines,Speelgoed | Buiten | Trampolines,Trampolines,Buitenspeelgoed,https://marketplace.apps-pilot.nl/l/kinderen-en-baby-s/speelgoed-buiten-trampolines/,7085,0,0,Speelgoed,Buiten,Trampolines
2,2781,,565,kinderen-en-baby-s,Kinderen en Baby's,speelgoed-buiten-voertuigen-en-loopfietsen,Speelgoed | Buiten | Voertuigen en Loopfietsen,Voertuigen en Loopfietsen,Buitenspeelgoed,https://marketplace.apps-pilot.nl/l/kinderen-en-baby-s/speelgoed-buiten-voertuigen-en-loopfietsen/,12862,0,0,Speelgoed,Buiten,Voertuigen en Loopfietsen
2,2782,,565,kinderen-en-baby-s,Kinderen en Baby's,speelgoed-buiten-zandbakken,Speelgoed | Buiten | Zandbakken,Zandbakken,Buitenspeelgoed,https://marketplace.apps-pilot.nl/l/kinderen-en-baby-s/speelgoed-buiten-zandbakken/,1412,0,0,Speelgoed,Buiten,Zandbakken
2,611,,565,kinderen-en-baby-s,Kinderen en Baby's,speelgoed-duplo-en-lego,Speelgoed | Duplo en Lego,Duplo en Lego,Binnenspeelgoed,https://marketplace.apps-pilot.nl/l/kinderen-en-baby-s/speelgoed-duplo-en-lego/,120055,3,3,Speelgoed,Duplo en Lego,
2,1492,,565,kinderen-en-baby-s,Kinderen en Baby's,speelgoed-educatief-en-creatief,Speelgoed | Educatief en Creatief,Educatief en Creatief,Binnenspeelgoed,https://marketplace.apps-pilot.nl/l/kinderen-en-baby-s/speelgoed-educatief-en-creatief/,22756,0,0,Speelgoed,Educatief en Creatief,
2,608,,565,kinderen-en-baby-s,Kinderen en Baby's,speelgoed-fisher-price,Speelgoed | Fisher-Price,Fisher-Price,Binnenspeelgoed,https://marketplace.apps-pilot.nl/l/kinderen-en-baby-s/speelgoed-fisher-price/,3669,0,0,Speelgoed,Fisher-Price,
2,3143,,565,kinderen-en-baby-s,Kinderen en Baby's,speelgoed-hobbelfiguren,Speelgoed | Hobbelfiguren,Hobbelfiguren,Binnenspeelgoed,https://marketplace.apps-pilot.nl/l/kinderen-en-baby-s/speelgoed-hobbelfiguren/,2862,0,0,Speelgoed,Hobbelfiguren,
2,1674,,565,kinderen-en-baby-s,Kinderen en Baby's,speelgoed-houten-speelgoed,Speelgoed | Houten speelgoed,Houten speelgoed,Binnenspeelgoed,https://marketplace.apps-pilot.nl/l/kinderen-en-baby-s/speelgoed-houten-speelgoed/,12767,0,0,Speelgoed,Houten speelgoed,
2,615,,565,kinderen-en-baby-s,Kinderen en Baby's,speelgoed-kinderpuzzels,Speelgoed | Kinderpuzzels,Kinderpuzzels,Binnenspeelgoed,https://marketplace.apps-pilot.nl/l/kinderen-en-baby-s/speelgoed-kinderpuzzels/,12700,0,0,Speelgoed,Kinderpuzzels,
2,610,,565,kinderen-en-baby-s,Kinderen en Baby's,speelgoed-knuffels-en-pluche,Speelgoed | Knuffels en Pluche,Knuffels en Pluche,Binnenspeelgoed,https://marketplace.apps-pilot.nl/l/kinderen-en-baby-s/speelgoed-knuffels-en-pluche/,58853,21,21,Speelgoed,Knuffels en Pluche,
2,2879,,565,kinderen-en-baby-s,Kinderen en Baby's,speelgoed-my-little-pony,Speelgoed | My Little Pony,My Little Pony,Binnenspeelgoed,https://marketplace.apps-pilot.nl/l/kinderen-en-baby-s/speelgoed-my-little-pony/,2118,0,0,Speelgoed,My Little Pony,
2,612,,565,kinderen-en-baby-s,Kinderen en Baby's,speelgoed-overig,Speelgoed | Overig,Overig,Binnenspeelgoed,https://marketplace.apps-pilot.nl/l/kinderen-en-baby-s/speelgoed-overig/,42725,0,0,Speelgoed,Overig,
2,613,,565,kinderen-en-baby-s,Kinderen en Baby's,speelgoed-playmobil,Speelgoed | Playmobil,Playmobil,Binnenspeelgoed,https://marketplace.apps-pilot.nl/l/kinderen-en-baby-s/speelgoed-playmobil/,32224,18,18,Speelgoed,Playmobil,
2,614,,565,kinderen-en-baby-s,Kinderen en Baby's,speelgoed-poppen,Speelgoed | Poppen,Poppen,Binnenspeelgoed,https://marketplace.apps-pilot.nl/l/kinderen-en-baby-s/speelgoed-poppen/,19947,0,0,Speelgoed,Poppen,
2,2783,,565,kinderen-en-baby-s,Kinderen en Baby's,speelgoed-poppenhuizen,Speelgoed | Poppenhuizen,Poppenhuizen,Binnenspeelgoed,https://marketplace.apps-pilot.nl/l/kinderen-en-baby-s/speelgoed-poppenhuizen/,5847,0,0,Speelgoed,Poppenhuizen,
2,616,,565,kinderen-en-baby-s,Kinderen en Baby's,speelgoed-racebanen,Speelgoed | Racebanen,Racebanen,Binnenspeelgoed,https://marketplace.apps-pilot.nl/l/kinderen-en-baby-s/speelgoed-racebanen/,6608,9,9,Speelgoed,Racebanen,
2,2131,,565,kinderen-en-baby-s,Kinderen en Baby's,speelgoed-speelgoedvoertuigen,Speelgoed | Speelgoedvoertuigen,Speelgoedvoertuigen,Binnenspeelgoed,https://marketplace.apps-pilot.nl/l/kinderen-en-baby-s/speelgoed-speelgoedvoertuigen/,26561,0,0,Speelgoed,Speelgoedvoertuigen,
2,3139,,565,kinderen-en-baby-s,Kinderen en Baby's,speelgoed-speelkeukens,Speelgoed | Speelkeukens,Speelkeukens,Binnenspeelgoed,https://marketplace.apps-pilot.nl/l/kinderen-en-baby-s/speelgoed-speelkeukens/,3815,0,0,Speelgoed,Speelkeukens,
2,3142,,565,kinderen-en-baby-s,Kinderen en Baby's,speelgoed-speelkleden,Speelgoed | Speelkleden,Speelkleden,Binnenspeelgoed,https://marketplace.apps-pilot.nl/l/kinderen-en-baby-s/speelgoed-speelkleden/,2659,0,0,Speelgoed,Speelkleden,
2,3145,,565,kinderen-en-baby-s,Kinderen en Baby's,speelgoed-speeltafels,Speelgoed | Speeltafels,Speeltafels,Binnenspeelgoed,https://marketplace.apps-pilot.nl/l/kinderen-en-baby-s/speelgoed-speeltafels/,1534,0,0,Speelgoed,Speeltafels,
2,3141,,565,kinderen-en-baby-s,Kinderen en Baby's,speelgoed-speeltenten,Speelgoed | Speeltenten,Speeltenten,Binnenspeelgoed,https://marketplace.apps-pilot.nl/l/kinderen-en-baby-s/speelgoed-speeltenten/,1311,0,0,Speelgoed,Speeltenten,
2,2880,,565,kinderen-en-baby-s,Kinderen en Baby's,speelgoed-thomas-de-trein,Speelgoed | Thomas de Trein,Thomas de Trein,Binnenspeelgoed,https://marketplace.apps-pilot.nl/l/kinderen-en-baby-s/speelgoed-thomas-de-trein/,2002,0,0,Speelgoed,Thomas de Trein,
2,3140,,565,kinderen-en-baby-s,Kinderen en Baby's,speelgoed-voetbaltafels,Speelgoed | Voetbaltafels,Voetbaltafels,Binnenspeelgoed,https://marketplace.apps-pilot.nl/l/kinderen-en-baby-s/speelgoed-voetbaltafels/,1053,0,0,Speelgoed,Voetbaltafels,
2,2778,,565,kinderen-en-baby-s,Kinderen en Baby's,speelgoed-vtech,Speelgoed | Vtech,Vtech,Binnenspeelgoed,https://marketplace.apps-pilot.nl/l/kinderen-en-baby-s/speelgoed-vtech/,6471,0,0,Speelgoed,Vtech,
2,619,,565,kinderen-en-baby-s,Kinderen en Baby's,traphekjes,Traphekjes,,Kindermeubilair,https://marketplace.apps-pilot.nl/l/kinderen-en-baby-s/traphekjes/,2675,0,0,Traphekjes,,
2,1706,,565,kinderen-en-baby-s,Kinderen en Baby's,tweelingen-en-meerlingen,Tweelingen en Meerlingen,,Babybenodigdheden,https://marketplace.apps-pilot.nl/l/kinderen-en-baby-s/tweelingen-en-meerlingen/,672,0,0,Tweelingen en Meerlingen,,
2,620,,565,kinderen-en-baby-s,Kinderen en Baby's,wipstoeltjes,Wipstoeltjes,,Kindermeubilair,https://marketplace.apps-pilot.nl/l/kinderen-en-baby-s/wipstoeltjes/,5924,5,5,Wipstoeltjes,,
1,621,,621,kleding-dames,Kleding | Dames,kleding-dames,Kleding | Dames,,,https://marketplace.apps-pilot.nl/l/kleding-dames/,,0,0,Kleding,Dames,
2,622,,621,kleding-dames,Kleding | Dames,badmode-en-zwemkleding,Badmode en Zwemkleding,,Badmode en Ondergoed,https://marketplace.apps-pilot.nl/l/kleding-dames/badmode-en-zwemkleding/,15475,27,27,Badmode en Zwemkleding,,
2,628,657,621,kleding-dames,Kleding | Dames,blouses-en-tunieken,Blouses en Tunieken,,Kleding,https://marketplace.apps-pilot.nl/l/kleding-dames/blouses-en-tunieken/,46819,199,199,Blouses en Tunieken,,
2,1777,,621,kleding-dames,Kleding | Dames,bodywarmers,Bodywarmers,,Kleding,https://marketplace.apps-pilot.nl/l/kleding-dames/bodywarmers/,2958,6,6,Bodywarmers,,
2,629,658,621,kleding-dames,Kleding | Dames,broeken-en-pantalons,Broeken en Pantalons,,Kleding,https://marketplace.apps-pilot.nl/l/kleding-dames/broeken-en-pantalons/,51137,211,211,Broeken en Pantalons,,
2,623,,621,kleding-dames,Kleding | Dames,carnavalskleding-en-feestkleding,Carnavalskleding en Feestkleding,,Kleding,https://marketplace.apps-pilot.nl/l/kleding-dames/carnavalskleding-en-feestkleding/,11734,2,2,Carnavalskleding en Feestkleding,,
2,3146,,621,kleding-dames,Kleding | Dames,dames-kledingpakketten,Dames-kledingpakketten,,Kleding,https://marketplace.apps-pilot.nl/l/kleding-dames/dames-kledingpakketten/,5041,0,0,Dames-kledingpakketten,,
2,2134,,621,kleding-dames,Kleding | Dames,gelegenheidskleding,Gelegenheidskleding,,Kleding,https://marketplace.apps-pilot.nl/l/kleding-dames/gelegenheidskleding/,9870,11,11,Gelegenheidskleding,,
2,1330,,621,kleding-dames,Kleding | Dames,grote-maten,Grote Maten,,Kleding,https://marketplace.apps-pilot.nl/l/kleding-dames/grote-maten/,16572,41,41,Grote Maten,,
2,624,,621,kleding-dames,Kleding | Dames,hoeden-en-petten,Hoeden en Petten,,Accessoires,https://marketplace.apps-pilot.nl/l/kleding-dames/hoeden-en-petten/,6239,8,8,Hoeden en Petten,,
2,2881,,621,kleding-dames,Kleding | Dames,huispakken,Huispakken,,Kleding,https://marketplace.apps-pilot.nl/l/kleding-dames/huispakken/,1689,4,4,Huispakken,,
2,659,1494,621,kleding-dames,Kleding | Dames,jasjes-kostuums-en-pakken,"Jasjes, Kostuums en Pakken",Jasjes en Kostuums,Kleding,https://marketplace.apps-pilot.nl/l/kleding-dames/jasjes-kostuums-en-pakken/,25692,136,136,"Jasjes, Kostuums en Pakken",,
2,2784,2786,621,kleding-dames,Kleding | Dames,jassen-winter,Jassen | Winter,,Kleding,https://marketplace.apps-pilot.nl/l/kleding-dames/jassen-winter/,15610,86,86,Jassen,Winter,
2,630,1498,621,kleding-dames,Kleding | Dames,jassen-zomer,Jassen | Zomer,,Kleding,https://marketplace.apps-pilot.nl/l/kleding-dames/jassen-zomer/,20506,113,113,Jassen,Zomer,
2,2785,2787,621,kleding-dames,Kleding | Dames,jumpsuits,Jumpsuits,,Kleding,https://marketplace.apps-pilot.nl/l/kleding-dames/jumpsuits/,6922,33,33,Jumpsuits,,
2,631,660,621,kleding-dames,Kleding | Dames,jurken,Jurken,,Kleding,https://marketplace.apps-pilot.nl/l/kleding-dames/jurken/,104278,227,227,Jurken,,
2,3147,,621,kleding-dames,Kleding | Dames,kledinghangers,Kledinghangers,,Accessoires,https://marketplace.apps-pilot.nl/l/kleding-dames/kledinghangers/,2584,0,0,Kledinghangers,,
2,3148,,621,kleding-dames,Kleding | Dames,kledingrekken,Kledingrekken,,Accessoires,https://marketplace.apps-pilot.nl/l/kleding-dames/kledingrekken/,2152,0,0,Kledingrekken,,
2,1676,,621,kleding-dames,Kleding | Dames,leggings-maillots-en-panty-s,"Leggings, Maillots en Panty's",Leggings en Panty's,Schoenen en Beenmode,https://marketplace.apps-pilot.nl/l/kleding-dames/leggings-maillots-en-panty-s/,3471,9,9,"Leggings, Maillots en Panty's",,
2,1679,,621,kleding-dames,Kleding | Dames,mutsen-sjaals-en-handschoenen,"Mutsen, Sjaals en Handschoenen",,Accessoires,https://marketplace.apps-pilot.nl/l/kleding-dames/mutsen-sjaals-en-handschoenen/,9461,17,17,"Mutsen, Sjaals en Handschoenen",,
2,632,661,621,kleding-dames,Kleding | Dames,ondergoed-en-lingerie,Ondergoed en Lingerie,,Badmode en Ondergoed,https://marketplace.apps-pilot.nl/l/kleding-dames/ondergoed-en-lingerie/,22529,19,19,Ondergoed en Lingerie,,
2,633,662,621,kleding-dames,Kleding | Dames,overige-dameskleding,Overige Dameskleding,,Overige,https://marketplace.apps-pilot.nl/l/kleding-dames/overige-dameskleding/,7389,9,9,Overige Dameskleding,,
2,634,663,621,kleding-dames,Kleding | Dames,positiekleding,Positiekleding,,Kleding,https://marketplace.apps-pilot.nl/l/kleding-dames/positiekleding/,3603,10,10,Positiekleding,,
2,3204,,621,kleding-dames,Kleding | Dames,pyjama-s,Pyjama's,,Badmode en Ondergoed,https://marketplace.apps-pilot.nl/l/kleding-dames/pyjama-s/,2523,9,9,Pyjama's,,
2,1493,,621,kleding-dames,Kleding | Dames,riemen-en-ceinturen,Riemen en Ceinturen,,Accessoires,https://marketplace.apps-pilot.nl/l/kleding-dames/riemen-en-ceinturen/,4554,8,8,Riemen en Ceinturen,,
2,635,664,621,kleding-dames,Kleding | Dames,rokken,Rokken,,Kleding,https://marketplace.apps-pilot.nl/l/kleding-dames/rokken/,28908,164,164,Rokken,,
2,625,,621,kleding-dames,Kleding | Dames,schoenen,Schoenen,,Schoenen en Beenmode,https://marketplace.apps-pilot.nl/l/kleding-dames/schoenen/,162764,291,291,Schoenen,,
2,1678,,621,kleding-dames,Kleding | Dames,sokken-en-kousen,Sokken en Kousen,,Schoenen en Beenmode,https://marketplace.apps-pilot.nl/l/kleding-dames/sokken-en-kousen/,2235,4,4,Sokken en Kousen,,
2,636,665,621,kleding-dames,Kleding | Dames,spijkerbroeken-en-jeans,Spijkerbroeken en Jeans,,Kleding,https://marketplace.apps-pilot.nl/l/kleding-dames/spijkerbroeken-en-jeans/,25210,112,112,Spijkerbroeken en Jeans,,
2,798,,621,kleding-dames,Kleding | Dames,sportkleding,Sportkleding,,Kleding,https://marketplace.apps-pilot.nl/l/kleding-dames/sportkleding/,11577,26,26,Sportkleding,,
2,637,666,621,kleding-dames,Kleding | Dames,t-shirts,T-shirts,,Kleding,https://marketplace.apps-pilot.nl/l/kleding-dames/t-shirts/,41016,186,186,T-shirts,,
2,638,667,621,kleding-dames,Kleding | Dames,tops,Tops,,Kleding,https://marketplace.apps-pilot.nl/l/kleding-dames/tops/,40611,203,203,Tops,,
2,639,,621,kleding-dames,Kleding | Dames,trouwkleding-en-trouwaccessoires,Trouwkleding en Trouwaccessoires,Trouwkleding,Kleding,https://marketplace.apps-pilot.nl/l/kleding-dames/trouwkleding-en-trouwaccessoires/,6651,6,6,Trouwkleding en Trouwaccessoires,,
2,640,668,621,kleding-dames,Kleding | Dames,truien-en-vesten,Truien en Vesten,,Kleding,https://marketplace.apps-pilot.nl/l/kleding-dames/truien-en-vesten/,45931,217,217,Truien en Vesten,,
2,2628,,621,kleding-dames,Kleding | Dames,wintersportkleding,Wintersportkleding,,Kleding,https://marketplace.apps-pilot.nl/l/kleding-dames/wintersportkleding/,1721,7,7,Wintersportkleding,,
1,1776,,1776,kleding-heren,Kleding | Heren,kleding-heren,Kleding | Heren,,,https://marketplace.apps-pilot.nl/l/kleding-heren/,,0,0,Kleding,Heren,
2,1778,,1776,kleding-heren,Kleding | Heren,badmode-en-zwemkleding,Badmode en Zwemkleding,"Badmode, Zwemkleding",Badmode en Ondergoed,https://marketplace.apps-pilot.nl/l/kleding-heren/badmode-en-zwemkleding/,4406,19,19,Badmode en Zwemkleding,,
2,2032,,1776,kleding-heren,Kleding | Heren,bodywarmers,Bodywarmers,,Kleding,https://marketplace.apps-pilot.nl/l/kleding-heren/bodywarmers/,1453,4,4,Bodywarmers,,
2,646,669,1776,kleding-heren,Kleding | Heren,broeken-en-pantalons,Broeken en Pantalons,,Kleding,https://marketplace.apps-pilot.nl/l/kleding-heren/broeken-en-pantalons/,16635,94,94,Broeken en Pantalons,,
2,2031,,1776,kleding-heren,Kleding | Heren,carnavalskleding-en-feestkleding,Carnavalskleding en Feestkleding,,Kleding,https://marketplace.apps-pilot.nl/l/kleding-heren/carnavalskleding-en-feestkleding/,5456,2,2,Carnavalskleding en Feestkleding,,
2,1331,,1776,kleding-heren,Kleding | Heren,grote-maten,Grote Maten,,Kleding,https://marketplace.apps-pilot.nl/l/kleding-heren/grote-maten/,1248,3,3,Grote Maten,,
2,3149,,1776,kleding-heren,Kleding | Heren,heren-kledingpakketten,Heren-kledingpakketten,,Kleding,https://marketplace.apps-pilot.nl/l/kleding-heren/heren-kledingpakketten/,2621,0,0,Heren-kledingpakketten,,
2,641,,1776,kleding-heren,Kleding | Heren,hoeden-en-petten,Hoeden en Petten,,Accessoires,https://marketplace.apps-pilot.nl/l/kleding-heren/hoeden-en-petten/,9395,20,20,Hoeden en Petten,,
2,2788,2789,1776,kleding-heren,Kleding | Heren,jassen-winter,Jassen | Winter,,Kleding,https://marketplace.apps-pilot.nl/l/kleding-heren/jassen-winter/,9658,56,56,Jassen,Winter,
2,647,670,1776,kleding-heren,Kleding | Heren,jassen-zomer,Jassen | Zomer,,Kleding,https://marketplace.apps-pilot.nl/l/kleding-heren/jassen-zomer/,13093,63,63,Jassen,Zomer,
2,648,671,1776,kleding-heren,Kleding | Heren,kostuums-en-colberts,Kostuums en Colberts,,Kleding,https://marketplace.apps-pilot.nl/l/kleding-heren/kostuums-en-colberts/,6487,25,25,Kostuums en Colberts,,
2,1680,,1776,kleding-heren,Kleding | Heren,mutsen-sjaals-en-handschoenen,"Mutsen, Sjaals en Handschoenen",,Accessoires,https://marketplace.apps-pilot.nl/l/kleding-heren/mutsen-sjaals-en-handschoenen/,2123,3,3,"Mutsen, Sjaals en Handschoenen",,
2,1675,,1776,kleding-heren,Kleding | Heren,ondergoed,Ondergoed,,Badmode en Ondergoed,https://marketplace.apps-pilot.nl/l/kleding-heren/ondergoed/,3668,15,15,Ondergoed,,
2,649,672,1776,kleding-heren,Kleding | Heren,overhemden,Overhemden,,Kleding,https://marketplace.apps-pilot.nl/l/kleding-heren/overhemden/,19157,108,108,Overhemden,,
2,650,673,1776,kleding-heren,Kleding | Heren,overige-herenkleding,Overige Herenkleding,,Overige,https://marketplace.apps-pilot.nl/l/kleding-heren/overige-herenkleding/,5349,10,10,Overige Herenkleding,,
2,2790,2791,1776,kleding-heren,Kleding | Heren,polo-s,Polo's,,Kleding,https://marketplace.apps-pilot.nl/l/kleding-heren/polo-s/,10497,65,65,Polo's,,
2,3205,,1776,kleding-heren,Kleding | Heren,pyjama-s,Pyjama's,,Badmode en Ondergoed,https://marketplace.apps-pilot.nl/l/kleding-heren/pyjama-s/,404,1,1,Pyjama's,,
2,1495,,1776,kleding-heren,Kleding | Heren,riemen-en-ceinturen,Riemen en Ceinturen,,Accessoires,https://marketplace.apps-pilot.nl/l/kleding-heren/riemen-en-ceinturen/,2408,6,6,Riemen en Ceinturen,,
2,642,,1776,kleding-heren,Kleding | Heren,schoenen,Schoenen,,Schoenen en Sokken,https://marketplace.apps-pilot.nl/l/kleding-heren/schoenen/,93887,220,220,Schoenen,,
2,1677,,1776,kleding-heren,Kleding | Heren,sokken-en-kousen,Sokken en Kousen,,Schoenen en Sokken,https://marketplace.apps-pilot.nl/l/kleding-heren/sokken-en-kousen/,2427,12,12,Sokken en Kousen,,
2,1497,1499,1776,kleding-heren,Kleding | Heren,spijkerbroeken-en-jeans,Spijkerbroeken en Jeans,,Kleding,https://marketplace.apps-pilot.nl/l/kleding-heren/spijkerbroeken-en-jeans/,19449,79,79,Spijkerbroeken en Jeans,,
2,1779,,1776,kleding-heren,Kleding | Heren,sportkleding,Sportkleding,,Kleding,https://marketplace.apps-pilot.nl/l/kleding-heren/sportkleding/,18983,32,32,Sportkleding,,
2,643,,1776,kleding-heren,Kleding | Heren,stropdassen,Stropdassen,,Accessoires,https://marketplace.apps-pilot.nl/l/kleding-heren/stropdassen/,3430,7,7,Stropdassen,,
2,651,674,1776,kleding-heren,Kleding | Heren,t-shirts,T-shirts,,Kleding,https://marketplace.apps-pilot.nl/l/kleding-heren/t-shirts/,36877,166,166,T-shirts,,
2,2629,,1776,kleding-heren,Kleding | Heren,trouwkleding-en-trouwaccessoires,Trouwkleding en Trouwaccessoires,Trouwkleding,Kleding,https://marketplace.apps-pilot.nl/l/kleding-heren/trouwkleding-en-trouwaccessoires/,359,3,3,Trouwkleding en Trouwaccessoires,,
2,652,675,1776,kleding-heren,Kleding | Heren,truien-en-vesten,Truien en Vesten,,Kleding,https://marketplace.apps-pilot.nl/l/kleding-heren/truien-en-vesten/,23608,138,138,Truien en Vesten,,
2,2630,,1776,kleding-heren,Kleding | Heren,wintersportkleding,Wintersportkleding,,Kleding,https://marketplace.apps-pilot.nl/l/kleding-heren/wintersportkleding/,799,6,6,Wintersportkleding,,
1,678,,678,motoren,Motoren,motoren,Motoren,,,https://marketplace.apps-pilot.nl/l/motoren/,,0,0,Motoren,,
2,1893,,678,motoren,Motoren,accessoires-koffers-en-tassen,Accessoires | Koffers en Tassen,Koffers en Tassen,Accessoires,https://marketplace.apps-pilot.nl/l/motoren/accessoires-koffers-en-tassen/,3382,0,0,Accessoires,Koffers en Tassen,
2,1894,,678,motoren,Motoren,accessoires-navigatiesystemen,Accessoires | Navigatiesystemen,Navigatiesystemen,Accessoires,https://marketplace.apps-pilot.nl/l/motoren/accessoires-navigatiesystemen/,1000,0,0,Accessoires,Navigatiesystemen,
2,1895,,678,motoren,Motoren,accessoires-onderhoudsmiddelen,Accessoires | Onderhoudsmiddelen,Onderhoudsmiddelen,Accessoires,https://marketplace.apps-pilot.nl/l/motoren/accessoires-onderhoudsmiddelen/,2662,0,0,Accessoires,Onderhoudsmiddelen,
2,1898,,678,motoren,Motoren,accessoires-overige,Accessoires | Overige,Overige accessoires,Accessoires,https://marketplace.apps-pilot.nl/l/motoren/accessoires-overige/,52209,0,0,Accessoires,Overige,
2,1896,,678,motoren,Motoren,accessoires-sloten,Accessoires | Sloten,Sloten,Accessoires,https://marketplace.apps-pilot.nl/l/motoren/accessoires-sloten/,1819,0,0,Accessoires,Sloten,
2,1897,,678,motoren,Motoren,accessoires-stickers,Accessoires | Stickers,Stickers,Accessoires,https://marketplace.apps-pilot.nl/l/motoren/accessoires-stickers/,2163,0,0,Accessoires,Stickers,
2,693,,678,motoren,Motoren,motoren-crossmotoren,Crossmotoren,,,https://marketplace.apps-pilot.nl/l/motoren/motoren-crossmotoren/,,0,0,Crossmotoren,,
2,1900,,678,motoren,Motoren,motoren-enduromotoren,Enduromotoren,,,https://marketplace.apps-pilot.nl/l/motoren/motoren-enduromotoren/,,0,0,Enduromotoren,,
2,688,,678,motoren,Motoren,handleidingen-en-instructieboekjes,Handleidingen en Instructieboekjes,Motoren | Handleidingen,"Sport, Hobby en Vrije tijd",https://marketplace.apps-pilot.nl/l/motoren/handleidingen-en-instructieboekjes/,5459,12,12,Handleidingen en Instructieboekjes,,
2,1899,,678,motoren,Motoren,kleding-motorhelmen,Kleding | Motorhelmen,Motorhelmen,Helmen en Kleding,https://marketplace.apps-pilot.nl/l/motoren/kleding-motorhelmen/,15493,9,9,Kleding,Motorhelmen,
2,689,,678,motoren,Motoren,kleding-motorkleding,Kleding | Motorkleding,Motorkleding,Helmen en Kleding,https://marketplace.apps-pilot.nl/l/motoren/kleding-motorkleding/,40200,0,0,Kleding,Motorkleding,
2,2792,,678,motoren,Motoren,motoren-inkoop,Motoren Inkoop,,Inkoop,https://marketplace.apps-pilot.nl/l/motoren/motoren-inkoop/,73,0,0,Motoren Inkoop,,
2,691,,678,motoren,Motoren,motoren-aprilia,Motoren | Aprilia,Aprilia,Motoren | Merken,https://marketplace.apps-pilot.nl/l/motoren/motoren-aprilia/,599,8,8,Motoren,Aprilia,
2,692,,678,motoren,Motoren,motoren-bmw,Motoren | BMW,BMW,Motoren | Merken,https://marketplace.apps-pilot.nl/l/motoren/motoren-bmw/,3569,10,10,Motoren,BMW,
2,3222,,678,motoren,Motoren,motoren-benelli,Motoren | Benelli,Benelli,Motoren | Merken,https://marketplace.apps-pilot.nl/l/motoren/motoren-benelli/,186,4,4,Motoren,Benelli,
2,2647,,678,motoren,Motoren,motoren-buell,Motoren | Buell,Buell,Motoren | Merken,https://marketplace.apps-pilot.nl/l/motoren/motoren-buell/,61,1,1,Motoren,Buell,
2,3228,,678,motoren,Motoren,motoren-cfmoto,Motoren | CFMOTO,CFMOTO,Motoren | Merken,https://marketplace.apps-pilot.nl/l/motoren/motoren-cfmoto/,329,2,2,Motoren,CFMOTO,
2,2648,,678,motoren,Motoren,motoren-cagiva,Motoren | Cagiva,Cagiva,Motoren | Merken,https://marketplace.apps-pilot.nl/l/motoren/motoren-cagiva/,20,0,0,Motoren,Cagiva,
2,694,,678,motoren,Motoren,motoren-ducati,Motoren | Ducati,Ducati,Motoren | Merken,https://marketplace.apps-pilot.nl/l/motoren/motoren-ducati/,1356,8,8,Motoren,Ducati,
2,695,,678,motoren,Motoren,motoren-harley-davidson,Motoren | Harley-Davidson,Harley-Davidson,Motoren | Merken,https://marketplace.apps-pilot.nl/l/motoren/motoren-harley-davidson/,2465,8,8,Motoren,Harley-Davidson,
2,696,,678,motoren,Motoren,motoren-honda,Motoren | Honda,Honda,Motoren | Merken,https://marketplace.apps-pilot.nl/l/motoren/motoren-honda/,3862,10,10,Motoren,Honda,
2,2882,,678,motoren,Motoren,motoren-husqvarna,Motoren | Husqvarna,Husqvarna,Motoren | Merken,https://marketplace.apps-pilot.nl/l/motoren/motoren-husqvarna/,221,5,5,Motoren,Husqvarna,
2,2883,,678,motoren,Motoren,motoren-hyosung,Motoren | Hyosung,Hyosung,Motoren | Merken,https://marketplace.apps-pilot.nl/l/motoren/motoren-hyosung/,7,0,0,Motoren,Hyosung,
2,2649,,678,motoren,Motoren,motoren-ktm,Motoren | KTM,KTM,Motoren | Merken,https://marketplace.apps-pilot.nl/l/motoren/motoren-ktm/,1822,9,9,Motoren,KTM,
2,697,,678,motoren,Motoren,motoren-kawasaki,Motoren | Kawasaki,Kawasaki,Motoren | Merken,https://marketplace.apps-pilot.nl/l/motoren/motoren-kawasaki/,2780,8,8,Motoren,Kawasaki,
2,702,,678,motoren,Motoren,motoren-mv-agusta,Motoren | MV Agusta,MV Agusta,Motoren | Merken,https://marketplace.apps-pilot.nl/l/motoren/motoren-mv-agusta/,245,6,6,Motoren,MV Agusta,
2,2941,,678,motoren,Motoren,motoren-mash,Motoren | Mash,Mash,Motoren | Merken,https://marketplace.apps-pilot.nl/l/motoren/motoren-mash/,22,0,0,Motoren,Mash,
2,701,,678,motoren,Motoren,motoren-moto-guzzi,Motoren | Moto Guzzi,Moto Guzzi,Motoren | Merken,https://marketplace.apps-pilot.nl/l/motoren/motoren-moto-guzzi/,361,7,7,Motoren,Moto Guzzi,
2,703,,678,motoren,Motoren,motoren-oldtimers,Motoren | Oldtimers,Oldtimers,Motoren | Typen,https://marketplace.apps-pilot.nl/l/motoren/motoren-oldtimers/,512,1,1,Motoren,Oldtimers,
2,704,,678,motoren,Motoren,motoren-overige-merken,Motoren | Overige merken,Overige merken,Motoren | Merken,https://marketplace.apps-pilot.nl/l/motoren/motoren-overige-merken/,1527,8,8,Motoren,Overige merken,
2,2884,,678,motoren,Motoren,motoren-piaggio,Motoren | Piaggio,Piaggio,Motoren | Merken,https://marketplace.apps-pilot.nl/l/motoren/motoren-piaggio/,596,6,6,Motoren,Piaggio,
2,2940,,678,motoren,Motoren,motoren-royal-enfield,Motoren | Royal Enfield,Royal Enfield,Motoren | Merken,https://marketplace.apps-pilot.nl/l/motoren/motoren-royal-enfield/,275,2,2,Motoren,Royal Enfield,
2,705,,678,motoren,Motoren,motoren-schademotoren,Motoren | Schademotoren,Schademotoren,Motoren | Typen,https://marketplace.apps-pilot.nl/l/motoren/motoren-schademotoren/,361,12,12,Motoren,Schademotoren,
2,707,,678,motoren,Motoren,motoren-suzuki,Motoren | Suzuki,Suzuki,Motoren | Merken,https://marketplace.apps-pilot.nl/l/motoren/motoren-suzuki/,2196,8,8,Motoren,Suzuki,
2,709,,678,motoren,Motoren,motoren-triumph,Motoren | Triumph,Triumph,Motoren | Merken,https://marketplace.apps-pilot.nl/l/motoren/motoren-triumph/,1331,10,10,Motoren,Triumph,
2,710,,678,motoren,Motoren,motoren-yamaha,Motoren | Yamaha,Yamaha,Motoren | Merken,https://marketplace.apps-pilot.nl/l/motoren/motoren-yamaha/,4286,10,10,Motoren,Yamaha,
2,700,,678,motoren,Motoren,motoren-zijspanmotoren,Motoren | Zijspanmotoren,Zijspanmotoren,Motoren | Typen,https://marketplace.apps-pilot.nl/l/motoren/motoren-zijspanmotoren/,32,1,1,Motoren,Zijspanmotoren,
2,1901,,678,motoren,Motoren,motorscooters,Motorscooters,,,https://marketplace.apps-pilot.nl/l/motoren/motorscooters/,,0,0,Motorscooters,,
2,2018,,678,motoren,Motoren,onderdelen-bmw,Onderdelen | BMW,BMW,Onderdelen,https://marketplace.apps-pilot.nl/l/motoren/onderdelen-bmw/,9569,0,0,Onderdelen,BMW,
2,2019,,678,motoren,Motoren,onderdelen-ducati,Onderdelen | Ducati,Ducati,Onderdelen,https://marketplace.apps-pilot.nl/l/motoren/onderdelen-ducati/,4402,0,0,Onderdelen,Ducati,
2,2020,,678,motoren,Motoren,onderdelen-harley-davidson,Onderdelen | Harley-Davidson,Harley-Davidson,Onderdelen,https://marketplace.apps-pilot.nl/l/motoren/onderdelen-harley-davidson/,5995,0,0,Onderdelen,Harley-Davidson,
2,2021,,678,motoren,Motoren,onderdelen-honda,Onderdelen | Honda,Honda,Onderdelen,https://marketplace.apps-pilot.nl/l/motoren/onderdelen-honda/,11642,0,0,Onderdelen,Honda,
2,2022,,678,motoren,Motoren,onderdelen-kawasaki,Onderdelen | Kawasaki,Kawasaki,Onderdelen,https://marketplace.apps-pilot.nl/l/motoren/onderdelen-kawasaki/,8141,0,0,Onderdelen,Kawasaki,
2,1903,,678,motoren,Motoren,onderdelen-merk-onafhankelijk,Onderdelen | Merk-onafhankelijk,Merk-onafhankelijk,Onderdelen,https://marketplace.apps-pilot.nl/l/motoren/onderdelen-merk-onafhankelijk/,3311,0,0,Onderdelen,Merk-onafhankelijk,
2,2023,,678,motoren,Motoren,onderdelen-oldtimers,Onderdelen | Oldtimers,Oldtimers,Onderdelen,https://marketplace.apps-pilot.nl/l/motoren/onderdelen-oldtimers/,1193,0,0,Onderdelen,Oldtimers,
2,717,,678,motoren,Motoren,onderdelen-overige,Onderdelen | Overige,Overige onderdelen,Onderdelen,https://marketplace.apps-pilot.nl/l/motoren/onderdelen-overige/,25688,0,0,Onderdelen,Overige,
2,2024,,678,motoren,Motoren,onderdelen-suzuki,Onderdelen | Suzuki,Suzuki,Onderdelen,https://marketplace.apps-pilot.nl/l/motoren/onderdelen-suzuki/,8434,0,0,Onderdelen,Suzuki,
2,2025,,678,motoren,Motoren,onderdelen-yamaha,Onderdelen | Yamaha,Yamaha,Onderdelen,https://marketplace.apps-pilot.nl/l/motoren/onderdelen-yamaha/,13953,0,0,Onderdelen,Yamaha,
2,723,,678,motoren,Motoren,overige-motoren,Overige Motoren,,Overige,https://marketplace.apps-pilot.nl/l/motoren/overige-motoren/,77,0,0,Overige Motoren,,
2,724,,678,motoren,Motoren,quads-en-trikes,Quads en Trikes,,Motoren | Typen,https://marketplace.apps-pilot.nl/l/motoren/quads-en-trikes/,1091,0,0,Quads en Trikes,,
2,1434,,678,motoren,Motoren,tuning-en-styling,Tuning en Styling,,Onderdelen,https://marketplace.apps-pilot.nl/l/motoren/tuning-en-styling/,16789,0,0,Tuning en Styling,,
1,728,,728,muziek-en-instrumenten,Muziek en Instrumenten,muziek-en-instrumenten,Muziek en Instrumenten,,,https://marketplace.apps-pilot.nl/l/muziek-en-instrumenten/,,0,0,Muziek en Instrumenten,,
2,729,,728,muziek-en-instrumenten,Muziek en Instrumenten,accordeons,Accordeons,,Piano's en Toetsen,https://marketplace.apps-pilot.nl/l/muziek-en-instrumenten/accordeons/,893,15,15,Accordeons,,
2,730,,728,muziek-en-instrumenten,Muziek en Instrumenten,behuizingen-en-koffers,Behuizingen en Koffers,,Onderdelen en Toebehoren,https://marketplace.apps-pilot.nl/l/muziek-en-instrumenten/behuizingen-en-koffers/,3737,11,11,Behuizingen en Koffers,,
2,1713,,728,muziek-en-instrumenten,Muziek en Instrumenten,blaasinstrumenten-blokfluiten,Blaasinstrumenten | Blokfluiten,Blokfluiten,Blaasinstrumenten,https://marketplace.apps-pilot.nl/l/muziek-en-instrumenten/blaasinstrumenten-blokfluiten/,750,5,5,Blaasinstrumenten,Blokfluiten,
2,2885,,728,muziek-en-instrumenten,Muziek en Instrumenten,blaasinstrumenten-didgeridoos,Blaasinstrumenten | Didgeridoos,Didgeridoos,Blaasinstrumenten,https://marketplace.apps-pilot.nl/l/muziek-en-instrumenten/blaasinstrumenten-didgeridoos/,85,0,0,Blaasinstrumenten,Didgeridoos,
2,743,,728,muziek-en-instrumenten,Muziek en Instrumenten,blaasinstrumenten-dwarsfluiten-en-piccolo-s,Blaasinstrumenten | Dwarsfluiten en Piccolo's,Dwarsfluiten en Piccolo's,Blaasinstrumenten,https://marketplace.apps-pilot.nl/l/muziek-en-instrumenten/blaasinstrumenten-dwarsfluiten-en-piccolo-s/,326,2,2,Blaasinstrumenten,Dwarsfluiten en Piccolo's,
2,1764,,728,muziek-en-instrumenten,Muziek en Instrumenten,blaasinstrumenten-hobo-s,Blaasinstrumenten | Hobo's,Hobo's,Blaasinstrumenten,https://marketplace.apps-pilot.nl/l/muziek-en-instrumenten/blaasinstrumenten-hobo-s/,15,0,0,Blaasinstrumenten,Hobo's,
2,1765,,728,muziek-en-instrumenten,Muziek en Instrumenten,blaasinstrumenten-hoorns,Blaasinstrumenten | Hoorns,Hoorns,Blaasinstrumenten,https://marketplace.apps-pilot.nl/l/muziek-en-instrumenten/blaasinstrumenten-hoorns/,103,1,1,Blaasinstrumenten,Hoorns,
2,771,,728,muziek-en-instrumenten,Muziek en Instrumenten,blaasinstrumenten-klarinetten,Blaasinstrumenten | Klarinetten,Klarinetten,Blaasinstrumenten,https://marketplace.apps-pilot.nl/l/muziek-en-instrumenten/blaasinstrumenten-klarinetten/,243,2,2,Blaasinstrumenten,Klarinetten,
2,1714,,728,muziek-en-instrumenten,Muziek en Instrumenten,blaasinstrumenten-mondharmonica-s,Blaasinstrumenten | Mondharmonica's,Mondharmonica's,Blaasinstrumenten,https://marketplace.apps-pilot.nl/l/muziek-en-instrumenten/blaasinstrumenten-mondharmonica-s/,566,2,2,Blaasinstrumenten,Mondharmonica's,
2,763,,728,muziek-en-instrumenten,Muziek en Instrumenten,blaasinstrumenten-overige,Blaasinstrumenten | Overige,Overige,Blaasinstrumenten,https://marketplace.apps-pilot.nl/l/muziek-en-instrumenten/blaasinstrumenten-overige/,516,3,3,Blaasinstrumenten,Overige,
2,1766,,728,muziek-en-instrumenten,Muziek en Instrumenten,blaasinstrumenten-saxofoons,Blaasinstrumenten | Saxofoons,Saxofoons,Blaasinstrumenten,https://marketplace.apps-pilot.nl/l/muziek-en-instrumenten/blaasinstrumenten-saxofoons/,546,5,5,Blaasinstrumenten,Saxofoons,
2,1767,,728,muziek-en-instrumenten,Muziek en Instrumenten,blaasinstrumenten-trombones,Blaasinstrumenten | Trombones,Trombones,Blaasinstrumenten,https://marketplace.apps-pilot.nl/l/muziek-en-instrumenten/blaasinstrumenten-trombones/,140,2,2,Blaasinstrumenten,Trombones,
2,779,,728,muziek-en-instrumenten,Muziek en Instrumenten,blaasinstrumenten-trompetten,Blaasinstrumenten | Trompetten,Trompetten,Blaasinstrumenten,https://marketplace.apps-pilot.nl/l/muziek-en-instrumenten/blaasinstrumenten-trompetten/,440,3,3,Blaasinstrumenten,Trompetten,
2,1768,,728,muziek-en-instrumenten,Muziek en Instrumenten,blaasinstrumenten-tuba-s,Blaasinstrumenten | Tuba's,Tuba's,Blaasinstrumenten,https://marketplace.apps-pilot.nl/l/muziek-en-instrumenten/blaasinstrumenten-tuba-s/,101,3,3,Blaasinstrumenten,Tuba's,
2,731,,728,muziek-en-instrumenten,Muziek en Instrumenten,bladmuziek,Bladmuziek,,Onderdelen en Toebehoren,https://marketplace.apps-pilot.nl/l/muziek-en-instrumenten/bladmuziek/,16271,36,36,Bladmuziek,,
2,738,,728,muziek-en-instrumenten,Muziek en Instrumenten,dj-sets-en-draaitafels,Dj-sets en Draaitafels,,Apparatuur en Elektronica,https://marketplace.apps-pilot.nl/l/muziek-en-instrumenten/dj-sets-en-draaitafels/,2648,7,7,Dj-sets en Draaitafels,,
2,1769,,728,muziek-en-instrumenten,Muziek en Instrumenten,draaiorgels,Draaiorgels,,Overige,https://marketplace.apps-pilot.nl/l/muziek-en-instrumenten/draaiorgels/,68,0,0,Draaiorgels,,
2,1402,,728,muziek-en-instrumenten,Muziek en Instrumenten,drumcomputers,Drumcomputers,,Drums en Percussie,https://marketplace.apps-pilot.nl/l/muziek-en-instrumenten/drumcomputers/,340,5,5,Drumcomputers,,
2,742,,728,muziek-en-instrumenten,Muziek en Instrumenten,drumstellen-en-slagwerk,Drumstellen en Slagwerk,,Drums en Percussie,https://marketplace.apps-pilot.nl/l/muziek-en-instrumenten/drumstellen-en-slagwerk/,3218,8,8,Drumstellen en Slagwerk,,
2,744,,728,muziek-en-instrumenten,Muziek en Instrumenten,effecten,Effecten,,Apparatuur en Elektronica,https://marketplace.apps-pilot.nl/l/muziek-en-instrumenten/effecten/,6492,0,0,Effecten,,
2,1716,,728,muziek-en-instrumenten,Muziek en Instrumenten,instrumenten-onderdelen,Instrumenten | Onderdelen,Onderdelen,Onderdelen en Toebehoren,https://marketplace.apps-pilot.nl/l/muziek-en-instrumenten/instrumenten-onderdelen/,3065,7,7,Instrumenten,Onderdelen,
2,1717,,728,muziek-en-instrumenten,Muziek en Instrumenten,instrumenten-toebehoren,Instrumenten | Toebehoren,Toebehoren,Onderdelen en Toebehoren,https://marketplace.apps-pilot.nl/l/muziek-en-instrumenten/instrumenten-toebehoren/,5560,17,17,Instrumenten,Toebehoren,
2,2135,,728,muziek-en-instrumenten,Muziek en Instrumenten,kabels-en-stekkers,Kabels en Stekkers,,Onderdelen en Toebehoren,https://marketplace.apps-pilot.nl/l/muziek-en-instrumenten/kabels-en-stekkers/,1430,0,0,Kabels en Stekkers,,
2,751,,728,muziek-en-instrumenten,Muziek en Instrumenten,keyboards,Keyboards,,Piano's en Toetsen,https://marketplace.apps-pilot.nl/l/muziek-en-instrumenten/keyboards/,3996,8,8,Keyboards,,
2,754,,728,muziek-en-instrumenten,Muziek en Instrumenten,licht-en-laser,Licht en Laser,,Apparatuur en Elektronica,https://marketplace.apps-pilot.nl/l/muziek-en-instrumenten/licht-en-laser/,7630,0,0,Licht en Laser,,
2,756,,728,muziek-en-instrumenten,Muziek en Instrumenten,mengpanelen,Mengpanelen,,Apparatuur en Elektronica,https://marketplace.apps-pilot.nl/l/muziek-en-instrumenten/mengpanelen/,2643,0,0,Mengpanelen,,
2,757,,728,muziek-en-instrumenten,Muziek en Instrumenten,microfoons,Microfoons,,Apparatuur en Elektronica,https://marketplace.apps-pilot.nl/l/muziek-en-instrumenten/microfoons/,6389,4,4,Microfoons,,
2,758,,728,muziek-en-instrumenten,Muziek en Instrumenten,midi-apparatuur,Midi-apparatuur,,Apparatuur en Elektronica,https://marketplace.apps-pilot.nl/l/muziek-en-instrumenten/midi-apparatuur/,888,0,0,Midi-apparatuur,,
2,761,,728,muziek-en-instrumenten,Muziek en Instrumenten,orgels,Orgels,,Piano's en Toetsen,https://marketplace.apps-pilot.nl/l/muziek-en-instrumenten/orgels/,879,4,4,Orgels,,
2,762,,728,muziek-en-instrumenten,Muziek en Instrumenten,orkestbanden,Orkestbanden,,Overige,https://marketplace.apps-pilot.nl/l/muziek-en-instrumenten/orkestbanden/,9,0,0,Orkestbanden,,
2,764,,728,muziek-en-instrumenten,Muziek en Instrumenten,overige-muziek-en-instrumenten,Overige Muziek en Instrumenten,,Overige,https://marketplace.apps-pilot.nl/l/muziek-en-instrumenten/overige-muziek-en-instrumenten/,2109,0,0,Overige Muziek en Instrumenten,,
2,739,,728,muziek-en-instrumenten,Muziek en Instrumenten,percussie,Percussie,,Drums en Percussie,https://marketplace.apps-pilot.nl/l/muziek-en-instrumenten/percussie/,2141,0,0,Percussie,,
2,765,,728,muziek-en-instrumenten,Muziek en Instrumenten,piano-s,Piano's,,Piano's en Toetsen,https://marketplace.apps-pilot.nl/l/muziek-en-instrumenten/piano-s/,4083,3,3,Piano's,,
2,770,,728,muziek-en-instrumenten,Muziek en Instrumenten,samplers,Samplers,,Apparatuur en Elektronica,https://marketplace.apps-pilot.nl/l/muziek-en-instrumenten/samplers/,168,0,0,Samplers,,
2,1770,,728,muziek-en-instrumenten,Muziek en Instrumenten,snaarinstrumenten-banjo-s,Snaarinstrumenten | Banjo's,Banjo's,Snaarinstrumenten,https://marketplace.apps-pilot.nl/l/muziek-en-instrumenten/snaarinstrumenten-banjo-s/,127,3,3,Snaarinstrumenten,Banjo's,
2,746,,728,muziek-en-instrumenten,Muziek en Instrumenten,snaarinstrumenten-gitaren-akoestisch,Snaarinstrumenten | Gitaren | Akoestisch,Gitaren | Akoestisch,Snaarinstrumenten,https://marketplace.apps-pilot.nl/l/muziek-en-instrumenten/snaarinstrumenten-gitaren-akoestisch/,5234,0,0,Snaarinstrumenten,Gitaren,Akoestisch
2,747,,728,muziek-en-instrumenten,Muziek en Instrumenten,snaarinstrumenten-gitaren-bas,Snaarinstrumenten | Gitaren | Bas,Gitaren | Bas,Snaarinstrumenten,https://marketplace.apps-pilot.nl/l/muziek-en-instrumenten/snaarinstrumenten-gitaren-bas/,1325,3,3,Snaarinstrumenten,Gitaren,Bas
2,748,,728,muziek-en-instrumenten,Muziek en Instrumenten,snaarinstrumenten-gitaren-elektrisch,Snaarinstrumenten | Gitaren | Elektrisch,Gitaren | Elektrisch,Snaarinstrumenten,https://marketplace.apps-pilot.nl/l/muziek-en-instrumenten/snaarinstrumenten-gitaren-elektrisch/,4724,9,9,Snaarinstrumenten,Gitaren,Elektrisch
2,2886,,728,muziek-en-instrumenten,Muziek en Instrumenten,snaarinstrumenten-harpen,Snaarinstrumenten | Harpen,Harpen,Snaarinstrumenten,https://marketplace.apps-pilot.nl/l/muziek-en-instrumenten/snaarinstrumenten-harpen/,122,0,0,Snaarinstrumenten,Harpen,
2,1771,,728,muziek-en-instrumenten,Muziek en Instrumenten,snaarinstrumenten-klavecimbels,Snaarinstrumenten | Klavecimbels,Klavecimbels,Snaarinstrumenten,https://marketplace.apps-pilot.nl/l/muziek-en-instrumenten/snaarinstrumenten-klavecimbels/,16,0,0,Snaarinstrumenten,Klavecimbels,
2,1772,,728,muziek-en-instrumenten,Muziek en Instrumenten,snaarinstrumenten-mandolines,Snaarinstrumenten | Mandolines,Mandolines,Snaarinstrumenten,https://marketplace.apps-pilot.nl/l/muziek-en-instrumenten/snaarinstrumenten-mandolines/,63,0,0,Snaarinstrumenten,Mandolines,
2,1370,,728,muziek-en-instrumenten,Muziek en Instrumenten,snaarinstrumenten-overige,Snaarinstrumenten | Overige,Overige,Snaarinstrumenten,https://marketplace.apps-pilot.nl/l/muziek-en-instrumenten/snaarinstrumenten-overige/,1406,5,5,Snaarinstrumenten,Overige,
2,772,,728,muziek-en-instrumenten,Muziek en Instrumenten,soundmodules,Soundmodules,,Apparatuur en Elektronica,https://marketplace.apps-pilot.nl/l/muziek-en-instrumenten/soundmodules/,304,2,2,Soundmodules,,
2,774,,728,muziek-en-instrumenten,Muziek en Instrumenten,standaards,Standaards,,Onderdelen en Toebehoren,https://marketplace.apps-pilot.nl/l/muziek-en-instrumenten/standaards/,2072,19,19,Standaards,,
2,1773,,728,muziek-en-instrumenten,Muziek en Instrumenten,strijkinstrumenten-cello-s,Strijkinstrumenten | Cello's,Cello's,Strijkinstrumenten,https://marketplace.apps-pilot.nl/l/muziek-en-instrumenten/strijkinstrumenten-cello-s/,442,1,1,Strijkinstrumenten,Cello's,
2,1774,,728,muziek-en-instrumenten,Muziek en Instrumenten,strijkinstrumenten-contrabassen,Strijkinstrumenten | Contrabassen,Contrabassen,Strijkinstrumenten,https://marketplace.apps-pilot.nl/l/muziek-en-instrumenten/strijkinstrumenten-contrabassen/,240,1,1,Strijkinstrumenten,Contrabassen,
2,1775,,728,muziek-en-instrumenten,Muziek en Instrumenten,strijkinstrumenten-overige,Strijkinstrumenten | Overige,Overige,Strijkinstrumenten,https://marketplace.apps-pilot.nl/l/muziek-en-instrumenten/strijkinstrumenten-overige/,90,0,0,Strijkinstrumenten,Overige,
2,1371,,728,muziek-en-instrumenten,Muziek en Instrumenten,strijkinstrumenten-violen-en-altviolen,Strijkinstrumenten | Violen en Altviolen,Violen en Altviolen,Strijkinstrumenten,https://marketplace.apps-pilot.nl/l/muziek-en-instrumenten/strijkinstrumenten-violen-en-altviolen/,1495,7,7,Strijkinstrumenten,Violen en Altviolen,
2,777,,728,muziek-en-instrumenten,Muziek en Instrumenten,synthesizers,Synthesizers,,Piano's en Toetsen,https://marketplace.apps-pilot.nl/l/muziek-en-instrumenten/synthesizers/,1434,5,5,Synthesizers,,
2,2631,,728,muziek-en-instrumenten,Muziek en Instrumenten,theaterbelichting,Theaterbelichting,,Onderdelen en Toebehoren,https://marketplace.apps-pilot.nl/l/muziek-en-instrumenten/theaterbelichting/,647,0,0,Theaterbelichting,,
2,745,,728,muziek-en-instrumenten,Muziek en Instrumenten,versterkers-bas-en-gitaar,Versterkers | Bas en Gitaar,,Apparatuur en Elektronica,https://marketplace.apps-pilot.nl/l/muziek-en-instrumenten/versterkers-bas-en-gitaar/,3685,2,2,Versterkers,Bas en Gitaar,
2,768,,728,muziek-en-instrumenten,Muziek en Instrumenten,versterkers-keyboard-monitor-en-pa,"Versterkers | Keyboard, Monitor en PA",,Apparatuur en Elektronica,https://marketplace.apps-pilot.nl/l/muziek-en-instrumenten/versterkers-keyboard-monitor-en-pa/,1120,0,0,Versterkers,"Keyboard, Monitor en PA",
1,1784,,1784,postzegels-en-munten,Postzegels en Munten,postzegels-en-munten,Postzegels en Munten,,,https://marketplace.apps-pilot.nl/l/postzegels-en-munten/,,0,0,Postzegels en Munten,,
2,948,,1784,postzegels-en-munten,Postzegels en Munten,aandelen-en-waardepapieren,Aandelen en Waardepapieren,Aandelen,Overige,https://marketplace.apps-pilot.nl/l/postzegels-en-munten/aandelen-en-waardepapieren/,507,0,0,Aandelen en Waardepapieren,,
2,1789,,1784,postzegels-en-munten,Postzegels en Munten,bankbiljetten-afrika,Bankbiljetten | Afrika,Afrika,Bankbiljetten | Wereld,https://marketplace.apps-pilot.nl/l/postzegels-en-munten/bankbiljetten-afrika/,2283,9,9,Bankbiljetten,Afrika,
2,1790,,1784,postzegels-en-munten,Postzegels en Munten,bankbiljetten-amerika,Bankbiljetten | Amerika,Amerika,Bankbiljetten | Wereld,https://marketplace.apps-pilot.nl/l/postzegels-en-munten/bankbiljetten-amerika/,2066,0,0,Bankbiljetten,Amerika,
2,1791,,1784,postzegels-en-munten,Postzegels en Munten,bankbiljetten-azie,Bankbiljetten | Azië,Azië,Bankbiljetten | Wereld,https://marketplace.apps-pilot.nl/l/postzegels-en-munten/bankbiljetten-azie/,3495,0,0,Bankbiljetten,Azië,
2,2926,,1784,postzegels-en-munten,Postzegels en Munten,bankbiljetten-belgie,Bankbiljetten | België,België,Bankbiljetten | Europa,https://marketplace.apps-pilot.nl/l/postzegels-en-munten/bankbiljetten-belgie/,3934,0,0,Bankbiljetten,België,
2,1787,,1784,postzegels-en-munten,Postzegels en Munten,bankbiljetten-europa-eurobiljetten,Bankbiljetten | Europa | Eurobiljetten,Eurobiljetten,Bankbiljetten | Europa,https://marketplace.apps-pilot.nl/l/postzegels-en-munten/bankbiljetten-europa-eurobiljetten/,785,8,8,Bankbiljetten,Europa,Eurobiljetten
2,1788,,1784,postzegels-en-munten,Postzegels en Munten,bankbiljetten-europa-niet-eurobiljetten,Bankbiljetten | Europa | Niet-Eurobiljetten,Niet-Eurobiljetten,Bankbiljetten | Europa,https://marketplace.apps-pilot.nl/l/postzegels-en-munten/bankbiljetten-europa-niet-eurobiljetten/,6672,0,0,Bankbiljetten,Europa,Niet-Eurobiljetten
2,1786,,1784,postzegels-en-munten,Postzegels en Munten,bankbiljetten-nederland,Bankbiljetten | Nederland,Nederland,Bankbiljetten | Europa,https://marketplace.apps-pilot.nl/l/postzegels-en-munten/bankbiljetten-nederland/,4055,0,0,Bankbiljetten,Nederland,
2,1792,,1784,postzegels-en-munten,Postzegels en Munten,bankbiljetten-oceanie,Bankbiljetten | Oceanië,Oceanië,Bankbiljetten | Wereld,https://marketplace.apps-pilot.nl/l/postzegels-en-munten/bankbiljetten-oceanie/,262,0,0,Bankbiljetten,Oceanië,
2,2927,,1784,postzegels-en-munten,Postzegels en Munten,brieven-en-enveloppen-belgie,Brieven en Enveloppen | België,België,Brieven en Enveloppen,https://marketplace.apps-pilot.nl/l/postzegels-en-munten/brieven-en-enveloppen-belgie/,88,0,0,Brieven en Enveloppen,België,
2,2796,,1784,postzegels-en-munten,Postzegels en Munten,brieven-en-enveloppen-buitenland,Brieven en Enveloppen | Buitenland,Buitenland,Brieven en Enveloppen,https://marketplace.apps-pilot.nl/l/postzegels-en-munten/brieven-en-enveloppen-buitenland/,2178,0,0,Brieven en Enveloppen,Buitenland,
2,2795,,1784,postzegels-en-munten,Postzegels en Munten,brieven-en-enveloppen-nederland,Brieven en Enveloppen | Nederland,Nederland,Brieven en Enveloppen,https://marketplace.apps-pilot.nl/l/postzegels-en-munten/brieven-en-enveloppen-nederland/,5261,0,0,Brieven en Enveloppen,Nederland,
2,2793,,1784,postzegels-en-munten,Postzegels en Munten,edelmetalen-en-baren,Edelmetalen en Baren,,Overige,https://marketplace.apps-pilot.nl/l/postzegels-en-munten/edelmetalen-en-baren/,4714,0,0,Edelmetalen en Baren,,
2,1797,,1784,postzegels-en-munten,Postzegels en Munten,munten-en-bankbiljetten-toebehoren,Munten en Bankbiljetten | Toebehoren,Munten en Bankbiljetten,Toebehoren,https://marketplace.apps-pilot.nl/l/postzegels-en-munten/munten-en-bankbiljetten-toebehoren/,1329,0,0,Munten en Bankbiljetten,Toebehoren,
2,1798,,1784,postzegels-en-munten,Postzegels en Munten,munten-en-bankbiljetten-verzamelingen,Munten en Bankbiljetten | Verzamelingen,Munten en Bankbiljetten,Verzamelingen,https://marketplace.apps-pilot.nl/l/postzegels-en-munten/munten-en-bankbiljetten-verzamelingen/,1612,0,0,Munten en Bankbiljetten,Verzamelingen,
2,1793,,1784,postzegels-en-munten,Postzegels en Munten,munten-afrika,Munten | Afrika,Afrika,Munten | Wereld,https://marketplace.apps-pilot.nl/l/postzegels-en-munten/munten-afrika/,2215,7,7,Munten,Afrika,
2,1794,,1784,postzegels-en-munten,Postzegels en Munten,munten-amerika,Munten | Amerika,Amerika,Munten | Wereld,https://marketplace.apps-pilot.nl/l/postzegels-en-munten/munten-amerika/,5357,0,0,Munten,Amerika,
2,1795,,1784,postzegels-en-munten,Postzegels en Munten,munten-azie,Munten | Azië,Azië,Munten | Wereld,https://marketplace.apps-pilot.nl/l/postzegels-en-munten/munten-azie/,5422,0,0,Munten,Azië,
2,2928,,1784,postzegels-en-munten,Postzegels en Munten,munten-belgie,Munten | België,België,Munten | Europa,https://marketplace.apps-pilot.nl/l/postzegels-en-munten/munten-belgie/,1427,5,5,Munten,België,
2,1394,,1784,postzegels-en-munten,Postzegels en Munten,munten-europa-euromunten,Munten | Europa | Euromunten,Euromunten,Munten | Europa,https://marketplace.apps-pilot.nl/l/postzegels-en-munten/munten-europa-euromunten/,14484,20,20,Munten,Europa,Euromunten
2,925,,1784,postzegels-en-munten,Postzegels en Munten,munten-europa-niet-euromunten,Munten | Europa | Niet-Euromunten,Niet-Euromunten,Munten | Europa,https://marketplace.apps-pilot.nl/l/postzegels-en-munten/munten-europa-niet-euromunten/,30169,0,0,Munten,Europa,Niet-Euromunten
2,924,,1784,postzegels-en-munten,Postzegels en Munten,munten-nederland,Munten | Nederland,Nederland,Munten | Europa,https://marketplace.apps-pilot.nl/l/postzegels-en-munten/munten-nederland/,23372,0,0,Munten,Nederland,
2,1796,,1784,postzegels-en-munten,Postzegels en Munten,munten-oceanie,Munten | Oceanië,Oceanië,Munten | Wereld,https://marketplace.apps-pilot.nl/l/postzegels-en-munten/munten-oceanie/,996,0,0,Munten,Oceanië,
2,1799,,1784,postzegels-en-munten,Postzegels en Munten,penningen-en-medailles,Penningen en Medailles,,Overige,https://marketplace.apps-pilot.nl/l/postzegels-en-munten/penningen-en-medailles/,10824,0,0,Penningen en Medailles,,
2,1811,,1784,postzegels-en-munten,Postzegels en Munten,postzegels-afrika,Postzegels | Afrika,Afrika,Postzegels | Wereld,https://marketplace.apps-pilot.nl/l/postzegels-en-munten/postzegels-afrika/,7084,11,11,Postzegels,Afrika,
2,1812,,1784,postzegels-en-munten,Postzegels en Munten,postzegels-amerika,Postzegels | Amerika,Amerika,Postzegels | Wereld,https://marketplace.apps-pilot.nl/l/postzegels-en-munten/postzegels-amerika/,8544,0,0,Postzegels,Amerika,
2,936,,1784,postzegels-en-munten,Postzegels en Munten,postzegels-azie,Postzegels | Azië,Azië,Postzegels | Wereld,https://marketplace.apps-pilot.nl/l/postzegels-en-munten/postzegels-azie/,16978,0,0,Postzegels,Azië,
2,937,,1784,postzegels-en-munten,Postzegels en Munten,postzegels-eerstedagenveloppen,Postzegels | Eerstedagenveloppen,Eerstedagenveloppen,Brieven en Enveloppen,https://marketplace.apps-pilot.nl/l/postzegels-en-munten/postzegels-eerstedagenveloppen/,8706,0,0,Postzegels,Eerstedagenveloppen,
2,1803,,1784,postzegels-en-munten,Postzegels en Munten,postzegels-europa-belgie,Postzegels | Europa | België,België,Postzegels | Europa,https://marketplace.apps-pilot.nl/l/postzegels-en-munten/postzegels-europa-belgie/,7721,0,0,Postzegels,Europa,België
2,1804,,1784,postzegels-en-munten,Postzegels en Munten,postzegels-europa-duitsland,Postzegels | Europa | Duitsland,Duitsland,Postzegels | Europa,https://marketplace.apps-pilot.nl/l/postzegels-en-munten/postzegels-europa-duitsland/,28916,0,0,Postzegels,Europa,Duitsland
2,1805,,1784,postzegels-en-munten,Postzegels en Munten,postzegels-europa-frankrijk,Postzegels | Europa | Frankrijk,Frankrijk,Postzegels | Europa,https://marketplace.apps-pilot.nl/l/postzegels-en-munten/postzegels-europa-frankrijk/,9509,0,0,Postzegels,Europa,Frankrijk
2,1806,,1784,postzegels-en-munten,Postzegels en Munten,postzegels-europa-hongarije,Postzegels | Europa | Hongarije,Hongarije,Postzegels | Europa,https://marketplace.apps-pilot.nl/l/postzegels-en-munten/postzegels-europa-hongarije/,1247,0,0,Postzegels,Europa,Hongarije
2,2794,,1784,postzegels-en-munten,Postzegels en Munten,postzegels-europa-italie,Postzegels | Europa | Italië,Italië,Postzegels | Europa,https://marketplace.apps-pilot.nl/l/postzegels-en-munten/postzegels-europa-italie/,3385,0,0,Postzegels,Europa,Italië
2,1807,,1784,postzegels-en-munten,Postzegels en Munten,postzegels-europa-oostenrijk,Postzegels | Europa | Oostenrijk,Oostenrijk,Postzegels | Europa,https://marketplace.apps-pilot.nl/l/postzegels-en-munten/postzegels-europa-oostenrijk/,2909,0,0,Postzegels,Europa,Oostenrijk
2,938,,1784,postzegels-en-munten,Postzegels en Munten,postzegels-europa-overig,Postzegels | Europa | Overig,Overig,Postzegels | Europa,https://marketplace.apps-pilot.nl/l/postzegels-en-munten/postzegels-europa-overig/,19730,0,0,Postzegels,Europa,Overig
2,1808,,1784,postzegels-en-munten,Postzegels en Munten,postzegels-europa-rusland,Postzegels | Europa | Rusland,Rusland,Postzegels | Europa,https://marketplace.apps-pilot.nl/l/postzegels-en-munten/postzegels-europa-rusland/,1331,0,0,Postzegels,Europa,Rusland
2,2029,,1784,postzegels-en-munten,Postzegels en Munten,postzegels-europa-scandinavie,Postzegels | Europa | Scandinavië,Scandinavië,Postzegels | Europa,https://marketplace.apps-pilot.nl/l/postzegels-en-munten/postzegels-europa-scandinavie/,12361,5,5,Postzegels,Europa,Scandinavië
2,1809,,1784,postzegels-en-munten,Postzegels en Munten,postzegels-europa-spanje,Postzegels | Europa | Spanje,Spanje,Postzegels | Europa,https://marketplace.apps-pilot.nl/l/postzegels-en-munten/postzegels-europa-spanje/,1745,0,0,Postzegels,Europa,Spanje
2,2028,,1784,postzegels-en-munten,Postzegels en Munten,postzegels-europa-uk,Postzegels | Europa | UK,UK,Postzegels | Europa,https://marketplace.apps-pilot.nl/l/postzegels-en-munten/postzegels-europa-uk/,8440,0,0,Postzegels,Europa,UK
2,1810,,1784,postzegels-en-munten,Postzegels en Munten,postzegels-europa-zwitserland,Postzegels | Europa | Zwitserland,Zwitserland,Postzegels | Europa,https://marketplace.apps-pilot.nl/l/postzegels-en-munten/postzegels-europa-zwitserland/,5378,0,0,Postzegels,Europa,Zwitserland
2,939,,1784,postzegels-en-munten,Postzegels en Munten,postzegels-nederland,Postzegels | Nederland,Nederland,Postzegels | Europa,https://marketplace.apps-pilot.nl/l/postzegels-en-munten/postzegels-nederland/,73540,0,0,Postzegels,Nederland,
2,1801,,1784,postzegels-en-munten,Postzegels en Munten,postzegels-nederlands-indie-en-nieuw-guinea,Postzegels | Nederlands-Indië en Nieuw-Guinea,Nederlands-Indië,Postzegels | Wereld,https://marketplace.apps-pilot.nl/l/postzegels-en-munten/postzegels-nederlands-indie-en-nieuw-guinea/,2159,0,0,Postzegels,Nederlands-Indië en Nieuw-Guinea,
2,1800,,1784,postzegels-en-munten,Postzegels en Munten,postzegels-nederlandse-antillen-en-aruba,Postzegels | Nederlandse Antillen en Aruba,Nederlandse Antillen,Postzegels | Wereld,https://marketplace.apps-pilot.nl/l/postzegels-en-munten/postzegels-nederlandse-antillen-en-aruba/,4505,0,0,Postzegels,Nederlandse Antillen en Aruba,
2,1813,,1784,postzegels-en-munten,Postzegels en Munten,postzegels-oceanie,Postzegels | Oceanië,Oceanië,Postzegels | Wereld,https://marketplace.apps-pilot.nl/l/postzegels-en-munten/postzegels-oceanie/,5883,0,0,Postzegels,Oceanië,
2,1802,,1784,postzegels-en-munten,Postzegels en Munten,postzegels-suriname,Postzegels | Suriname,Suriname,Postzegels | Wereld,https://marketplace.apps-pilot.nl/l/postzegels-en-munten/postzegels-suriname/,4171,0,0,Postzegels,Suriname,
2,1814,,1784,postzegels-en-munten,Postzegels en Munten,postzegels-thematische-zegels,Postzegels | Thematische zegels,Thematische zegels,Postzegels | Thema,https://marketplace.apps-pilot.nl/l/postzegels-en-munten/postzegels-thematische-zegels/,21150,0,0,Postzegels,Thematische zegels,
2,1815,,1784,postzegels-en-munten,Postzegels en Munten,postzegels-toebehoren,Postzegels | Toebehoren,Postzegels,Toebehoren,https://marketplace.apps-pilot.nl/l/postzegels-en-munten/postzegels-toebehoren/,1397,0,0,Postzegels,Toebehoren,
2,1816,,1784,postzegels-en-munten,Postzegels en Munten,postzegels-volle-albums-en-verzamelingen,Postzegels | Volle albums en Verzamelingen,Postzegels,Verzamelingen,https://marketplace.apps-pilot.nl/l/postzegels-en-munten/postzegels-volle-albums-en-verzamelingen/,6192,0,0,Postzegels,Volle albums en Verzamelingen,
1,1826,,1826,sieraden-tassen-en-uiterlijk,"Sieraden, Tassen en Uiterlijk",sieraden-tassen-en-uiterlijk,"Sieraden, Tassen en Uiterlijk",,,https://marketplace.apps-pilot.nl/l/sieraden-tassen-en-uiterlijk/,,0,0,"Sieraden, Tassen en Uiterlijk",,
2,3042,,1826,sieraden-tassen-en-uiterlijk,"Sieraden, Tassen en Uiterlijk",activity-trackers,Activity trackers,,Horloges,https://marketplace.apps-pilot.nl/l/sieraden-tassen-en-uiterlijk/activity-trackers/,1054,0,0,Activity trackers,,
2,13,,1826,sieraden-tassen-en-uiterlijk,"Sieraden, Tassen en Uiterlijk",antieke-sieraden,Antieke sieraden,,Sieraden,https://marketplace.apps-pilot.nl/l/sieraden-tassen-en-uiterlijk/antieke-sieraden/,13015,13,13,Antieke sieraden,,
2,1827,,1826,sieraden-tassen-en-uiterlijk,"Sieraden, Tassen en Uiterlijk",armbanden,Armbanden,,Sieraden,https://marketplace.apps-pilot.nl/l/sieraden-tassen-en-uiterlijk/armbanden/,26294,8,8,Armbanden,,
2,1828,,1826,sieraden-tassen-en-uiterlijk,"Sieraden, Tassen en Uiterlijk",beautycases,Beautycases,,Tassen en Koffers,https://marketplace.apps-pilot.nl/l/sieraden-tassen-en-uiterlijk/beautycases/,2595,0,0,Beautycases,,
2,17,,1826,sieraden-tassen-en-uiterlijk,"Sieraden, Tassen en Uiterlijk",bedels,Bedels,,Sieraden,https://marketplace.apps-pilot.nl/l/sieraden-tassen-en-uiterlijk/bedels/,7063,10,10,Bedels,,
2,1829,,1826,sieraden-tassen-en-uiterlijk,"Sieraden, Tassen en Uiterlijk",broches,Broches,,Sieraden,https://marketplace.apps-pilot.nl/l/sieraden-tassen-en-uiterlijk/broches/,9757,5,5,Broches,,
2,903,,1826,sieraden-tassen-en-uiterlijk,"Sieraden, Tassen en Uiterlijk",edelstenen,Edelstenen,,Sieraden,https://marketplace.apps-pilot.nl/l/sieraden-tassen-en-uiterlijk/edelstenen/,10353,0,0,Edelstenen,,
2,2137,,1826,sieraden-tassen-en-uiterlijk,"Sieraden, Tassen en Uiterlijk",enkelbandjes-en-enkelkettinkjes,Enkelbandjes en Enkelkettinkjes,Enkelbandjes,Sieraden,https://marketplace.apps-pilot.nl/l/sieraden-tassen-en-uiterlijk/enkelbandjes-en-enkelkettinkjes/,789,0,0,Enkelbandjes en Enkelkettinkjes,,
2,4,,1826,sieraden-tassen-en-uiterlijk,"Sieraden, Tassen en Uiterlijk",horloges-antiek,Horloges | Antiek,Antiek,Horloges,https://marketplace.apps-pilot.nl/l/sieraden-tassen-en-uiterlijk/horloges-antiek/,5804,14,14,Horloges,Antiek,
2,16,,1826,sieraden-tassen-en-uiterlijk,"Sieraden, Tassen en Uiterlijk",horloges-dames,Horloges | Dames,Dames,Horloges,https://marketplace.apps-pilot.nl/l/sieraden-tassen-en-uiterlijk/horloges-dames/,8722,17,17,Horloges,Dames,
2,1831,,1826,sieraden-tassen-en-uiterlijk,"Sieraden, Tassen en Uiterlijk",horloges-heren,Horloges | Heren,Heren,Horloges,https://marketplace.apps-pilot.nl/l/sieraden-tassen-en-uiterlijk/horloges-heren/,20554,21,21,Horloges,Heren,
2,2797,,1826,sieraden-tassen-en-uiterlijk,"Sieraden, Tassen en Uiterlijk",horloges-kinderen,Horloges | Kinderen,Horloges,Overige,https://marketplace.apps-pilot.nl/l/sieraden-tassen-en-uiterlijk/horloges-kinderen/,1361,3,3,Horloges,Kinderen,
2,18,,1826,sieraden-tassen-en-uiterlijk,"Sieraden, Tassen en Uiterlijk",kettingen,Kettingen,,Sieraden,https://marketplace.apps-pilot.nl/l/sieraden-tassen-en-uiterlijk/kettingen/,33440,20,20,Kettingen,,
2,2136,,1826,sieraden-tassen-en-uiterlijk,"Sieraden, Tassen en Uiterlijk",kettinghangers,Kettinghangers,,Sieraden,https://marketplace.apps-pilot.nl/l/sieraden-tassen-en-uiterlijk/kettinghangers/,10367,0,0,Kettinghangers,,
2,2138,,1826,sieraden-tassen-en-uiterlijk,"Sieraden, Tassen en Uiterlijk",kindersieraden,Kindersieraden,,Sieraden,https://marketplace.apps-pilot.nl/l/sieraden-tassen-en-uiterlijk/kindersieraden/,1018,0,0,Kindersieraden,,
2,1348,,1826,sieraden-tassen-en-uiterlijk,"Sieraden, Tassen en Uiterlijk",koffers,Koffers,,Tassen en Koffers,https://marketplace.apps-pilot.nl/l/sieraden-tassen-en-uiterlijk/koffers/,9709,0,0,Koffers,,
2,1833,,1826,sieraden-tassen-en-uiterlijk,"Sieraden, Tassen en Uiterlijk",manchetknopen,Manchetknopen,,Accessoires,https://marketplace.apps-pilot.nl/l/sieraden-tassen-en-uiterlijk/manchetknopen/,1375,3,3,Manchetknopen,,
2,19,,1826,sieraden-tassen-en-uiterlijk,"Sieraden, Tassen en Uiterlijk",oorbellen,Oorbellen,,Sieraden,https://marketplace.apps-pilot.nl/l/sieraden-tassen-en-uiterlijk/oorbellen/,24513,19,19,Oorbellen,,
2,20,,1826,sieraden-tassen-en-uiterlijk,"Sieraden, Tassen en Uiterlijk",overige-accessoires,Overige Accessoires,Overige,Accessoires,https://marketplace.apps-pilot.nl/l/sieraden-tassen-en-uiterlijk/overige-accessoires/,5341,0,0,Overige Accessoires,,
2,3150,,1826,sieraden-tassen-en-uiterlijk,"Sieraden, Tassen en Uiterlijk",paraplu-s,Paraplu's,,Accessoires,https://marketplace.apps-pilot.nl/l/sieraden-tassen-en-uiterlijk/paraplu-s/,881,0,0,Paraplu's,,
2,21,,1826,sieraden-tassen-en-uiterlijk,"Sieraden, Tassen en Uiterlijk",piercings,Piercings,,Sieraden,https://marketplace.apps-pilot.nl/l/sieraden-tassen-en-uiterlijk/piercings/,1855,9,9,Piercings,,
2,1836,,1826,sieraden-tassen-en-uiterlijk,"Sieraden, Tassen en Uiterlijk",portemonnees,Portemonnees,,Accessoires,https://marketplace.apps-pilot.nl/l/sieraden-tassen-en-uiterlijk/portemonnees/,7559,3,3,Portemonnees,,
2,22,,1826,sieraden-tassen-en-uiterlijk,"Sieraden, Tassen en Uiterlijk",ringen,Ringen,,Sieraden,https://marketplace.apps-pilot.nl/l/sieraden-tassen-en-uiterlijk/ringen/,21849,20,20,Ringen,,
2,3041,,1826,sieraden-tassen-en-uiterlijk,"Sieraden, Tassen en Uiterlijk",smartwatches,Smartwatches,,Horloges,https://marketplace.apps-pilot.nl/l/sieraden-tassen-en-uiterlijk/smartwatches/,10016,0,0,Smartwatches,,
2,3045,,1826,sieraden-tassen-en-uiterlijk,"Sieraden, Tassen en Uiterlijk",sporthorloges,Sporthorloges,,Horloges,https://marketplace.apps-pilot.nl/l/sieraden-tassen-en-uiterlijk/sporthorloges/,3097,0,0,Sporthorloges,,
2,626,,1826,sieraden-tassen-en-uiterlijk,"Sieraden, Tassen en Uiterlijk",tassen-damestassen,Tassen | Damestassen,Damestassen,Accessoires,https://marketplace.apps-pilot.nl/l/sieraden-tassen-en-uiterlijk/tassen-damestassen/,38848,5,5,Tassen,Damestassen,
2,1837,,1826,sieraden-tassen-en-uiterlijk,"Sieraden, Tassen en Uiterlijk",tassen-reistassen-en-weekendtassen,Tassen | Reistassen en Weekendtassen,Reistassen,Tassen en Koffers,https://marketplace.apps-pilot.nl/l/sieraden-tassen-en-uiterlijk/tassen-reistassen-en-weekendtassen/,7695,0,0,Tassen,Reistassen en Weekendtassen,
2,1838,,1826,sieraden-tassen-en-uiterlijk,"Sieraden, Tassen en Uiterlijk",tassen-rugtassen,Tassen | Rugtassen,Rugtassen,Tassen en Koffers,https://marketplace.apps-pilot.nl/l/sieraden-tassen-en-uiterlijk/tassen-rugtassen/,11113,5,5,Tassen,Rugtassen,
2,1839,,1826,sieraden-tassen-en-uiterlijk,"Sieraden, Tassen en Uiterlijk",tassen-schooltassen,Tassen | Schooltassen,Schooltassen,Tassen en Koffers,https://marketplace.apps-pilot.nl/l/sieraden-tassen-en-uiterlijk/tassen-schooltassen/,1815,0,0,Tassen,Schooltassen,
2,1840,,1826,sieraden-tassen-en-uiterlijk,"Sieraden, Tassen en Uiterlijk",tassen-schoudertassen,Tassen | Schoudertassen,Schoudertassen,Tassen en Koffers,https://marketplace.apps-pilot.nl/l/sieraden-tassen-en-uiterlijk/tassen-schoudertassen/,10308,5,5,Tassen,Schoudertassen,
2,3151,,1826,sieraden-tassen-en-uiterlijk,"Sieraden, Tassen en Uiterlijk",tassen-sporttassen,Tassen | Sporttassen,Sporttassen,Tassen en Koffers,https://marketplace.apps-pilot.nl/l/sieraden-tassen-en-uiterlijk/tassen-sporttassen/,1141,0,0,Tassen,Sporttassen,
2,2798,,1826,sieraden-tassen-en-uiterlijk,"Sieraden, Tassen en Uiterlijk",toilettassen,Toilettassen,,Tassen en Koffers,https://marketplace.apps-pilot.nl/l/sieraden-tassen-en-uiterlijk/toilettassen/,2723,6,6,Toilettassen,,
2,677,,1826,sieraden-tassen-en-uiterlijk,"Sieraden, Tassen en Uiterlijk",uiterlijk-cosmetica-en-make-up,Uiterlijk | Cosmetica en Make-up,Cosmetica en Make-up,Uiterlijk,https://marketplace.apps-pilot.nl/l/sieraden-tassen-en-uiterlijk/uiterlijk-cosmetica-en-make-up/,16096,0,0,Uiterlijk,Cosmetica en Make-up,
2,2633,,1826,sieraden-tassen-en-uiterlijk,"Sieraden, Tassen en Uiterlijk",uiterlijk-dieet-en-afvallen,Uiterlijk | Dieet en Afvallen,Dieet en Afvallen,Uiterlijk,https://marketplace.apps-pilot.nl/l/sieraden-tassen-en-uiterlijk/uiterlijk-dieet-en-afvallen/,230,0,0,Uiterlijk,Dieet en Afvallen,
2,2632,,1826,sieraden-tassen-en-uiterlijk,"Sieraden, Tassen en Uiterlijk",uiterlijk-gezichtsverzorging,Uiterlijk | Gezichtsverzorging,Gezichtsverzorging,Uiterlijk,https://marketplace.apps-pilot.nl/l/sieraden-tassen-en-uiterlijk/uiterlijk-gezichtsverzorging/,10591,0,0,Uiterlijk,Gezichtsverzorging,
2,1830,,1826,sieraden-tassen-en-uiterlijk,"Sieraden, Tassen en Uiterlijk",uiterlijk-haarverzorging,Uiterlijk | Haarverzorging,Haarverzorging,Uiterlijk,https://marketplace.apps-pilot.nl/l/sieraden-tassen-en-uiterlijk/uiterlijk-haarverzorging/,45658,10,10,Uiterlijk,Haarverzorging,
2,1832,,1826,sieraden-tassen-en-uiterlijk,"Sieraden, Tassen en Uiterlijk",uiterlijk-lichaamsverzorging,Uiterlijk | Lichaamsverzorging,Lichaamsverzorging,Uiterlijk,https://marketplace.apps-pilot.nl/l/sieraden-tassen-en-uiterlijk/uiterlijk-lichaamsverzorging/,15682,5,5,Uiterlijk,Lichaamsverzorging,
2,1834,,1826,sieraden-tassen-en-uiterlijk,"Sieraden, Tassen en Uiterlijk",uiterlijk-mondverzorging,Uiterlijk | Mondverzorging,Mondverzorging,Uiterlijk,https://marketplace.apps-pilot.nl/l/sieraden-tassen-en-uiterlijk/uiterlijk-mondverzorging/,1614,5,5,Uiterlijk,Mondverzorging,
2,1835,,1826,sieraden-tassen-en-uiterlijk,"Sieraden, Tassen en Uiterlijk",uiterlijk-parfum,Uiterlijk | Parfum,Parfum,Uiterlijk,https://marketplace.apps-pilot.nl/l/sieraden-tassen-en-uiterlijk/uiterlijk-parfum/,29650,0,0,Uiterlijk,Parfum,
2,627,,1826,sieraden-tassen-en-uiterlijk,"Sieraden, Tassen en Uiterlijk",zonnebrillen-en-brillen-dames,Zonnebrillen en Brillen | Dames,Dames,Zonnebrillen en Brillen,https://marketplace.apps-pilot.nl/l/sieraden-tassen-en-uiterlijk/zonnebrillen-en-brillen-dames/,12236,8,8,Zonnebrillen en Brillen,Dames,
2,645,,1826,sieraden-tassen-en-uiterlijk,"Sieraden, Tassen en Uiterlijk",zonnebrillen-en-brillen-heren,Zonnebrillen en Brillen | Heren,Heren,Zonnebrillen en Brillen,https://marketplace.apps-pilot.nl/l/sieraden-tassen-en-uiterlijk/zonnebrillen-en-brillen-heren/,7481,4,4,Zonnebrillen en Brillen,Heren,
1,356,,356,spelcomputers-en-games,Spelcomputers en Games,spelcomputers-en-games,Spelcomputers en Games,,,https://marketplace.apps-pilot.nl/l/spelcomputers-en-games/,,0,0,Spelcomputers en Games,,
2,1729,,356,spelcomputers-en-games,Spelcomputers en Games,games-atari,Games | Atari,Atari,Games | Overige,https://marketplace.apps-pilot.nl/l/spelcomputers-en-games/games-atari/,831,11,11,Games,Atari,
2,2887,,356,spelcomputers-en-games,Spelcomputers en Games,games-nintendo-2ds-en-3ds,Games | Nintendo 2DS en 3DS,Nintendo 2DS en 3DS,Games | Nintendo,https://marketplace.apps-pilot.nl/l/spelcomputers-en-games/games-nintendo-2ds-en-3ds/,4527,11,11,Games,Nintendo 2DS en 3DS,
2,1733,,356,spelcomputers-en-games,Spelcomputers en Games,games-nintendo-64,Games | Nintendo 64,Nintendo 64,Games | Nintendo,https://marketplace.apps-pilot.nl/l/spelcomputers-en-games/games-nintendo-64/,2264,9,9,Games,Nintendo 64,
2,1659,,356,spelcomputers-en-games,Spelcomputers en Games,games-nintendo-ds,Games | Nintendo DS,Nintendo DS,Games | Nintendo,https://marketplace.apps-pilot.nl/l/spelcomputers-en-games/games-nintendo-ds/,8260,12,12,Games,Nintendo DS,
2,363,,356,spelcomputers-en-games,Spelcomputers en Games,games-nintendo-game-boy,Games | Nintendo Game Boy,Nintendo Game Boy,Games | Nintendo,https://marketplace.apps-pilot.nl/l/spelcomputers-en-games/games-nintendo-game-boy/,9296,11,11,Games,Nintendo Game Boy,
2,1730,,356,spelcomputers-en-games,Spelcomputers en Games,games-nintendo-gamecube,Games | Nintendo GameCube,Nintendo GameCube,Games | Nintendo,https://marketplace.apps-pilot.nl/l/spelcomputers-en-games/games-nintendo-gamecube/,3486,11,11,Games,Nintendo GameCube,
2,1731,,356,spelcomputers-en-games,Spelcomputers en Games,games-nintendo-nes,Games | Nintendo NES,Nintendo NES,Games | Nintendo,https://marketplace.apps-pilot.nl/l/spelcomputers-en-games/games-nintendo-nes/,2524,9,9,Games,Nintendo NES,
2,1732,,356,spelcomputers-en-games,Spelcomputers en Games,games-nintendo-super-nes,Games | Nintendo Super NES,Nintendo Super NES,Games | Nintendo,https://marketplace.apps-pilot.nl/l/spelcomputers-en-games/games-nintendo-super-nes/,3108,10,10,Games,Nintendo Super NES,
2,2942,,356,spelcomputers-en-games,Spelcomputers en Games,games-nintendo-switch,Games | Nintendo Switch,Nintendo Switch,Games | Nintendo,https://marketplace.apps-pilot.nl/l/spelcomputers-en-games/games-nintendo-switch/,12844,0,0,Games,Nintendo Switch,
2,1630,,356,spelcomputers-en-games,Spelcomputers en Games,games-nintendo-wii,Games | Nintendo Wii,Nintendo Wii,Games | Nintendo,https://marketplace.apps-pilot.nl/l/spelcomputers-en-games/games-nintendo-wii/,11550,12,12,Games,Nintendo Wii,
2,2888,,356,spelcomputers-en-games,Spelcomputers en Games,games-nintendo-wii-u,Games | Nintendo Wii U,Nintendo Wii U,Games | Nintendo,https://marketplace.apps-pilot.nl/l/spelcomputers-en-games/games-nintendo-wii-u/,2044,10,10,Games,Nintendo Wii U,
2,364,,356,spelcomputers-en-games,Spelcomputers en Games,games-overige,Games | Overige,Overige merken,Games | Overige,https://marketplace.apps-pilot.nl/l/spelcomputers-en-games/games-overige/,6029,12,12,Games,Overige,
2,365,,356,spelcomputers-en-games,Spelcomputers en Games,games-pc,Games | Pc,Pc,Games | Overige,https://marketplace.apps-pilot.nl/l/spelcomputers-en-games/games-pc/,10169,12,12,Games,Pc,
2,366,,356,spelcomputers-en-games,Spelcomputers en Games,games-sega,Games | Sega,Sega,Games | Overige,https://marketplace.apps-pilot.nl/l/spelcomputers-en-games/games-sega/,2450,9,9,Games,Sega,
2,367,,356,spelcomputers-en-games,Spelcomputers en Games,games-sony-playstation-1,Games | Sony PlayStation 1,PlayStation 1,Games | Sony PlayStation,https://marketplace.apps-pilot.nl/l/spelcomputers-en-games/games-sony-playstation-1/,4100,12,12,Games,Sony PlayStation 1,
2,1734,,356,spelcomputers-en-games,Spelcomputers en Games,games-sony-playstation-2,Games | Sony PlayStation 2,PlayStation 2,Games | Sony PlayStation,https://marketplace.apps-pilot.nl/l/spelcomputers-en-games/games-sony-playstation-2/,11852,12,12,Games,Sony PlayStation 2,
2,1735,,356,spelcomputers-en-games,Spelcomputers en Games,games-sony-playstation-3,Games | Sony PlayStation 3,PlayStation 3,Games | Sony PlayStation,https://marketplace.apps-pilot.nl/l/spelcomputers-en-games/games-sony-playstation-3/,12245,12,12,Games,Sony PlayStation 3,
2,2889,,356,spelcomputers-en-games,Spelcomputers en Games,games-sony-playstation-4,Games | Sony PlayStation 4,PlayStation 4,Games | Sony PlayStation,https://marketplace.apps-pilot.nl/l/spelcomputers-en-games/games-sony-playstation-4/,16599,12,12,Games,Sony PlayStation 4,
2,2952,,356,spelcomputers-en-games,Spelcomputers en Games,games-sony-playstation-5,Games | Sony PlayStation 5,PlayStation 5,Games | Sony PlayStation,https://marketplace.apps-pilot.nl/l/spelcomputers-en-games/games-sony-playstation-5/,8686,11,11,Games,Sony PlayStation 5,
2,1660,,356,spelcomputers-en-games,Spelcomputers en Games,games-sony-playstation-portable,Games | Sony PlayStation Portable,PlayStation Portable (PSP),Games | Sony PlayStation,https://marketplace.apps-pilot.nl/l/spelcomputers-en-games/games-sony-playstation-portable/,3354,10,10,Games,Sony PlayStation Portable,
2,2890,,356,spelcomputers-en-games,Spelcomputers en Games,games-sony-playstation-vita,Games | Sony PlayStation Vita,PlayStation Vita,Games | Sony PlayStation,https://marketplace.apps-pilot.nl/l/spelcomputers-en-games/games-sony-playstation-vita/,1945,10,10,Games,Sony PlayStation Vita,
2,1631,,356,spelcomputers-en-games,Spelcomputers en Games,games-xbox-360,Games | Xbox 360,Xbox 360,Games | Xbox,https://marketplace.apps-pilot.nl/l/spelcomputers-en-games/games-xbox-360/,8769,11,11,Games,Xbox 360,
2,2891,,356,spelcomputers-en-games,Spelcomputers en Games,games-xbox-one,Games | Xbox One,Xbox One,Games | Xbox,https://marketplace.apps-pilot.nl/l/spelcomputers-en-games/games-xbox-one/,4466,11,11,Games,Xbox One,
2,368,,356,spelcomputers-en-games,Spelcomputers en Games,games-xbox-original,Games | Xbox Original,Xbox Original,Games | Xbox,https://marketplace.apps-pilot.nl/l/spelcomputers-en-games/games-xbox-original/,3335,9,9,Games,Xbox Original,
2,2953,,356,spelcomputers-en-games,Spelcomputers en Games,games-xbox-series-x-en-s,Games | Xbox Series X en S,Xbox X en S,Games | Xbox,https://marketplace.apps-pilot.nl/l/spelcomputers-en-games/games-xbox-series-x-en-s/,707,0,0,Games,Xbox Series X en S,
2,345,,356,spelcomputers-en-games,Spelcomputers en Games,spelcomputers-atari,Spelcomputers | Atari,Atari,Spelcomputers | Overige,https://marketplace.apps-pilot.nl/l/spelcomputers-en-games/spelcomputers-atari/,194,4,4,Spelcomputers,Atari,
2,2892,,356,spelcomputers-en-games,Spelcomputers en Games,spelcomputers-nintendo-2ds-en-3ds,Spelcomputers | Nintendo 2DS en 3DS,Nintendo 2DS en 3DS,Spelcomputers | Nintendo,https://marketplace.apps-pilot.nl/l/spelcomputers-en-games/spelcomputers-nintendo-2ds-en-3ds/,812,4,4,Spelcomputers,Nintendo 2DS en 3DS,
2,1739,,356,spelcomputers-en-games,Spelcomputers en Games,spelcomputers-nintendo-64,Spelcomputers | Nintendo 64,Nintendo 64,Spelcomputers | Nintendo,https://marketplace.apps-pilot.nl/l/spelcomputers-en-games/spelcomputers-nintendo-64/,537,0,0,Spelcomputers,Nintendo 64,
2,2800,,356,spelcomputers-en-games,Spelcomputers en Games,spelcomputers-nintendo-consoles-accessoires,Spelcomputers | Nintendo Consoles | Accessoires,Nintendo Console-accessoires,Accessoires | Nintendo,https://marketplace.apps-pilot.nl/l/spelcomputers-en-games/spelcomputers-nintendo-consoles-accessoires/,3550,0,0,Spelcomputers,Nintendo Consoles,Accessoires
2,1655,,356,spelcomputers-en-games,Spelcomputers en Games,spelcomputers-nintendo-ds,Spelcomputers | Nintendo DS,Nintendo DS,Spelcomputers | Nintendo,https://marketplace.apps-pilot.nl/l/spelcomputers-en-games/spelcomputers-nintendo-ds/,814,5,5,Spelcomputers,Nintendo DS,
2,346,,356,spelcomputers-en-games,Spelcomputers en Games,spelcomputers-nintendo-game-boy,Spelcomputers | Nintendo Game Boy,Nintendo Game Boy,Spelcomputers | Nintendo,https://marketplace.apps-pilot.nl/l/spelcomputers-en-games/spelcomputers-nintendo-game-boy/,1140,6,6,Spelcomputers,Nintendo Game Boy,
2,1736,,356,spelcomputers-en-games,Spelcomputers en Games,spelcomputers-nintendo-gamecube,Spelcomputers | Nintendo GameCube,Nintendo GameCube,Spelcomputers | Nintendo,https://marketplace.apps-pilot.nl/l/spelcomputers-en-games/spelcomputers-nintendo-gamecube/,384,0,0,Spelcomputers,Nintendo GameCube,
2,1737,,356,spelcomputers-en-games,Spelcomputers en Games,spelcomputers-nintendo-nes,Spelcomputers | Nintendo NES,Nintendo NES,Spelcomputers | Nintendo,https://marketplace.apps-pilot.nl/l/spelcomputers-en-games/spelcomputers-nintendo-nes/,362,0,0,Spelcomputers,Nintendo NES,
2,2799,,356,spelcomputers-en-games,Spelcomputers en Games,spelcomputers-nintendo-portables-accessoires,Spelcomputers | Nintendo Portables | Accessoires,Nintendo Portable-accessoires,Accessoires | Nintendo,https://marketplace.apps-pilot.nl/l/spelcomputers-en-games/spelcomputers-nintendo-portables-accessoires/,486,0,0,Spelcomputers,Nintendo Portables,Accessoires
2,1738,,356,spelcomputers-en-games,Spelcomputers en Games,spelcomputers-nintendo-super-nes,Spelcomputers | Nintendo Super NES,Nintendo Super NES,Spelcomputers | Nintendo,https://marketplace.apps-pilot.nl/l/spelcomputers-en-games/spelcomputers-nintendo-super-nes/,436,0,0,Spelcomputers,Nintendo Super NES,
2,2943,,356,spelcomputers-en-games,Spelcomputers en Games,spelcomputers-nintendo-switch,Spelcomputers | Nintendo Switch,Nintendo Switch,Spelcomputers | Nintendo,https://marketplace.apps-pilot.nl/l/spelcomputers-en-games/spelcomputers-nintendo-switch/,8423,0,0,Spelcomputers,Nintendo Switch,
2,2946,,356,spelcomputers-en-games,Spelcomputers en Games,spelcomputers-nintendo-switch-lite,Spelcomputers | Nintendo Switch Lite,Nintendo Switch Lite,Spelcomputers | Nintendo,https://marketplace.apps-pilot.nl/l/spelcomputers-en-games/spelcomputers-nintendo-switch-lite/,364,0,0,Spelcomputers,Nintendo Switch Lite,
2,1628,,356,spelcomputers-en-games,Spelcomputers en Games,spelcomputers-nintendo-wii,Spelcomputers | Nintendo Wii,Nintendo Wii,Spelcomputers | Nintendo,https://marketplace.apps-pilot.nl/l/spelcomputers-en-games/spelcomputers-nintendo-wii/,2034,0,0,Spelcomputers,Nintendo Wii,
2,2893,,356,spelcomputers-en-games,Spelcomputers en Games,spelcomputers-nintendo-wii-u,Spelcomputers | Nintendo Wii U,Nintendo Wii U,Spelcomputers | Nintendo,https://marketplace.apps-pilot.nl/l/spelcomputers-en-games/spelcomputers-nintendo-wii-u/,481,0,0,Spelcomputers,Nintendo Wii U,
2,1743,,356,spelcomputers-en-games,Spelcomputers en Games,spelcomputers-overige,Spelcomputers | Overige,Overige merken,Spelcomputers | Overige,https://marketplace.apps-pilot.nl/l/spelcomputers-en-games/spelcomputers-overige/,3738,0,0,Spelcomputers,Overige,
2,1657,,356,spelcomputers-en-games,Spelcomputers en Games,spelcomputers-overige-accessoires,Spelcomputers | Overige Accessoires,Overige Accessoires,Accessoires | Overige,https://marketplace.apps-pilot.nl/l/spelcomputers-en-games/spelcomputers-overige-accessoires/,5641,0,0,Spelcomputers,Overige Accessoires,
2,348,,356,spelcomputers-en-games,Spelcomputers en Games,spelcomputers-sega,Spelcomputers | Sega,Sega,Spelcomputers | Overige,https://marketplace.apps-pilot.nl/l/spelcomputers-en-games/spelcomputers-sega/,306,5,5,Spelcomputers,Sega,
2,1656,,356,spelcomputers-en-games,Spelcomputers en Games,spelcomputers-sony-psp,Spelcomputers | Sony PSP,PlayStation Portable (PSP),Spelcomputers | Sony PlayStation,https://marketplace.apps-pilot.nl/l/spelcomputers-en-games/spelcomputers-sony-psp/,397,5,5,Spelcomputers,Sony PSP,
2,347,,356,spelcomputers-en-games,Spelcomputers en Games,spelcomputers-sony-playstation-1,Spelcomputers | Sony PlayStation 1,PlayStation 1,Spelcomputers | Sony PlayStation,https://marketplace.apps-pilot.nl/l/spelcomputers-en-games/spelcomputers-sony-playstation-1/,509,0,0,Spelcomputers,Sony PlayStation 1,
2,1740,,356,spelcomputers-en-games,Spelcomputers en Games,spelcomputers-sony-playstation-2,Spelcomputers | Sony PlayStation 2,PlayStation 2,Spelcomputers | Sony PlayStation,https://marketplace.apps-pilot.nl/l/spelcomputers-en-games/spelcomputers-sony-playstation-2/,534,2,2,Spelcomputers,Sony PlayStation 2,
2,1741,,356,spelcomputers-en-games,Spelcomputers en Games,spelcomputers-sony-playstation-3,Spelcomputers | Sony PlayStation 3,PlayStation 3,Spelcomputers | Sony PlayStation,https://marketplace.apps-pilot.nl/l/spelcomputers-en-games/spelcomputers-sony-playstation-3/,813,3,3,Spelcomputers,Sony PlayStation 3,
2,2894,,356,spelcomputers-en-games,Spelcomputers en Games,spelcomputers-sony-playstation-4,Spelcomputers | Sony PlayStation 4,PlayStation 4,Spelcomputers | Sony PlayStation,https://marketplace.apps-pilot.nl/l/spelcomputers-en-games/spelcomputers-sony-playstation-4/,3716,0,0,Spelcomputers,Sony PlayStation 4,
2,2954,,356,spelcomputers-en-games,Spelcomputers en Games,spelcomputers-sony-playstation-5,Spelcomputers | Sony PlayStation 5,PlayStation 5,Spelcomputers | Sony PlayStation,https://marketplace.apps-pilot.nl/l/spelcomputers-en-games/spelcomputers-sony-playstation-5/,1754,2,2,Spelcomputers,Sony PlayStation 5,
2,2801,,356,spelcomputers-en-games,Spelcomputers en Games,spelcomputers-sony-playstation-consoles-accessoires,Spelcomputers | Sony PlayStation Consoles | Accessoires,Playstation console-accessoires,Accessoires | Sony PlayStation,https://marketplace.apps-pilot.nl/l/spelcomputers-en-games/spelcomputers-sony-playstation-consoles-accessoires/,4427,5,5,Spelcomputers,Sony PlayStation Consoles,Accessoires
2,2802,,356,spelcomputers-en-games,Spelcomputers en Games,spelcomputers-sony-playstation-portables-accessoires,Spelcomputers | Sony PlayStation Portables | Accessoires,Playstation portable-accessoires,Accessoires | Sony PlayStation,https://marketplace.apps-pilot.nl/l/spelcomputers-en-games/spelcomputers-sony-playstation-portables-accessoires/,132,0,0,Spelcomputers,Sony PlayStation Portables,Accessoires
2,2895,,356,spelcomputers-en-games,Spelcomputers en Games,spelcomputers-sony-playstation-vita,Spelcomputers | Sony PlayStation Vita,PlayStation Vita,Spelcomputers | Sony PlayStation,https://marketplace.apps-pilot.nl/l/spelcomputers-en-games/spelcomputers-sony-playstation-vita/,281,0,0,Spelcomputers,Sony PlayStation Vita,
2,1629,,356,spelcomputers-en-games,Spelcomputers en Games,spelcomputers-xbox-360,Spelcomputers | Xbox 360,Xbox 360,Spelcomputers | Xbox,https://marketplace.apps-pilot.nl/l/spelcomputers-en-games/spelcomputers-xbox-360/,563,5,5,Spelcomputers,Xbox 360,
2,2896,,356,spelcomputers-en-games,Spelcomputers en Games,spelcomputers-xbox-one,Spelcomputers | Xbox One,Xbox One,Spelcomputers | Xbox,https://marketplace.apps-pilot.nl/l/spelcomputers-en-games/spelcomputers-xbox-one/,1100,4,4,Spelcomputers,Xbox One,
2,349,,356,spelcomputers-en-games,Spelcomputers en Games,spelcomputers-xbox-original,Spelcomputers | Xbox Original,Xbox Original,Spelcomputers | Xbox,https://marketplace.apps-pilot.nl/l/spelcomputers-en-games/spelcomputers-xbox-original/,216,0,0,Spelcomputers,Xbox Original,
2,2955,,356,spelcomputers-en-games,Spelcomputers en Games,spelcomputers-xbox-series-x-en-s,Spelcomputers | Xbox Series X en S,Xbox Series X en S,Spelcomputers | Xbox,https://marketplace.apps-pilot.nl/l/spelcomputers-en-games/spelcomputers-xbox-series-x-en-s/,588,2,2,Spelcomputers,Xbox Series X en S,
2,2803,,356,spelcomputers-en-games,Spelcomputers en Games,spelcomputers-xbox-accessoires,Spelcomputers | Xbox | Accessoires,Xbox,Accessoires | Xbox,https://marketplace.apps-pilot.nl/l/spelcomputers-en-games/spelcomputers-xbox-accessoires/,1634,5,5,Spelcomputers,Xbox,Accessoires
2,2945,,356,spelcomputers-en-games,Spelcomputers en Games,virtual-reality,Virtual Reality,,Virtual Reality,https://marketplace.apps-pilot.nl/l/spelcomputers-en-games/virtual-reality/,1923,3,3,Virtual Reality,,
1,784,,784,sport-en-fitness,Sport en Fitness,sport-en-fitness,Sport en Fitness,,,https://marketplace.apps-pilot.nl/l/sport-en-fitness/,,0,0,Sport en Fitness,,
2,785,,784,sport-en-fitness,Sport en Fitness,badminton,Badminton,,Balsporten,https://marketplace.apps-pilot.nl/l/sport-en-fitness/badminton/,745,5,5,Badminton,,
2,1780,,784,sport-en-fitness,Sport en Fitness,ballet,Ballet,,Fitness en Gymnastiek,https://marketplace.apps-pilot.nl/l/sport-en-fitness/ballet/,519,0,0,Ballet,,
2,786,,784,sport-en-fitness,Sport en Fitness,basketbal,Basketbal,,Balsporten,https://marketplace.apps-pilot.nl/l/sport-en-fitness/basketbal/,2730,5,5,Basketbal,,
2,787,,784,sport-en-fitness,Sport en Fitness,bergsport-en-wandelen,Bergsport en Wandelen,,"Lopen, Fietsen en Skaten",https://marketplace.apps-pilot.nl/l/sport-en-fitness/bergsport-en-wandelen/,10571,0,0,Bergsport en Wandelen,,
2,3158,,784,sport-en-fitness,Sport en Fitness,bidons,Bidons,,Sport-accessoires,https://marketplace.apps-pilot.nl/l/sport-en-fitness/bidons/,2088,0,0,Bidons,,
2,789,,784,sport-en-fitness,Sport en Fitness,biljarten-en-poolen,Biljarten en Poolen,,Precisiesporten,https://marketplace.apps-pilot.nl/l/sport-en-fitness/biljarten-en-poolen/,1811,5,5,Biljarten en Poolen,,
2,3157,,784,sport-en-fitness,Sport en Fitness,boksen,Boksen,,Vechtsporten en Zelfverdediging,https://marketplace.apps-pilot.nl/l/sport-en-fitness/boksen/,4869,11,11,Boksen,,
2,790,,784,sport-en-fitness,Sport en Fitness,bowlen,Bowlen,,Balsporten,https://marketplace.apps-pilot.nl/l/sport-en-fitness/bowlen/,229,3,3,Bowlen,,
2,3154,,784,sport-en-fitness,Sport en Fitness,dansen,Dansen,,Fitness en Gymnastiek,https://marketplace.apps-pilot.nl/l/sport-en-fitness/dansen/,891,0,0,Dansen,,
2,791,,784,sport-en-fitness,Sport en Fitness,darts,Darts,,Precisiesporten,https://marketplace.apps-pilot.nl/l/sport-en-fitness/darts/,5179,6,6,Darts,,
2,803,,784,sport-en-fitness,Sport en Fitness,fitnessapparatuur,Fitnessapparatuur,,Fitness en Gymnastiek,https://marketplace.apps-pilot.nl/l/sport-en-fitness/fitnessapparatuur/,20665,12,12,Fitnessapparatuur,,
2,793,,784,sport-en-fitness,Sport en Fitness,fitnessmaterialen,Fitnessmaterialen,,Fitness en Gymnastiek,https://marketplace.apps-pilot.nl/l/sport-en-fitness/fitnessmaterialen/,18946,19,19,Fitnessmaterialen,,
2,1386,,784,sport-en-fitness,Sport en Fitness,gezondheidsproducten-en-wellness,Gezondheidsproducten en Wellness,,Wellness en Ontspanning,https://marketplace.apps-pilot.nl/l/sport-en-fitness/gezondheidsproducten-en-wellness/,8641,0,0,Gezondheidsproducten en Wellness,,
2,794,,784,sport-en-fitness,Sport en Fitness,golf,Golf,,Balsporten,https://marketplace.apps-pilot.nl/l/sport-en-fitness/golf/,13639,13,13,Golf,,
2,1781,,784,sport-en-fitness,Sport en Fitness,handbal,Handbal,,Balsporten,https://marketplace.apps-pilot.nl/l/sport-en-fitness/handbal/,129,3,3,Handbal,,
2,2139,,784,sport-en-fitness,Sport en Fitness,handboogschieten,Handboogschieten,,Precisiesporten,https://marketplace.apps-pilot.nl/l/sport-en-fitness/handboogschieten/,369,5,5,Handboogschieten,,
2,795,,784,sport-en-fitness,Sport en Fitness,hartslagmeters,Hartslagmeters,,Sport-accessoires,https://marketplace.apps-pilot.nl/l/sport-en-fitness/hartslagmeters/,413,3,3,Hartslagmeters,,
2,796,,784,sport-en-fitness,Sport en Fitness,hockey,Hockey,,Balsporten,https://marketplace.apps-pilot.nl/l/sport-en-fitness/hockey/,4123,6,6,Hockey,,
2,3159,,784,sport-en-fitness,Sport en Fitness,hoelahoeps,Hoelahoeps,,Sport-accessoires,https://marketplace.apps-pilot.nl/l/sport-en-fitness/hoelahoeps/,390,0,0,Hoelahoeps,,
2,1782,,784,sport-en-fitness,Sport en Fitness,honkbal-en-softbal,Honkbal en Softbal,,Balsporten,https://marketplace.apps-pilot.nl/l/sport-en-fitness/honkbal-en-softbal/,494,6,6,Honkbal en Softbal,,
2,2140,,784,sport-en-fitness,Sport en Fitness,ijshockey,IJshockey,,Wintersporten,https://marketplace.apps-pilot.nl/l/sport-en-fitness/ijshockey/,708,5,5,IJshockey,,
2,797,,784,sport-en-fitness,Sport en Fitness,karting,Karting,,Rijden en Vliegen,https://marketplace.apps-pilot.nl/l/sport-en-fitness/karting/,1151,5,5,Karting,,
2,3156,,784,sport-en-fitness,Sport en Fitness,klimsport,Klimsport,,"Lopen, Fietsen en Skaten",https://marketplace.apps-pilot.nl/l/sport-en-fitness/klimsport/,818,2,2,Klimsport,,
2,1385,,784,sport-en-fitness,Sport en Fitness,korfbal,Korfbal,,Balsporten,https://marketplace.apps-pilot.nl/l/sport-en-fitness/korfbal/,285,3,3,Korfbal,,
2,799,,784,sport-en-fitness,Sport en Fitness,loopsport-en-atletiek,Loopsport en Atletiek,,"Lopen, Fietsen en Skaten",https://marketplace.apps-pilot.nl/l/sport-en-fitness/loopsport-en-atletiek/,6116,11,11,Loopsport en Atletiek,,
2,800,,784,sport-en-fitness,Sport en Fitness,massageproducten,Massageproducten,,Wellness en Ontspanning,https://marketplace.apps-pilot.nl/l/sport-en-fitness/massageproducten/,5787,6,6,Massageproducten,,
2,801,,784,sport-en-fitness,Sport en Fitness,overige-sport-en-fitness,Overige Sport en Fitness,,Overige,https://marketplace.apps-pilot.nl/l/sport-en-fitness/overige-sport-en-fitness/,7418,0,0,Overige Sport en Fitness,,
2,3152,,784,sport-en-fitness,Sport en Fitness,padel,Padel,,Balsporten,https://marketplace.apps-pilot.nl/l/sport-en-fitness/padel/,1704,6,6,Padel,,
2,804,,784,sport-en-fitness,Sport en Fitness,rugby,Rugby,,Balsporten,https://marketplace.apps-pilot.nl/l/sport-en-fitness/rugby/,160,4,4,Rugby,,
2,805,,784,sport-en-fitness,Sport en Fitness,sauna,Sauna,,Wellness en Ontspanning,https://marketplace.apps-pilot.nl/l/sport-en-fitness/sauna/,1187,2,2,Sauna,,
2,806,,784,sport-en-fitness,Sport en Fitness,schaatsen,Schaatsen,,Wintersporten,https://marketplace.apps-pilot.nl/l/sport-en-fitness/schaatsen/,6199,13,13,Schaatsen,,
2,3153,,784,sport-en-fitness,Sport en Fitness,schietsport-accessoires,Schietsport-accessoires,,Precisiesporten,https://marketplace.apps-pilot.nl/l/sport-en-fitness/schietsport-accessoires/,1393,0,0,Schietsport-accessoires,,
2,1444,,784,sport-en-fitness,Sport en Fitness,skateboarden,Skateboarden,,"Lopen, Fietsen en Skaten",https://marketplace.apps-pilot.nl/l/sport-en-fitness/skateboarden/,5439,4,4,Skateboarden,,
2,807,,784,sport-en-fitness,Sport en Fitness,skeelers,Skeelers,,Buitenspeelgoed,https://marketplace.apps-pilot.nl/l/sport-en-fitness/skeelers/,10382,6,6,Skeelers,,
2,808,,784,sport-en-fitness,Sport en Fitness,skien-en-langlaufen,Skiën en Langlaufen,,Wintersporten,https://marketplace.apps-pilot.nl/l/sport-en-fitness/skien-en-langlaufen/,5398,14,14,Skiën en Langlaufen,,
2,809,,784,sport-en-fitness,Sport en Fitness,snowboarden,Snowboarden,,Wintersporten,https://marketplace.apps-pilot.nl/l/sport-en-fitness/snowboarden/,1502,7,7,Snowboarden,,
2,3160,,784,sport-en-fitness,Sport en Fitness,springtouwen,Springtouwen,,Sport-accessoires,https://marketplace.apps-pilot.nl/l/sport-en-fitness/springtouwen/,248,1,1,Springtouwen,,
2,811,,784,sport-en-fitness,Sport en Fitness,squash,Squash,,Balsporten,https://marketplace.apps-pilot.nl/l/sport-en-fitness/squash/,583,2,2,Squash,,
2,812,,784,sport-en-fitness,Sport en Fitness,tafeltennis,Tafeltennis,,Balsporten,https://marketplace.apps-pilot.nl/l/sport-en-fitness/tafeltennis/,716,4,4,Tafeltennis,,
2,813,,784,sport-en-fitness,Sport en Fitness,tennis,Tennis,,Balsporten,https://marketplace.apps-pilot.nl/l/sport-en-fitness/tennis/,5830,23,23,Tennis,,
2,1445,,784,sport-en-fitness,Sport en Fitness,turnen,Turnen,,Fitness en Gymnastiek,https://marketplace.apps-pilot.nl/l/sport-en-fitness/turnen/,2080,5,5,Turnen,,
2,814,,784,sport-en-fitness,Sport en Fitness,vechtsporten-en-zelfverdediging,Vechtsporten en Zelfverdediging,,Vechtsporten en Zelfverdediging,https://marketplace.apps-pilot.nl/l/sport-en-fitness/vechtsporten-en-zelfverdediging/,6636,5,5,Vechtsporten en Zelfverdediging,,
2,815,,784,sport-en-fitness,Sport en Fitness,vliegeren,Vliegeren,,Rijden en Vliegen,https://marketplace.apps-pilot.nl/l/sport-en-fitness/vliegeren/,509,0,0,Vliegeren,,
2,816,,784,sport-en-fitness,Sport en Fitness,voetbal,Voetbal,,Balsporten,https://marketplace.apps-pilot.nl/l/sport-en-fitness/voetbal/,30484,9,9,Voetbal,,
2,1783,,784,sport-en-fitness,Sport en Fitness,volleybal,Volleybal,,Balsporten,https://marketplace.apps-pilot.nl/l/sport-en-fitness/volleybal/,313,4,4,Volleybal,,
2,792,,784,sport-en-fitness,Sport en Fitness,wielrennen,Wielrennen,,"Lopen, Fietsen en Skaten",https://marketplace.apps-pilot.nl/l/sport-en-fitness/wielrennen/,6742,4,4,Wielrennen,,
2,3155,,784,sport-en-fitness,Sport en Fitness,yoga-en-pilates,Yoga en Pilates,,Fitness en Gymnastiek,https://marketplace.apps-pilot.nl/l/sport-en-fitness/yoga-en-pilates/,1630,4,4,Yoga en Pilates,,
2,818,,784,sport-en-fitness,Sport en Fitness,zweefvliegen-en-paragliding,Zweefvliegen en Paragliding,,Rijden en Vliegen,https://marketplace.apps-pilot.nl/l/sport-en-fitness/zweefvliegen-en-paragliding/,227,5,5,Zweefvliegen en Paragliding,,
1,820,,820,telecommunicatie,Telecommunicatie,telecommunicatie,Telecommunicatie,,,https://marketplace.apps-pilot.nl/l/telecommunicatie/,,0,0,Telecommunicatie,,
2,821,,820,telecommunicatie,Telecommunicatie,antennes-en-masten,Antennes en Masten,,Zenders en Ontvangers,https://marketplace.apps-pilot.nl/l/telecommunicatie/antennes-en-masten/,1025,0,0,Antennes en Masten,,
2,822,,820,telecommunicatie,Telecommunicatie,antwoordapparaten,Antwoordapparaten,,Vaste telefoons en Toebehoren,https://marketplace.apps-pilot.nl/l/telecommunicatie/antwoordapparaten/,49,0,0,Antwoordapparaten,,
2,3047,,820,telecommunicatie,Telecommunicatie,autoladers,Autoladers,,Auto interieur-accessoires,https://marketplace.apps-pilot.nl/l/telecommunicatie/autoladers/,313,0,0,Autoladers,,
2,825,,820,telecommunicatie,Telecommunicatie,carkits,Carkits,,Overige,https://marketplace.apps-pilot.nl/l/telecommunicatie/carkits/,71,4,4,Carkits,,
2,1454,,820,telecommunicatie,Telecommunicatie,datacommunicatie-en-voip,Datacommunicatie en VoIP,Datacommunicatie,Datacommunicatie,https://marketplace.apps-pilot.nl/l/telecommunicatie/datacommunicatie-en-voip/,408,0,0,Datacommunicatie en VoIP,,
2,826,,820,telecommunicatie,Telecommunicatie,faxen,Faxen,,Netwerk en Internet,https://marketplace.apps-pilot.nl/l/telecommunicatie/faxen/,40,0,0,Faxen,,
2,827,,820,telecommunicatie,Telecommunicatie,isdn-en-adsl,ISDN en ADSL,,Netwerk en Internet,https://marketplace.apps-pilot.nl/l/telecommunicatie/isdn-en-adsl/,57,0,0,ISDN en ADSL,,
2,1953,,820,telecommunicatie,Telecommunicatie,mobiele-telefoons-apple-iphone,Mobiele telefoons | Apple iPhone,Apple iPhone,Mobiele telefoons,https://marketplace.apps-pilot.nl/l/telecommunicatie/mobiele-telefoons-apple-iphone/,16638,60,60,Mobiele telefoons,Apple iPhone,
2,1683,,820,telecommunicatie,Telecommunicatie,mobiele-telefoons-batterijen-en-accu-s,Mobiele telefoons | Batterijen en Accu's,Batterijen en Accu's,Telefoon-accessoires,https://marketplace.apps-pilot.nl/l/telecommunicatie/mobiele-telefoons-batterijen-en-accu-s/,393,4,4,Mobiele telefoons,Batterijen en Accu's,
2,1954,,820,telecommunicatie,Telecommunicatie,mobiele-telefoons-blackberry,Mobiele telefoons | Blackberry,Blackberry,Mobiele telefoons,https://marketplace.apps-pilot.nl/l/telecommunicatie/mobiele-telefoons-blackberry/,92,0,0,Mobiele telefoons,Blackberry,
2,1685,,820,telecommunicatie,Telecommunicatie,mobiele-telefoons-htc,Mobiele telefoons | HTC,HTC,Mobiele telefoons,https://marketplace.apps-pilot.nl/l/telecommunicatie/mobiele-telefoons-htc/,64,1,1,Mobiele telefoons,HTC,
2,829,,820,telecommunicatie,Telecommunicatie,mobiele-telefoons-hoesjes-en-frontjes-apple-iphone,Mobiele telefoons | Hoesjes en Frontjes | Apple iPhone,Apple iPhone,Mobiele telefoons | Hoesjes en Frontjes,https://marketplace.apps-pilot.nl/l/telecommunicatie/mobiele-telefoons-hoesjes-en-frontjes-apple-iphone/,7021,44,44,Mobiele telefoons,Hoesjes en Frontjes,Apple iPhone
2,2804,,820,telecommunicatie,Telecommunicatie,mobiele-telefoons-hoesjes-en-frontjes-blackberry,Mobiele telefoons | Hoesjes en Frontjes | Blackberry,Blackberry,Mobiele telefoons | Hoesjes en Frontjes,https://marketplace.apps-pilot.nl/l/telecommunicatie/mobiele-telefoons-hoesjes-en-frontjes-blackberry/,242,0,0,Mobiele telefoons,Hoesjes en Frontjes,Blackberry
2,2805,,820,telecommunicatie,Telecommunicatie,mobiele-telefoons-hoesjes-en-frontjes-htc,Mobiele telefoons | Hoesjes en Frontjes | HTC,HTC,Mobiele telefoons | Hoesjes en Frontjes,https://marketplace.apps-pilot.nl/l/telecommunicatie/mobiele-telefoons-hoesjes-en-frontjes-htc/,283,0,0,Mobiele telefoons,Hoesjes en Frontjes,HTC
2,2806,,820,telecommunicatie,Telecommunicatie,mobiele-telefoons-hoesjes-en-frontjes-nokia,Mobiele telefoons | Hoesjes en Frontjes | Nokia,Nokia,Mobiele telefoons | Hoesjes en Frontjes,https://marketplace.apps-pilot.nl/l/telecommunicatie/mobiele-telefoons-hoesjes-en-frontjes-nokia/,71,0,0,Mobiele telefoons,Hoesjes en Frontjes,Nokia
2,2808,,820,telecommunicatie,Telecommunicatie,mobiele-telefoons-hoesjes-en-frontjes-overige-merken,Mobiele telefoons | Hoesjes en Frontjes | Overige merken,Overige merken,Mobiele telefoons | Hoesjes en Frontjes,https://marketplace.apps-pilot.nl/l/telecommunicatie/mobiele-telefoons-hoesjes-en-frontjes-overige-merken/,1974,0,0,Mobiele telefoons,Hoesjes en Frontjes,Overige merken
2,2807,,820,telecommunicatie,Telecommunicatie,mobiele-telefoons-hoesjes-en-frontjes-samsung,Mobiele telefoons | Hoesjes en Frontjes | Samsung,Samsung,Mobiele telefoons | Hoesjes en Frontjes,https://marketplace.apps-pilot.nl/l/telecommunicatie/mobiele-telefoons-hoesjes-en-frontjes-samsung/,3589,4,4,Mobiele telefoons,Hoesjes en Frontjes,Samsung
2,2897,,820,telecommunicatie,Telecommunicatie,mobiele-telefoons-huawei,Mobiele telefoons | Huawei,Huawei,Mobiele telefoons,https://marketplace.apps-pilot.nl/l/telecommunicatie/mobiele-telefoons-huawei/,386,0,0,Mobiele telefoons,Huawei,
2,1632,,820,telecommunicatie,Telecommunicatie,mobiele-telefoons-lg,Mobiele telefoons | LG,LG,Mobiele telefoons,https://marketplace.apps-pilot.nl/l/telecommunicatie/mobiele-telefoons-lg/,62,2,2,Mobiele telefoons,LG,
2,834,,820,telecommunicatie,Telecommunicatie,mobiele-telefoons-motorola,Mobiele telefoons | Motorola,Motorola,Mobiele telefoons,https://marketplace.apps-pilot.nl/l/telecommunicatie/mobiele-telefoons-motorola/,533,0,0,Mobiele telefoons,Motorola,
2,836,,820,telecommunicatie,Telecommunicatie,mobiele-telefoons-nokia,Mobiele telefoons | Nokia,Nokia,Mobiele telefoons,https://marketplace.apps-pilot.nl/l/telecommunicatie/mobiele-telefoons-nokia/,1255,0,0,Mobiele telefoons,Nokia,
2,1956,,820,telecommunicatie,Telecommunicatie,mobiele-telefoons-oordopjes,Mobiele telefoons | Oordopjes,Oordopjes,Portable Audio,https://marketplace.apps-pilot.nl/l/telecommunicatie/mobiele-telefoons-oordopjes/,3379,2,2,Mobiele telefoons,Oordopjes,
2,837,,820,telecommunicatie,Telecommunicatie,mobiele-telefoons-overige-merken,Mobiele telefoons | Overige merken,Overige merken,Mobiele telefoons,https://marketplace.apps-pilot.nl/l/telecommunicatie/mobiele-telefoons-overige-merken/,4256,0,0,Mobiele telefoons,Overige merken,
2,840,,820,telecommunicatie,Telecommunicatie,mobiele-telefoons-sagem,Mobiele telefoons | Sagem,Sagem,Mobiele telefoons,https://marketplace.apps-pilot.nl/l/telecommunicatie/mobiele-telefoons-sagem/,9,0,0,Mobiele telefoons,Sagem,
2,841,,820,telecommunicatie,Telecommunicatie,mobiele-telefoons-samsung,Mobiele telefoons | Samsung,Samsung,Mobiele telefoons,https://marketplace.apps-pilot.nl/l/telecommunicatie/mobiele-telefoons-samsung/,7360,16,16,Mobiele telefoons,Samsung,
2,842,,820,telecommunicatie,Telecommunicatie,mobiele-telefoons-siemens,Mobiele telefoons | Siemens,Siemens,Mobiele telefoons,https://marketplace.apps-pilot.nl/l/telecommunicatie/mobiele-telefoons-siemens/,49,0,0,Mobiele telefoons,Siemens,
2,1958,,820,telecommunicatie,Telecommunicatie,mobiele-telefoons-software,Mobiele telefoons | Software,Software,Telefoon-accessoires,https://marketplace.apps-pilot.nl/l/telecommunicatie/mobiele-telefoons-software/,6,0,0,Mobiele telefoons,Software,
2,843,,820,telecommunicatie,Telecommunicatie,mobiele-telefoons-sony,Mobiele telefoons | Sony,Sony,Mobiele telefoons,https://marketplace.apps-pilot.nl/l/telecommunicatie/mobiele-telefoons-sony/,214,0,0,Mobiele telefoons,Sony,
2,1957,,820,telecommunicatie,Telecommunicatie,mobiele-telefoons-telefoon-opladers,Mobiele telefoons | Telefoon-opladers,Telefoon-opladers,Telefoon-accessoires,https://marketplace.apps-pilot.nl/l/telecommunicatie/mobiele-telefoons-telefoon-opladers/,3222,29,29,Mobiele telefoons,Telefoon-opladers,
2,1959,,820,telecommunicatie,Telecommunicatie,mobiele-telefoons-toebehoren-en-onderdelen,Mobiele telefoons | Toebehoren en Onderdelen,Toebehoren en Onderdelen,Telefoon-accessoires,https://marketplace.apps-pilot.nl/l/telecommunicatie/mobiele-telefoons-toebehoren-en-onderdelen/,10265,8,8,Mobiele telefoons,Toebehoren en Onderdelen,
2,844,,820,telecommunicatie,Telecommunicatie,overige-telecommunicatie,Overige Telecommunicatie,,Overige,https://marketplace.apps-pilot.nl/l/telecommunicatie/overige-telecommunicatie/,2602,0,0,Overige Telecommunicatie,,
2,340,,820,telecommunicatie,Telecommunicatie,pda-s,Pda's,,Mobiele telefoons,https://marketplace.apps-pilot.nl/l/telecommunicatie/pda-s/,96,2,2,Pda's,,
2,1684,,820,telecommunicatie,Telecommunicatie,pda-s-toebehoren,Pda's | Toebehoren,Pda-toebehoren,Telefoon-accessoires,https://marketplace.apps-pilot.nl/l/telecommunicatie/pda-s-toebehoren/,6,0,0,Pda's,Toebehoren,
2,845,,820,telecommunicatie,Telecommunicatie,portofoons-en-walkie-talkies,Portofoons en Walkie-talkies,,Zenders en Ontvangers,https://marketplace.apps-pilot.nl/l/telecommunicatie/portofoons-en-walkie-talkies/,1066,0,0,Portofoons en Walkie-talkies,,
2,3040,,820,telecommunicatie,Telecommunicatie,powerbanks,Powerbanks,,Mobiele telefoons | Hoesjes en Frontjes,https://marketplace.apps-pilot.nl/l/telecommunicatie/powerbanks/,1217,0,0,Powerbanks,,
2,846,,820,telecommunicatie,Telecommunicatie,prepaidkaarten-en-simkaarten,Prepaidkaarten en Simkaarten,,Telefoon-accessoires,https://marketplace.apps-pilot.nl/l/telecommunicatie/prepaidkaarten-en-simkaarten/,1613,0,0,Prepaidkaarten en Simkaarten,,
2,848,,820,telecommunicatie,Telecommunicatie,scanners,Scanners,,Zenders en Ontvangers,https://marketplace.apps-pilot.nl/l/telecommunicatie/scanners/,157,0,0,Scanners,,
2,850,,820,telecommunicatie,Telecommunicatie,telefooncentrales,Telefooncentrales,,Vaste telefoons en Toebehoren,https://marketplace.apps-pilot.nl/l/telecommunicatie/telefooncentrales/,387,0,0,Telefooncentrales,,
2,3046,,820,telecommunicatie,Telecommunicatie,telefoonhouders,Telefoonhouders,,Auto interieur-accessoires,https://marketplace.apps-pilot.nl/l/telecommunicatie/telefoonhouders/,1485,0,0,Telefoonhouders,,
2,851,,820,telecommunicatie,Telecommunicatie,vaste-telefoons-handsets-en-draadloos,Vaste telefoons | Handsets en Draadloos,Draadloze handsets,Vaste telefoons en Toebehoren,https://marketplace.apps-pilot.nl/l/telecommunicatie/vaste-telefoons-handsets-en-draadloos/,2924,0,0,Vaste telefoons,Handsets en Draadloos,
2,852,,820,telecommunicatie,Telecommunicatie,vaste-telefoons-niet-draadloos,Vaste telefoons | Niet Draadloos,Niet-draadloze handsets,Vaste telefoons en Toebehoren,https://marketplace.apps-pilot.nl/l/telecommunicatie/vaste-telefoons-niet-draadloos/,1993,0,0,Vaste telefoons,Niet Draadloos,
2,3043,,820,telecommunicatie,Telecommunicatie,wearable-accessoires,Wearable-accessoires,,Wearables en Accessoires,https://marketplace.apps-pilot.nl/l/telecommunicatie/wearable-accessoires/,423,0,0,Wearable-accessoires,,
2,855,,820,telecommunicatie,Telecommunicatie,zenders-en-ontvangers,Zenders en Ontvangers,,Zenders en Ontvangers,https://marketplace.apps-pilot.nl/l/telecommunicatie/zenders-en-ontvangers/,2134,0,0,Zenders en Ontvangers,,
1,1984,,1984,tickets-en-kaartjes,Tickets en Kaartjes,tickets-en-kaartjes,Tickets en Kaartjes,,,https://marketplace.apps-pilot.nl/l/tickets-en-kaartjes/,,0,0,Tickets en Kaartjes,,
2,1271,,1984,tickets-en-kaartjes,Tickets en Kaartjes,autovignetten,Autovignetten,,Reizen,https://marketplace.apps-pilot.nl/l/tickets-en-kaartjes/autovignetten/,755,0,0,Autovignetten,,
2,2898,,1984,tickets-en-kaartjes,Tickets en Kaartjes,beurzen,Beurzen,,Recreatie en Festivals,https://marketplace.apps-pilot.nl/l/tickets-en-kaartjes/beurzen/,65,0,0,Beurzen,,
2,1986,,1984,tickets-en-kaartjes,Tickets en Kaartjes,concerten-dance,Concerten | Dance,Dance,Concerten,https://marketplace.apps-pilot.nl/l/tickets-en-kaartjes/concerten-dance/,128,0,0,Concerten,Dance,
2,1988,,1984,tickets-en-kaartjes,Tickets en Kaartjes,concerten-house-techno-en-trance,"Concerten | House, Techno en Trance","House, Techno en Trance",Concerten,https://marketplace.apps-pilot.nl/l/tickets-en-kaartjes/concerten-house-techno-en-trance/,84,0,0,Concerten,"House, Techno en Trance",
2,1989,,1984,tickets-en-kaartjes,Tickets en Kaartjes,concerten-jazz-en-blues,Concerten | Jazz en Blues,Jazz en Blues,Concerten,https://marketplace.apps-pilot.nl/l/tickets-en-kaartjes/concerten-jazz-en-blues/,10,0,0,Concerten,Jazz en Blues,
2,1990,,1984,tickets-en-kaartjes,Tickets en Kaartjes,concerten-klassiek,Concerten | Klassiek,Klassiek,Concerten,https://marketplace.apps-pilot.nl/l/tickets-en-kaartjes/concerten-klassiek/,86,0,0,Concerten,Klassiek,
2,1992,,1984,tickets-en-kaartjes,Tickets en Kaartjes,concerten-nederlandstalig,Concerten | Nederlandstalig,Nederlandstalig,Concerten,https://marketplace.apps-pilot.nl/l/tickets-en-kaartjes/concerten-nederlandstalig/,334,0,0,Concerten,Nederlandstalig,
2,1996,,1984,tickets-en-kaartjes,Tickets en Kaartjes,concerten-overige,Concerten | Overige,Overige,Concerten,https://marketplace.apps-pilot.nl/l/tickets-en-kaartjes/concerten-overige/,471,0,0,Concerten,Overige,
2,1249,,1984,tickets-en-kaartjes,Tickets en Kaartjes,concerten-pop,Concerten | Pop,Pop,Concerten,https://marketplace.apps-pilot.nl/l/tickets-en-kaartjes/concerten-pop/,1975,0,0,Concerten,Pop,
2,1993,,1984,tickets-en-kaartjes,Tickets en Kaartjes,concerten-r-b-en-hiphop,Concerten | R&B en Hiphop,R&B en Hiphop,Concerten,https://marketplace.apps-pilot.nl/l/tickets-en-kaartjes/concerten-r-b-en-hiphop/,121,0,0,Concerten,R&B en Hiphop,
2,1994,,1984,tickets-en-kaartjes,Tickets en Kaartjes,concerten-rock-en-metal,Concerten | Rock en Metal,Rock en Metal,Concerten,https://marketplace.apps-pilot.nl/l/tickets-en-kaartjes/concerten-rock-en-metal/,109,0,0,Concerten,Rock en Metal,
2,1448,,1984,tickets-en-kaartjes,Tickets en Kaartjes,evenementen-en-festivals,Evenementen en Festivals,,Recreatie en Festivals,https://marketplace.apps-pilot.nl/l/tickets-en-kaartjes/evenementen-en-festivals/,5199,0,0,Evenementen en Festivals,,
2,1246,,1984,tickets-en-kaartjes,Tickets en Kaartjes,filmkaartjes,Filmkaartjes,,Cultuur,https://marketplace.apps-pilot.nl/l/tickets-en-kaartjes/filmkaartjes/,168,0,0,Filmkaartjes,,
2,2809,,1984,tickets-en-kaartjes,Tickets en Kaartjes,hotelbonnen,Hotelbonnen,,Reizen,https://marketplace.apps-pilot.nl/l/tickets-en-kaartjes/hotelbonnen/,233,0,0,Hotelbonnen,,
2,1978,,1984,tickets-en-kaartjes,Tickets en Kaartjes,kortingen-en-cadeaubonnen,Kortingen en Cadeaubonnen,Korting en Cadeaubonnen,Overige,https://marketplace.apps-pilot.nl/l/tickets-en-kaartjes/kortingen-en-cadeaubonnen/,3712,0,0,Kortingen en Cadeaubonnen,,
2,1248,,1984,tickets-en-kaartjes,Tickets en Kaartjes,musea,Musea,,Cultuur,https://marketplace.apps-pilot.nl/l/tickets-en-kaartjes/musea/,358,0,0,Musea,,
2,1252,,1984,tickets-en-kaartjes,Tickets en Kaartjes,overige-tickets-en-kaartjes,Overige Tickets en Kaartjes,,Overige,https://marketplace.apps-pilot.nl/l/tickets-en-kaartjes/overige-tickets-en-kaartjes/,1065,0,0,Overige Tickets en Kaartjes,,
2,1997,,1984,tickets-en-kaartjes,Tickets en Kaartjes,recreatie-dierentuinen,Recreatie | Dierentuinen,Dierentuinen,Recreatie en Festivals,https://marketplace.apps-pilot.nl/l/tickets-en-kaartjes/recreatie-dierentuinen/,730,0,0,Recreatie,Dierentuinen,
2,1232,,1984,tickets-en-kaartjes,Tickets en Kaartjes,recreatie-overige,Recreatie | Overige,Overige,Recreatie en Festivals,https://marketplace.apps-pilot.nl/l/tickets-en-kaartjes/recreatie-overige/,405,0,0,Recreatie,Overige,
2,1247,,1984,tickets-en-kaartjes,Tickets en Kaartjes,recreatie-pretparken-en-attractieparken,Recreatie | Pretparken en Attractieparken,Pretparken en Attractieparken,Recreatie en Festivals,https://marketplace.apps-pilot.nl/l/tickets-en-kaartjes/recreatie-pretparken-en-attractieparken/,1906,0,0,Recreatie,Pretparken en Attractieparken,
2,2002,,1984,tickets-en-kaartjes,Tickets en Kaartjes,sport-overige,Sport | Overige,Overige,Sport,https://marketplace.apps-pilot.nl/l/tickets-en-kaartjes/sport-overige/,771,0,0,Sport,Overige,
2,2000,,1984,tickets-en-kaartjes,Tickets en Kaartjes,sport-schaatsen,Sport | Schaatsen,Schaatsen,Sport,https://marketplace.apps-pilot.nl/l/tickets-en-kaartjes/sport-schaatsen/,22,0,0,Sport,Schaatsen,
2,2001,,1984,tickets-en-kaartjes,Tickets en Kaartjes,sport-tennis,Sport | Tennis,Tennis,Sport,https://marketplace.apps-pilot.nl/l/tickets-en-kaartjes/sport-tennis/,6,0,0,Sport,Tennis,
2,1251,,1984,tickets-en-kaartjes,Tickets en Kaartjes,sport-voetbal,Sport | Voetbal,Voetbal,Sport,https://marketplace.apps-pilot.nl/l/tickets-en-kaartjes/sport-voetbal/,1483,0,0,Sport,Voetbal,
2,1250,,1984,tickets-en-kaartjes,Tickets en Kaartjes,theater-cabaret-en-komedie,Theater | Cabaret en Komedie,Cabaret en Komedie,Cultuur,https://marketplace.apps-pilot.nl/l/tickets-en-kaartjes/theater-cabaret-en-komedie/,155,0,0,Theater,Cabaret en Komedie,
2,2014,,1984,tickets-en-kaartjes,Tickets en Kaartjes,theater-musical,Theater | Musical,Musical,Cultuur,https://marketplace.apps-pilot.nl/l/tickets-en-kaartjes/theater-musical/,202,0,0,Theater,Musical,
2,2017,,1984,tickets-en-kaartjes,Tickets en Kaartjes,theater-overige,Theater | Overige,Overige,Cultuur,https://marketplace.apps-pilot.nl/l/tickets-en-kaartjes/theater-overige/,183,0,0,Theater,Overige,
2,2016,,1984,tickets-en-kaartjes,Tickets en Kaartjes,theater-toneel-dans-en-opera,"Theater | Toneel, Dans en Opera","Toneel, Dans en Opera",Cultuur,https://marketplace.apps-pilot.nl/l/tickets-en-kaartjes/theater-toneel-dans-en-opera/,60,0,0,Theater,"Toneel, Dans en Opera",
2,1998,,1984,tickets-en-kaartjes,Tickets en Kaartjes,trein-bus-en-vliegtuig,"Trein, Bus en Vliegtuig","Trein, Bus, Vliegtuig",Reizen,https://marketplace.apps-pilot.nl/l/tickets-en-kaartjes/trein-bus-en-vliegtuig/,258,0,0,"Trein, Bus en Vliegtuig",,
1,1847,,1847,tuin-en-terras,Tuin en Terras,tuin-en-terras,Tuin en Terras,,,https://marketplace.apps-pilot.nl/l/tuin-en-terras/,,0,0,Tuin en Terras,,
2,1857,,1847,tuin-en-terras,Tuin en Terras,aarde-en-mest,Aarde en Mest,,"Grond, Bemesting en Bescherming",https://marketplace.apps-pilot.nl/l/tuin-en-terras/aarde-en-mest/,4053,0,0,Aarde en Mest,,
2,2960,,1847,tuin-en-terras,Tuin en Terras,barbecue-accessoires,Barbecue-accessoires,,Barbecues en Tuinverwarming,https://marketplace.apps-pilot.nl/l/tuin-en-terras/barbecue-accessoires/,8152,0,0,Barbecue-accessoires,,
2,3000,,1847,tuin-en-terras,Tuin en Terras,bergingen-en-tuinkasten,Bergingen en Tuinkasten,,Tuinhuizen en Overkappingen,https://marketplace.apps-pilot.nl/l/tuin-en-terras/bergingen-en-tuinkasten/,1997,3,3,Bergingen en Tuinkasten,,
2,2957,,1847,tuin-en-terras,Tuin en Terras,bestrijdingsmiddelen,Bestrijdingsmiddelen,,"Grond, Bemesting en Bescherming",https://marketplace.apps-pilot.nl/l/tuin-en-terras/bestrijdingsmiddelen/,1008,4,4,Bestrijdingsmiddelen,,
2,2971,,1847,tuin-en-terras,Tuin en Terras,bewateringscomputers,Bewateringscomputers,,Tuinbewatering,https://marketplace.apps-pilot.nl/l/tuin-en-terras/bewateringscomputers/,451,0,0,Bewateringscomputers,,
2,1849,,1847,tuin-en-terras,Tuin en Terras,bielzen-en-borders,Bielzen en Borders,,Tuinaanleg,https://marketplace.apps-pilot.nl/l/tuin-en-terras/bielzen-en-borders/,1813,0,0,Bielzen en Borders,,
2,2987,,1847,tuin-en-terras,Tuin en Terras,bladblazers,Bladblazers,,Tuingereedschap,https://marketplace.apps-pilot.nl/l/tuin-en-terras/bladblazers/,2422,3,3,Bladblazers,,
2,1852,,1847,tuin-en-terras,Tuin en Terras,bloembakken-en-plantenbakken,Bloembakken en Plantenbakken,,Bloempotten en Bloembakken,https://marketplace.apps-pilot.nl/l/tuin-en-terras/bloembakken-en-plantenbakken/,17839,0,0,Bloembakken en Plantenbakken,,
2,1850,,1847,tuin-en-terras,Tuin en Terras,bloembollen-en-zaden,Bloembollen en Zaden,,Bloemen en Planten,https://marketplace.apps-pilot.nl/l/tuin-en-terras/bloembollen-en-zaden/,2518,0,0,Bloembollen en Zaden,,
2,1442,,1847,tuin-en-terras,Tuin en Terras,bloempotten,Bloempotten,,Woonaccessoires,https://marketplace.apps-pilot.nl/l/tuin-en-terras/bloempotten/,15511,0,0,Bloempotten,,
2,2985,,1847,tuin-en-terras,Tuin en Terras,bosmaaiers,Bosmaaiers,,Tuingereedschap,https://marketplace.apps-pilot.nl/l/tuin-en-terras/bosmaaiers/,1102,3,3,Bosmaaiers,,
2,1443,,1847,tuin-en-terras,Tuin en Terras,brievenbussen,Brievenbussen,,Tuindecoratie,https://marketplace.apps-pilot.nl/l/tuin-en-terras/brievenbussen/,2672,1,1,Brievenbussen,,
2,3010,,1847,tuin-en-terras,Tuin en Terras,bubbelbaden-en-hottubs,Bubbelbaden en Hottubs,Bubbelbaden,Zwembaden,https://marketplace.apps-pilot.nl/l/tuin-en-terras/bubbelbaden-en-hottubs/,1908,7,7,Bubbelbaden en Hottubs,,
2,2962,,1847,tuin-en-terras,Tuin en Terras,buitenkeukens,Buitenkeukens,,Barbecues en Tuinverwarming,https://marketplace.apps-pilot.nl/l/tuin-en-terras/buitenkeukens/,1177,3,3,Buitenkeukens,,
2,2972,,1847,tuin-en-terras,Tuin en Terras,buitenkranen,Buitenkranen,,Tuinbewatering,https://marketplace.apps-pilot.nl/l/tuin-en-terras/buitenkranen/,224,0,0,Buitenkranen,,
2,281,,1847,tuin-en-terras,Tuin en Terras,buitenverlichting,Buitenverlichting,,Tuinaanleg,https://marketplace.apps-pilot.nl/l/tuin-en-terras/buitenverlichting/,12587,0,0,Buitenverlichting,,
2,1853,,1847,tuin-en-terras,Tuin en Terras,deurmatten,Deurmatten,,Woonaccessoires,https://marketplace.apps-pilot.nl/l/tuin-en-terras/deurmatten/,1443,0,0,Deurmatten,,
2,2899,,1847,tuin-en-terras,Tuin en Terras,droogmolens-en-wasrekken,Droogmolens en Wasrekken,,Overige,https://marketplace.apps-pilot.nl/l/tuin-en-terras/droogmolens-en-wasrekken/,1650,0,0,Droogmolens en Wasrekken,,
2,2976,,1847,tuin-en-terras,Tuin en Terras,druppelsystemen,Druppelsystemen,,Tuinbewatering,https://marketplace.apps-pilot.nl/l/tuin-en-terras/druppelsystemen/,301,0,0,Druppelsystemen,,
2,2958,,1847,tuin-en-terras,Tuin en Terras,elektrische-barbecues,Elektrische barbecues,,Barbecues en Tuinverwarming,https://marketplace.apps-pilot.nl/l/tuin-en-terras/elektrische-barbecues/,1288,0,0,Elektrische barbecues,,
2,2977,,1847,tuin-en-terras,Tuin en Terras,fakkels,Fakkels,,Tuindecoratie,https://marketplace.apps-pilot.nl/l/tuin-en-terras/fakkels/,253,0,0,Fakkels,,
2,1855,,1847,tuin-en-terras,Tuin en Terras,gaas-en-draad,Gaas en Draad,,Tuinafscheiding en Tuinhout,https://marketplace.apps-pilot.nl/l/tuin-en-terras/gaas-en-draad/,1827,0,0,Gaas en Draad,,
2,2959,,1847,tuin-en-terras,Tuin en Terras,gasbarbecues,Gasbarbecues,,Barbecues en Tuinverwarming,https://marketplace.apps-pilot.nl/l/tuin-en-terras/gasbarbecues/,5237,0,0,Gasbarbecues,,
2,2975,,1847,tuin-en-terras,Tuin en Terras,gieters,Gieters,,Tuinbewatering,https://marketplace.apps-pilot.nl/l/tuin-en-terras/gieters/,547,4,4,Gieters,,
2,2634,,1847,tuin-en-terras,Tuin en Terras,gras-en-kunstgras,Gras en Kunstgras,,Tuinaanleg,https://marketplace.apps-pilot.nl/l/tuin-en-terras/gras-en-kunstgras/,2433,0,0,Gras en Kunstgras,,
2,250,,1847,tuin-en-terras,Tuin en Terras,grasmaaiers,Grasmaaiers,,Tuingereedschap,https://marketplace.apps-pilot.nl/l/tuin-en-terras/grasmaaiers/,8097,8,8,Grasmaaiers,,
2,2984,,1847,tuin-en-terras,Tuin en Terras,grastrimmers,Grastrimmers,,Tuingereedschap,https://marketplace.apps-pilot.nl/l/tuin-en-terras/grastrimmers/,1690,3,3,Grastrimmers,,
2,1860,,1847,tuin-en-terras,Tuin en Terras,grind-keien-en-split,"Grind, Keien en Split",,Tuinaanleg,https://marketplace.apps-pilot.nl/l/tuin-en-terras/grind-keien-en-split/,3363,8,8,"Grind, Keien en Split",,
2,1351,,1847,tuin-en-terras,Tuin en Terras,haardhout,Haardhout,,Barbecues en Tuinverwarming,https://marketplace.apps-pilot.nl/l/tuin-en-terras/haardhout/,6290,0,0,Haardhout,,
2,2991,,1847,tuin-en-terras,Tuin en Terras,hakselaars,Hakselaars,,Tuingereedschap,https://marketplace.apps-pilot.nl/l/tuin-en-terras/hakselaars/,620,2,2,Hakselaars,,
2,276,,1847,tuin-en-terras,Tuin en Terras,hand-tuingereedschap,Hand-tuingereedschap,,Tuingereedschap,https://marketplace.apps-pilot.nl/l/tuin-en-terras/hand-tuingereedschap/,8744,12,12,Hand-tuingereedschap,,
2,2997,,1847,tuin-en-terras,Tuin en Terras,handzagen,Handzagen,,Tuingereedschap,https://marketplace.apps-pilot.nl/l/tuin-en-terras/handzagen/,294,5,5,Handzagen,,
2,3006,,1847,tuin-en-terras,Tuin en Terras,hangmatten,Hangmatten,,Woonaccessoires,https://marketplace.apps-pilot.nl/l/tuin-en-terras/hangmatten/,2156,5,5,Hangmatten,,
2,2989,,1847,tuin-en-terras,Tuin en Terras,heggenscharen,Heggenscharen,,Tuingereedschap,https://marketplace.apps-pilot.nl/l/tuin-en-terras/heggenscharen/,3939,4,4,Heggenscharen,,
2,2988,,1847,tuin-en-terras,Tuin en Terras,hogedrukreinigers,Hogedrukreinigers,,Gereedschappen | Machines en Apparaten,https://marketplace.apps-pilot.nl/l/tuin-en-terras/hogedrukreinigers/,3199,3,3,Hogedrukreinigers,,
2,1441,,1847,tuin-en-terras,Tuin en Terras,houtskoolbarbecues,Houtskoolbarbecues,,Barbecues en Tuinverwarming,https://marketplace.apps-pilot.nl/l/tuin-en-terras/houtskoolbarbecues/,5989,0,0,Houtskoolbarbecues,,
2,2999,,1847,tuin-en-terras,Tuin en Terras,kassen,Kassen,,Bloemen en Planten,https://marketplace.apps-pilot.nl/l/tuin-en-terras/kassen/,964,2,2,Kassen,,
2,2992,,1847,tuin-en-terras,Tuin en Terras,kloofmachines,Kloofmachines,,Tuingereedschap,https://marketplace.apps-pilot.nl/l/tuin-en-terras/kloofmachines/,366,3,3,Kloofmachines,,
2,2998,,1847,tuin-en-terras,Tuin en Terras,kruiwagens,Kruiwagens,,Gereedschappen,https://marketplace.apps-pilot.nl/l/tuin-en-terras/kruiwagens/,1021,2,2,Kruiwagens,,
2,2900,,1847,tuin-en-terras,Tuin en Terras,kweekspullen,Kweekspullen,,Bloemen en Planten,https://marketplace.apps-pilot.nl/l/tuin-en-terras/kweekspullen/,2149,0,0,Kweekspullen,,
2,3005,,1847,tuin-en-terras,Tuin en Terras,ligbedden,Ligbedden,,Tuinmeubelen,https://marketplace.apps-pilot.nl/l/tuin-en-terras/ligbedden/,5550,11,11,Ligbedden,,
2,2995,,1847,tuin-en-terras,Tuin en Terras,onkruidbranders,Onkruidbranders,,Tuingereedschap,https://marketplace.apps-pilot.nl/l/tuin-en-terras/onkruidbranders/,696,0,0,Onkruidbranders,,
2,274,,1847,tuin-en-terras,Tuin en Terras,overige-tuin-en-terras,Overige Tuin en Terras,,Overige,https://marketplace.apps-pilot.nl/l/tuin-en-terras/overige-tuin-en-terras/,9813,0,0,Overige Tuin en Terras,,
2,2901,,1847,tuin-en-terras,Tuin en Terras,overkappingen,Overkappingen,,Tuinhuizen en Overkappingen,https://marketplace.apps-pilot.nl/l/tuin-en-terras/overkappingen/,2200,5,5,Overkappingen,,
2,1863,,1847,tuin-en-terras,Tuin en Terras,palen-balken-en-planken,"Palen, Balken en Planken",,Tuinafscheiding en Tuinhout,https://marketplace.apps-pilot.nl/l/tuin-en-terras/palen-balken-en-planken/,7457,0,0,"Palen, Balken en Planken",,
2,3009,,1847,tuin-en-terras,Tuin en Terras,parasols,Parasols,,Zonwering,https://marketplace.apps-pilot.nl/l/tuin-en-terras/parasols/,4621,7,7,Parasols,,
2,1858,,1847,tuin-en-terras,Tuin en Terras,partytenten,Partytenten,,Zonwering,https://marketplace.apps-pilot.nl/l/tuin-en-terras/partytenten/,5071,5,5,Partytenten,,
2,3003,,1847,tuin-en-terras,Tuin en Terras,picknicktafels,Picknicktafels,,Tuinmeubelen,https://marketplace.apps-pilot.nl/l/tuin-en-terras/picknicktafels/,2431,9,9,Picknicktafels,,
2,2961,,1847,tuin-en-terras,Tuin en Terras,pizzaovens,Pizzaovens,,Barbecues en Tuinverwarming,https://marketplace.apps-pilot.nl/l/tuin-en-terras/pizzaovens/,655,0,0,Pizzaovens,,
2,279,,1847,tuin-en-terras,Tuin en Terras,planten-bomen,Planten | Bomen,Bomen,Bloemen en Planten,https://marketplace.apps-pilot.nl/l/tuin-en-terras/planten-bomen/,5832,8,8,Planten,Bomen,
2,2948,,1847,tuin-en-terras,Tuin en Terras,planten-fruitbomen,Planten | Fruitbomen,Fruitbomen,Bloemen en Planten,https://marketplace.apps-pilot.nl/l/tuin-en-terras/planten-fruitbomen/,1324,8,8,Planten,Fruitbomen,
2,2947,,1847,tuin-en-terras,Tuin en Terras,planten-struiken-en-hagen,Planten | Struiken en Hagen,Struiken en Hagen,Bloemen en Planten,https://marketplace.apps-pilot.nl/l/tuin-en-terras/planten-struiken-en-hagen/,2159,13,13,Planten,Struiken en Hagen,
2,1851,,1847,tuin-en-terras,Tuin en Terras,planten-tuinplanten,Planten | Tuinplanten,Tuinplanten,Bloemen en Planten,https://marketplace.apps-pilot.nl/l/tuin-en-terras/planten-tuinplanten/,16750,9,9,Planten,Tuinplanten,
2,2956,,1847,tuin-en-terras,Tuin en Terras,plantenvoeding,Plantenvoeding,,"Grond, Bemesting en Bescherming",https://marketplace.apps-pilot.nl/l/tuin-en-terras/plantenvoeding/,1628,0,0,Plantenvoeding,,
2,1859,,1847,tuin-en-terras,Tuin en Terras,regentonnen,Regentonnen,,Tuinbewatering,https://marketplace.apps-pilot.nl/l/tuin-en-terras/regentonnen/,2117,0,0,Regentonnen,,
2,2983,,1847,tuin-en-terras,Tuin en Terras,robotmaaiers,Robotmaaiers,,Tuingereedschap,https://marketplace.apps-pilot.nl/l/tuin-en-terras/robotmaaiers/,1372,0,0,Robotmaaiers,,
2,3008,,1847,tuin-en-terras,Tuin en Terras,schaduwdoeken,Schaduwdoeken,,Zonwering,https://marketplace.apps-pilot.nl/l/tuin-en-terras/schaduwdoeken/,978,0,0,Schaduwdoeken,,
2,251,,1847,tuin-en-terras,Tuin en Terras,schuttingen,Schuttingen,,Tuinafscheiding en Tuinhout,https://marketplace.apps-pilot.nl/l/tuin-en-terras/schuttingen/,9621,0,0,Schuttingen,,
2,2994,,1847,tuin-en-terras,Tuin en Terras,snoeischaren,Snoeischaren,,Tuingereedschap,https://marketplace.apps-pilot.nl/l/tuin-en-terras/snoeischaren/,655,0,0,Snoeischaren,,
2,2993,,1847,tuin-en-terras,Tuin en Terras,takkenscharen,Takkenscharen,,Tuingereedschap,https://marketplace.apps-pilot.nl/l/tuin-en-terras/takkenscharen/,217,0,0,Takkenscharen,,
2,280,,1847,tuin-en-terras,Tuin en Terras,tegels-en-klinkers,Tegels en Klinkers,,Tuinaanleg,https://marketplace.apps-pilot.nl/l/tuin-en-terras/tegels-en-klinkers/,18818,0,0,Tegels en Klinkers,,
2,2967,,1847,tuin-en-terras,Tuin en Terras,terrasdelen-en-vlonders,Terrasdelen en Vlonders,,Tuinaanleg,https://marketplace.apps-pilot.nl/l/tuin-en-terras/terrasdelen-en-vlonders/,2421,5,5,Terrasdelen en Vlonders,,
2,2811,,1847,tuin-en-terras,Tuin en Terras,terrasverwarmers,Terrasverwarmers,,Barbecues en Tuinverwarming,https://marketplace.apps-pilot.nl/l/tuin-en-terras/terrasverwarmers/,3245,0,0,Terrasverwarmers,,
2,3004,,1847,tuin-en-terras,Tuin en Terras,tuinbanken,Tuinbanken,,Tuinmeubelen,https://marketplace.apps-pilot.nl/l/tuin-en-terras/tuinbanken/,5217,11,11,Tuinbanken,,
2,1861,,1847,tuin-en-terras,Tuin en Terras,tuinbeelden,Tuinbeelden,,Tuindecoratie,https://marketplace.apps-pilot.nl/l/tuin-en-terras/tuinbeelden/,5772,0,0,Tuinbeelden,,
2,2966,,1847,tuin-en-terras,Tuin en Terras,tuinhaarden,Tuinhaarden,,Barbecues en Tuinverwarming,https://marketplace.apps-pilot.nl/l/tuin-en-terras/tuinhaarden/,2031,0,0,Tuinhaarden,,
2,2968,,1847,tuin-en-terras,Tuin en Terras,tuinhekken-en-hekwerk,Tuinhekken en Hekwerk,,Tuinafscheiding en Tuinhout,https://marketplace.apps-pilot.nl/l/tuin-en-terras/tuinhekken-en-hekwerk/,4647,12,12,Tuinhekken en Hekwerk,,
2,277,,1847,tuin-en-terras,Tuin en Terras,tuinhuizen,Tuinhuizen,,Tuinhuizen en Overkappingen,https://marketplace.apps-pilot.nl/l/tuin-en-terras/tuinhuizen/,2531,4,4,Tuinhuizen,,
2,1864,,1847,tuin-en-terras,Tuin en Terras,tuinmeubel-accessoires,Tuinmeubel-accessoires,,Tuinmeubelen,https://marketplace.apps-pilot.nl/l/tuin-en-terras/tuinmeubel-accessoires/,7908,0,0,Tuinmeubel-accessoires,,
2,2969,,1847,tuin-en-terras,Tuin en Terras,tuinpoorten,Tuinpoorten,,Tuinafscheiding en Tuinhout,https://marketplace.apps-pilot.nl/l/tuin-en-terras/tuinpoorten/,1778,9,9,Tuinpoorten,,
2,2970,,1847,tuin-en-terras,Tuin en Terras,tuinschermen,Tuinschermen,,Tuinafscheiding en Tuinhout,https://marketplace.apps-pilot.nl/l/tuin-en-terras/tuinschermen/,1218,6,6,Tuinschermen,,
2,278,,1847,tuin-en-terras,Tuin en Terras,tuinsets-en-loungesets,Tuinsets en Loungesets,,Tuinmeubelen,https://marketplace.apps-pilot.nl/l/tuin-en-terras/tuinsets-en-loungesets/,62445,2,2,Tuinsets en Loungesets,,
2,1865,,1847,tuin-en-terras,Tuin en Terras,tuinslangen,Tuinslangen,,Tuinbewatering,https://marketplace.apps-pilot.nl/l/tuin-en-terras/tuinslangen/,2967,4,4,Tuinslangen,,
2,2974,,1847,tuin-en-terras,Tuin en Terras,tuinsproeiers,Tuinsproeiers,,Tuinbewatering,https://marketplace.apps-pilot.nl/l/tuin-en-terras/tuinsproeiers/,1856,9,9,Tuinsproeiers,,
2,2979,,1847,tuin-en-terras,Tuin en Terras,tuinstekers,Tuinstekers,,Tuindecoratie,https://marketplace.apps-pilot.nl/l/tuin-en-terras/tuinstekers/,593,0,0,Tuinstekers,,
2,3001,,1847,tuin-en-terras,Tuin en Terras,tuinstoelen,Tuinstoelen,,Tuinmeubelen,https://marketplace.apps-pilot.nl/l/tuin-en-terras/tuinstoelen/,16118,14,14,Tuinstoelen,,
2,3002,,1847,tuin-en-terras,Tuin en Terras,tuintafels,Tuintafels,,Tuinmeubelen,https://marketplace.apps-pilot.nl/l/tuin-en-terras/tuintafels/,9923,13,13,Tuintafels,,
2,2978,,1847,tuin-en-terras,Tuin en Terras,tuinvazen,Tuinvazen,,Bloempotten en Bloembakken,https://marketplace.apps-pilot.nl/l/tuin-en-terras/tuinvazen/,1152,0,0,Tuinvazen,,
2,275,,1847,tuin-en-terras,Tuin en Terras,tuinwanddecoratie,Tuinwanddecoratie,,Tuindecoratie,https://marketplace.apps-pilot.nl/l/tuin-en-terras/tuinwanddecoratie/,4762,0,0,Tuinwanddecoratie,,
2,2996,,1847,tuin-en-terras,Tuin en Terras,veegmachines,Veegmachines,,Tuingereedschap,https://marketplace.apps-pilot.nl/l/tuin-en-terras/veegmachines/,513,0,0,Veegmachines,,
2,2986,,1847,tuin-en-terras,Tuin en Terras,verticuteermachines,Verticuteermachines,,Tuingereedschap,https://marketplace.apps-pilot.nl/l/tuin-en-terras/verticuteermachines/,558,2,2,Verticuteermachines,,
2,3007,,1847,tuin-en-terras,Tuin en Terras,vijver-toebehoren,Vijver-toebehoren,,Vijvers,https://marketplace.apps-pilot.nl/l/tuin-en-terras/vijver-toebehoren/,4698,9,9,Vijver-toebehoren,,
2,283,,1847,tuin-en-terras,Tuin en Terras,vijvers,Vijvers,,Tuinaanleg,https://marketplace.apps-pilot.nl/l/tuin-en-terras/vijvers/,2561,0,0,Vijvers,,
2,2981,,1847,tuin-en-terras,Tuin en Terras,vogelhuisjes-en-vogelbaden,Vogelhuisjes en Vogelbaden,,Vogels,https://marketplace.apps-pilot.nl/l/tuin-en-terras/vogelhuisjes-en-vogelbaden/,1499,0,0,Vogelhuisjes en Vogelbaden,,
2,2964,,1847,tuin-en-terras,Tuin en Terras,vuurkorven,Vuurkorven,,Barbecues en Tuinverwarming,https://marketplace.apps-pilot.nl/l/tuin-en-terras/vuurkorven/,2712,0,0,Vuurkorven,,
2,2963,,1847,tuin-en-terras,Tuin en Terras,vuurschalen,Vuurschalen,,Barbecues en Tuinverwarming,https://marketplace.apps-pilot.nl/l/tuin-en-terras/vuurschalen/,409,0,0,Vuurschalen,,
2,2965,,1847,tuin-en-terras,Tuin en Terras,vuurtafels,Vuurtafels,,Barbecues en Tuinverwarming,https://marketplace.apps-pilot.nl/l/tuin-en-terras/vuurtafels/,394,0,0,Vuurtafels,,
2,1854,,1847,tuin-en-terras,Tuin en Terras,waterpartijen-en-fonteinen,Waterpartijen en Fonteinen,,Tuinbewatering,https://marketplace.apps-pilot.nl/l/tuin-en-terras/waterpartijen-en-fonteinen/,1946,0,0,Waterpartijen en Fonteinen,,
2,2973,,1847,tuin-en-terras,Tuin en Terras,waterpompen,Waterpompen,,Tuinbewatering,https://marketplace.apps-pilot.nl/l/tuin-en-terras/waterpompen/,3311,11,11,Waterpompen,,
2,1856,,1847,tuin-en-terras,Tuin en Terras,werkkleding,Werkkleding,,Werkkleding en Bescherming,https://marketplace.apps-pilot.nl/l/tuin-en-terras/werkkleding/,4837,0,0,Werkkleding,,
2,2982,,1847,tuin-en-terras,Tuin en Terras,windwijzers-en-windmolens,Windwijzers en Windmolens,,Tuindecoratie,https://marketplace.apps-pilot.nl/l/tuin-en-terras/windwijzers-en-windmolens/,207,0,0,Windwijzers en Windmolens,,
2,1848,,1847,tuin-en-terras,Tuin en Terras,zand,Zand,,Tuinaanleg,https://marketplace.apps-pilot.nl/l/tuin-en-terras/zand/,1981,0,0,Zand,,
2,2810,,1847,tuin-en-terras,Tuin en Terras,zitmaaiers,Zitmaaiers,,Tuingereedschap,https://marketplace.apps-pilot.nl/l/tuin-en-terras/zitmaaiers/,2376,0,0,Zitmaaiers,,
2,288,,1847,tuin-en-terras,Tuin en Terras,zonneschermen,Zonneschermen,,Zonwering,https://marketplace.apps-pilot.nl/l/tuin-en-terras/zonneschermen/,10390,0,0,Zonneschermen,,
2,2980,,1847,tuin-en-terras,Tuin en Terras,zonnewijzers,Zonnewijzers,,Tuindecoratie,https://marketplace.apps-pilot.nl/l/tuin-en-terras/zonnewijzers/,123,0,0,Zonnewijzers,,
2,1711,,1847,tuin-en-terras,Tuin en Terras,zwembad-toebehoren,Zwembad-toebehoren,,Zwembaden,https://marketplace.apps-pilot.nl/l/tuin-en-terras/zwembad-toebehoren/,11267,0,0,Zwembad-toebehoren,,
2,819,,1847,tuin-en-terras,Tuin en Terras,zwembaden,Zwembaden,,Buitenspeelgoed,https://marketplace.apps-pilot.nl/l/tuin-en-terras/zwembaden/,7324,4,4,Zwembaden,,
1,167,,167,vacatures,Vacatures,vacatures,Vacatures,,,https://marketplace.apps-pilot.nl/l/vacatures/,,0,0,Vacatures,,
2,1180,,167,vacatures,Vacatures,goede-doelen-en-vrijwilligerswerk,Goede doelen en Vrijwilligerswerk,,Stages en Vrijwilligers,https://marketplace.apps-pilot.nl/l/vacatures/goede-doelen-en-vrijwilligerswerk/,157,0,0,Goede doelen en Vrijwilligerswerk,,
2,1183,,167,vacatures,Vacatures,profielen-man-vrouw-zoekt-werk,Profielen | Man/Vrouw zoekt werk,,Profielen,https://marketplace.apps-pilot.nl/l/vacatures/profielen-man-vrouw-zoekt-werk/,299,0,0,Profielen,Man/Vrouw zoekt werk,
2,2076,,167,vacatures,Vacatures,profielen-scholier-zoekt-bijbaan,Profielen | Scholier zoekt bijbaan,,Profielen,https://marketplace.apps-pilot.nl/l/vacatures/profielen-scholier-zoekt-bijbaan/,51,0,0,Profielen,Scholier zoekt bijbaan,
2,1184,,167,vacatures,Vacatures,profielen-student-zoekt-bijbaan-of-stage,Profielen | Student zoekt bijbaan of stage,,Profielen,https://marketplace.apps-pilot.nl/l/vacatures/profielen-student-zoekt-bijbaan-of-stage/,77,0,0,Profielen,Student zoekt bijbaan of stage,
2,1158,,167,vacatures,Vacatures,stages-en-leerbanen,Stages en Leerbanen,,Stages en Vrijwilligers,https://marketplace.apps-pilot.nl/l/vacatures/stages-en-leerbanen/,12,0,0,Stages en Leerbanen,,
2,1139,,167,vacatures,Vacatures,vacatures-administratief-en-secretarieel,Vacatures | Administratief en Secretarieel,Administratief en Secretarieel,Dienstverlening,https://marketplace.apps-pilot.nl/l/vacatures/vacatures-administratief-en-secretarieel/,329,0,0,Vacatures,Administratief en Secretarieel,
2,1141,,167,vacatures,Vacatures,vacatures-automatisering-en-ict,Vacatures | Automatisering en ICT,Automatisering en ICT,Dienstverlening,https://marketplace.apps-pilot.nl/l/vacatures/vacatures-automatisering-en-ict/,63,0,0,Vacatures,Automatisering en ICT,
2,2075,,167,vacatures,Vacatures,vacatures-automotive,Vacatures | Automotive,Automotive,"Bouw, Transport en Techniek",https://marketplace.apps-pilot.nl/l/vacatures/vacatures-automotive/,130,0,0,Vacatures,Automotive,
2,1142,,167,vacatures,Vacatures,vacatures-beveiliging,Vacatures | Beveiliging,Beveiliging,Dienstverlening,https://marketplace.apps-pilot.nl/l/vacatures/vacatures-beveiliging/,14,0,0,Vacatures,Beveiliging,
2,1143,,167,vacatures,Vacatures,vacatures-bouwnijverheid,Vacatures | Bouwnijverheid,Bouwnijverheid,"Bouw, Transport en Techniek",https://marketplace.apps-pilot.nl/l/vacatures/vacatures-bouwnijverheid/,852,0,0,Vacatures,Bouwnijverheid,
2,1144,,167,vacatures,Vacatures,vacatures-chauffeurs,Vacatures | Chauffeurs,Chauffeurs,"Bouw, Transport en Techniek",https://marketplace.apps-pilot.nl/l/vacatures/vacatures-chauffeurs/,1045,0,0,Vacatures,Chauffeurs,
2,1644,,167,vacatures,Vacatures,vacatures-cultuur-recreatie-en-sport,"Vacatures | Cultuur, Recreatie en Sport","Cultuur, Recreatie en Sport",Dienstverlening,https://marketplace.apps-pilot.nl/l/vacatures/vacatures-cultuur-recreatie-en-sport/,73,0,0,Vacatures,"Cultuur, Recreatie en Sport",
2,1145,,167,vacatures,Vacatures,vacatures-detailhandel-en-winkelpersoneel,Vacatures | Detailhandel en Winkelpersoneel,Detailhandel en Winkelpersoneel,Management en Verkoop,https://marketplace.apps-pilot.nl/l/vacatures/vacatures-detailhandel-en-winkelpersoneel/,146,0,0,Vacatures,Detailhandel en Winkelpersoneel,
2,1146,,167,vacatures,Vacatures,vacatures-directie-management-en-staf,"Vacatures | Directie, Management en Staf",Directie en Management,Management en Verkoop,https://marketplace.apps-pilot.nl/l/vacatures/vacatures-directie-management-en-staf/,24,0,0,Vacatures,"Directie, Management en Staf",
2,1147,,167,vacatures,Vacatures,vacatures-elektriciens,Vacatures | Elektriciens,Elektriciens,"Bouw, Transport en Techniek",https://marketplace.apps-pilot.nl/l/vacatures/vacatures-elektriciens/,239,0,0,Vacatures,Elektriciens,
2,1148,,167,vacatures,Vacatures,vacatures-financiele-dienstverlening,Vacatures | Financiële dienstverlening,Financiële dienstverlening,Dienstverlening,https://marketplace.apps-pilot.nl/l/vacatures/vacatures-financiele-dienstverlening/,553,0,0,Vacatures,Financiële dienstverlening,
2,1149,,167,vacatures,Vacatures,vacatures-gezondheidszorg,Vacatures | Gezondheidszorg,Gezondheidszorg,Dienstverlening,https://marketplace.apps-pilot.nl/l/vacatures/vacatures-gezondheidszorg/,203,0,0,Vacatures,Gezondheidszorg,
2,1151,,167,vacatures,Vacatures,vacatures-grafische-industrie,Vacatures | Grafische industrie,Grafische industrie,Marketing en Grafisch,https://marketplace.apps-pilot.nl/l/vacatures/vacatures-grafische-industrie/,5,0,0,Vacatures,Grafische industrie,
2,1154,,167,vacatures,Vacatures,vacatures-hr-en-arbeidsbemiddeling,Vacatures | HR en Arbeidsbemiddeling,HR en Arbeid,Dienstverlening,https://marketplace.apps-pilot.nl/l/vacatures/vacatures-hr-en-arbeidsbemiddeling/,107,0,0,Vacatures,HR en Arbeidsbemiddeling,
2,1152,,167,vacatures,Vacatures,vacatures-horeca-en-catering,Vacatures | Horeca en Catering,Horeca en Catering,Dienstverlening,https://marketplace.apps-pilot.nl/l/vacatures/vacatures-horeca-en-catering/,424,0,0,Vacatures,Horeca en Catering,
2,1155,,167,vacatures,Vacatures,vacatures-industrie-en-productie,Vacatures | Industrie en Productie,Industrie en Productie,"Bouw, Transport en Techniek",https://marketplace.apps-pilot.nl/l/vacatures/vacatures-industrie-en-productie/,1374,0,0,Vacatures,Industrie en Productie,
2,1150,,167,vacatures,Vacatures,vacatures-juridisch-en-fiscaal,Vacatures | Juridisch en Fiscaal,Juridisch en Fiscaal,Dienstverlening,https://marketplace.apps-pilot.nl/l/vacatures/vacatures-juridisch-en-fiscaal/,170,0,0,Vacatures,Juridisch en Fiscaal,
2,1157,,167,vacatures,Vacatures,vacatures-klantenservice-en-callcenter,Vacatures | Klantenservice en Callcenter,Klantenservice en Callcenter,Dienstverlening,https://marketplace.apps-pilot.nl/l/vacatures/vacatures-klantenservice-en-callcenter/,128,0,0,Vacatures,Klantenservice en Callcenter,
2,1140,,167,vacatures,Vacatures,vacatures-landbouw-natuur-en-milieu,"Vacatures | Landbouw, Natuur en Milieu",Landbouw en Natuur,Landbouw en Visserij,https://marketplace.apps-pilot.nl/l/vacatures/vacatures-landbouw-natuur-en-milieu/,307,0,0,Vacatures,"Landbouw, Natuur en Milieu",
2,1159,,167,vacatures,Vacatures,vacatures-logistiek-inkoop-en-transport,"Vacatures | Logistiek, Inkoop en Transport",Logistiek en Inkoop,"Bouw, Transport en Techniek",https://marketplace.apps-pilot.nl/l/vacatures/vacatures-logistiek-inkoop-en-transport/,2255,0,0,Vacatures,"Logistiek, Inkoop en Transport",
2,1645,,167,vacatures,Vacatures,vacatures-maatschappelijke-dienstverlening,Vacatures | Maatschappelijke dienstverlening,Maatschappelijke dienstverlening,Dienstverlening,https://marketplace.apps-pilot.nl/l/vacatures/vacatures-maatschappelijke-dienstverlening/,13,0,0,Vacatures,Maatschappelijke dienstverlening,
2,1161,,167,vacatures,Vacatures,vacatures-makelaardij-en-vastgoed,Vacatures | Makelaardij en Vastgoed,Makelaardij en Vastgoed,Dienstverlening,https://marketplace.apps-pilot.nl/l/vacatures/vacatures-makelaardij-en-vastgoed/,12,0,0,Vacatures,Makelaardij en Vastgoed,
2,1162,,167,vacatures,Vacatures,vacatures-marketing-communicatie-en-media,"Vacatures | Marketing, Communicatie en Media","Marketing, Communicatie",Marketing en Grafisch,https://marketplace.apps-pilot.nl/l/vacatures/vacatures-marketing-communicatie-en-media/,106,0,0,Vacatures,"Marketing, Communicatie en Media",
2,1163,,167,vacatures,Vacatures,vacatures-modellen,Vacatures | Modellen,Modellen,Verzorging en Uiterlijk,https://marketplace.apps-pilot.nl/l/vacatures/vacatures-modellen/,143,0,0,Vacatures,Modellen,
2,1438,,167,vacatures,Vacatures,vacatures-netwerk-marketing,Vacatures | Netwerk Marketing,Netwerk Marketing,Marketing en Grafisch,https://marketplace.apps-pilot.nl/l/vacatures/vacatures-netwerk-marketing/,13,0,0,Vacatures,Netwerk Marketing,
2,1164,,167,vacatures,Vacatures,vacatures-onderwijs-wetenschap-en-onderzoek,"Vacatures | Onderwijs, Wetenschap en Onderzoek",Onderwijs en Wetenschap,Overheid en Wetenschap,https://marketplace.apps-pilot.nl/l/vacatures/vacatures-onderwijs-wetenschap-en-onderzoek/,149,0,0,Vacatures,"Onderwijs, Wetenschap en Onderzoek",
2,1165,,167,vacatures,Vacatures,vacatures-overheid,Vacatures | Overheid,Overheid,Overheid en Wetenschap,https://marketplace.apps-pilot.nl/l/vacatures/vacatures-overheid/,128,0,0,Vacatures,Overheid,
2,1181,,167,vacatures,Vacatures,vacatures-overige-vacatures,Vacatures | Overige Vacatures,Overige Vacatures,Overige,https://marketplace.apps-pilot.nl/l/vacatures/vacatures-overige-vacatures/,789,0,0,Vacatures,Overige Vacatures,
2,1166,,167,vacatures,Vacatures,vacatures-promotiewerk-en-flyering,Vacatures | Promotiewerk en Flyering,Promotiewerk en Flyering,Marketing en Grafisch,https://marketplace.apps-pilot.nl/l/vacatures/vacatures-promotiewerk-en-flyering/,2,0,0,Vacatures,Promotiewerk en Flyering,
2,1179,,167,vacatures,Vacatures,vacatures-scheepvaart-en-visserij,Vacatures | Scheepvaart en Visserij,Scheepvaart en Visserij,Landbouw en Visserij,https://marketplace.apps-pilot.nl/l/vacatures/vacatures-scheepvaart-en-visserij/,5,0,0,Vacatures,Scheepvaart en Visserij,
2,1167,,167,vacatures,Vacatures,vacatures-schoonmaak-en-facilitaire-diensten,Vacatures | Schoonmaak en Facilitaire diensten,Schoonmaak en Facilitaire diensten,Dienstverlening,https://marketplace.apps-pilot.nl/l/vacatures/vacatures-schoonmaak-en-facilitaire-diensten/,2091,0,0,Vacatures,Schoonmaak en Facilitaire diensten,
2,1171,,167,vacatures,Vacatures,vacatures-techniek,Vacatures | Techniek,Techniek,"Bouw, Transport en Techniek",https://marketplace.apps-pilot.nl/l/vacatures/vacatures-techniek/,2304,0,0,Vacatures,Techniek,
2,1172,,167,vacatures,Vacatures,vacatures-tekstschrijvers-en-editors,Vacatures | Tekstschrijvers en Editors,"Tekstschrijvers, Editors",Marketing en Grafisch,https://marketplace.apps-pilot.nl/l/vacatures/vacatures-tekstschrijvers-en-editors/,1,0,0,Vacatures,Tekstschrijvers en Editors,
2,1173,,167,vacatures,Vacatures,vacatures-thuiswerk,Vacatures | Thuiswerk,Thuiswerk,Overige,https://marketplace.apps-pilot.nl/l/vacatures/vacatures-thuiswerk/,298,0,0,Vacatures,Thuiswerk,
2,1174,,167,vacatures,Vacatures,vacatures-toerisme-reizen-en-evenementen,"Vacatures | Toerisme, Reizen en Evenementen",Toerisme en Reizen,Dienstverlening,https://marketplace.apps-pilot.nl/l/vacatures/vacatures-toerisme-reizen-en-evenementen/,13,0,0,Vacatures,"Toerisme, Reizen en Evenementen",
2,1175,,167,vacatures,Vacatures,vacatures-uiterlijke-verzorging,Vacatures | Uiterlijke verzorging,Uiterlijke verzorging,Verzorging en Uiterlijk,https://marketplace.apps-pilot.nl/l/vacatures/vacatures-uiterlijke-verzorging/,39,0,0,Vacatures,Uiterlijke verzorging,
2,1176,,167,vacatures,Vacatures,vacatures-vakantiewerk,Vacatures | Vakantiewerk,Vakantiewerk,Stages en Vrijwilligers,https://marketplace.apps-pilot.nl/l/vacatures/vacatures-vakantiewerk/,88,0,0,Vacatures,Vakantiewerk,
2,1177,,167,vacatures,Vacatures,vacatures-verkoop-en-commercie,Vacatures | Verkoop en Commercie,Verkoop en Commercie,Management en Verkoop,https://marketplace.apps-pilot.nl/l/vacatures/vacatures-verkoop-en-commercie/,259,0,0,Vacatures,Verkoop en Commercie,
2,1646,,167,vacatures,Vacatures,vacatures-zakelijke-dienstverlening,Vacatures | Zakelijke dienstverlening,Zakelijke dienstverlening,Dienstverlening,https://marketplace.apps-pilot.nl/l/vacatures/vacatures-zakelijke-dienstverlening/,41,0,0,Vacatures,Zakelijke dienstverlening,
1,856,,856,vakantie,Vakantie,vakantie,Vakantie,,,https://marketplace.apps-pilot.nl/l/vakantie/,,0,0,Vakantie,,
2,1707,,856,vakantie,Vakantie,bed-breakfasts-en-pensions,Bed & Breakfasts en Pensions,,Campings en Pensions,https://marketplace.apps-pilot.nl/l/vakantie/bed-breakfasts-en-pensions/,31,0,0,Bed & Breakfasts en Pensions,,
2,859,,856,vakantie,Vakantie,campings,Campings,,Overige,https://marketplace.apps-pilot.nl/l/vakantie/campings/,195,0,0,Campings,,
2,2066,,856,vakantie,Vakantie,vakantie-jongeren-en-studenten,Jongeren en Studenten,,Reizen | Doelgroep,https://marketplace.apps-pilot.nl/l/vakantie/vakantie-jongeren-en-studenten/,,0,0,Jongeren en Studenten,,
2,870,,856,vakantie,Vakantie,vakantiehuizen-polen,Polen,,Huizen | Europa,https://marketplace.apps-pilot.nl/l/vakantie/vakantiehuizen-polen/,,0,0,Polen,,
2,2062,,856,vakantie,Vakantie,vakantie-aanbiedingen-en-last-minute,Vakantie | Aanbiedingen en Last minute,Aanbiedingen en Last minute,Reizen | Overige,https://marketplace.apps-pilot.nl/l/vakantie/vakantie-aanbiedingen-en-last-minute/,139,0,0,Vakantie,Aanbiedingen en Last minute,
2,2601,,856,vakantie,Vakantie,vakantie-autovakanties,Vakantie | Autovakanties,Autovakanties,Reizen | Fly-drive en Auto,https://marketplace.apps-pilot.nl/l/vakantie/vakantie-autovakanties/,14,0,0,Vakantie,Autovakanties,
2,2063,,856,vakantie,Vakantie,vakantie-creatief,Vakantie | Creatief,Creatief,Reizen | Themareizen,https://marketplace.apps-pilot.nl/l/vakantie/vakantie-creatief/,6,0,0,Vakantie,Creatief,
2,2064,,856,vakantie,Vakantie,vakantie-fly-drive,Vakantie | Fly-drive,Fly-drive,Reizen | Fly-drive en Auto,https://marketplace.apps-pilot.nl/l/vakantie/vakantie-fly-drive/,2,0,0,Vakantie,Fly-drive,
2,2065,,856,vakantie,Vakantie,vakantie-groepen-en-rondreizen,Vakantie | Groepen en Rondreizen,Groepen en Rondreizen,Reizen | Doelgroep,https://marketplace.apps-pilot.nl/l/vakantie/vakantie-groepen-en-rondreizen/,7,0,0,Vakantie,Groepen en Rondreizen,
2,2067,,856,vakantie,Vakantie,vakantie-kinderen-en-jeugd,Vakantie | Kinderen en Jeugd,Kinderen en Jeugd,Reizen | Doelgroep,https://marketplace.apps-pilot.nl/l/vakantie/vakantie-kinderen-en-jeugd/,7,0,0,Vakantie,Kinderen en Jeugd,
2,2068,,856,vakantie,Vakantie,vakantie-kunst-en-cultuur,Vakantie | Kunst en Cultuur,Kunst en Cultuur,Reizen | Themareizen,https://marketplace.apps-pilot.nl/l/vakantie/vakantie-kunst-en-cultuur/,2,0,0,Vakantie,Kunst en Cultuur,
2,2069,,856,vakantie,Vakantie,vakantie-senioren,Vakantie | Senioren,Senioren,Reizen | Doelgroep,https://marketplace.apps-pilot.nl/l/vakantie/vakantie-senioren/,10,0,0,Vakantie,Senioren,
2,2070,,856,vakantie,Vakantie,vakantie-singles-en-alleenstaanden,Vakantie | Singles en Alleenstaanden,Singles en Alleenstaanden,Reizen | Doelgroep,https://marketplace.apps-pilot.nl/l/vakantie/vakantie-singles-en-alleenstaanden/,2,0,0,Vakantie,Singles en Alleenstaanden,
2,2071,,856,vakantie,Vakantie,vakantie-sportief-en-actief,Vakantie | Sportief en Actief,Sportief en Actief,Reizen | Themareizen,https://marketplace.apps-pilot.nl/l/vakantie/vakantie-sportief-en-actief/,13,0,0,Vakantie,Sportief en Actief,
2,2072,,856,vakantie,Vakantie,vakantie-stedentrips,Vakantie | Stedentrips,Stedentrips,Reizen | Themareizen,https://marketplace.apps-pilot.nl/l/vakantie/vakantie-stedentrips/,4,0,0,Vakantie,Stedentrips,
2,2073,,856,vakantie,Vakantie,vakantie-wintersport,Vakantie | Wintersport,Wintersport,Reizen | Themareizen,https://marketplace.apps-pilot.nl/l/vakantie/vakantie-wintersport/,31,0,0,Vakantie,Wintersport,
2,2074,,856,vakantie,Vakantie,vakantie-zon-en-strand,Vakantie | Zon en Strand,Zon en Strand,Reizen | Themareizen,https://marketplace.apps-pilot.nl/l/vakantie/vakantie-zon-en-strand/,33,0,0,Vakantie,Zon en Strand,
2,2094,,856,vakantie,Vakantie,vakantiehuizen-amerika,Vakantiehuizen | Amerika,Amerika,Huizen | Buiten Europa,https://marketplace.apps-pilot.nl/l/vakantie/vakantiehuizen-amerika/,9,0,0,Vakantiehuizen,Amerika,
2,862,,856,vakantie,Vakantie,vakantiehuizen-belgie,Vakantiehuizen | België,België,Huizen | Benelux,https://marketplace.apps-pilot.nl/l/vakantie/vakantiehuizen-belgie/,103,3,3,Vakantiehuizen,België,
2,1278,,856,vakantie,Vakantie,vakantiehuizen-denemarken,Vakantiehuizen | Denemarken,Denemarken,Huizen | Europa,https://marketplace.apps-pilot.nl/l/vakantie/vakantiehuizen-denemarken/,6,0,0,Vakantiehuizen,Denemarken,
2,863,,856,vakantie,Vakantie,vakantiehuizen-duitsland,Vakantiehuizen | Duitsland,Duitsland,Huizen | Europa,https://marketplace.apps-pilot.nl/l/vakantie/vakantiehuizen-duitsland/,131,2,2,Vakantiehuizen,Duitsland,
2,1291,,856,vakantie,Vakantie,vakantiehuizen-frankrijk,Vakantiehuizen | Frankrijk,Frankrijk,Huizen | Europa,https://marketplace.apps-pilot.nl/l/vakantie/vakantiehuizen-frankrijk/,299,8,8,Vakantiehuizen,Frankrijk,
2,865,,856,vakantie,Vakantie,vakantiehuizen-griekenland,Vakantiehuizen | Griekenland,Griekenland,Huizen | Europa,https://marketplace.apps-pilot.nl/l/vakantie/vakantiehuizen-griekenland/,18,0,0,Vakantiehuizen,Griekenland,
2,866,,856,vakantie,Vakantie,vakantiehuizen-groot-brittannie,Vakantiehuizen | Groot-Brittannië,Groot-Brittannië,Huizen | Europa,https://marketplace.apps-pilot.nl/l/vakantie/vakantiehuizen-groot-brittannie/,3,0,0,Vakantiehuizen,Groot-Brittannië,
2,867,,856,vakantie,Vakantie,vakantiehuizen-hongarije,Vakantiehuizen | Hongarije,Hongarije,Huizen | Europa,https://marketplace.apps-pilot.nl/l/vakantie/vakantiehuizen-hongarije/,13,0,0,Vakantiehuizen,Hongarije,
2,1302,,856,vakantie,Vakantie,vakantiehuizen-ierland,Vakantiehuizen | Ierland,Ierland,Huizen | Europa,https://marketplace.apps-pilot.nl/l/vakantie/vakantiehuizen-ierland/,1,0,0,Vakantiehuizen,Ierland,
2,1310,,856,vakantie,Vakantie,vakantiehuizen-italie,Vakantiehuizen | Italië,Italië,Huizen | Europa,https://marketplace.apps-pilot.nl/l/vakantie/vakantiehuizen-italie/,159,3,3,Vakantiehuizen,Italië,
2,1311,,856,vakantie,Vakantie,vakantiehuizen-kroatie,Vakantiehuizen | Kroatië,Kroatië,Huizen | Europa,https://marketplace.apps-pilot.nl/l/vakantie/vakantiehuizen-kroatie/,13,0,0,Vakantiehuizen,Kroatië,
2,2930,,856,vakantie,Vakantie,vakantiehuizen-luxemburg,Vakantiehuizen | Luxemburg,Luxemburg,Huizen | Benelux,https://marketplace.apps-pilot.nl/l/vakantie/vakantiehuizen-luxemburg/,2,0,0,Vakantiehuizen,Luxemburg,
2,892,,856,vakantie,Vakantie,vakantiehuizen-nederland,Vakantiehuizen | Nederland,Nederland,Huizen | Benelux,https://marketplace.apps-pilot.nl/l/vakantie/vakantiehuizen-nederland/,1154,13,13,Vakantiehuizen,Nederland,
2,1709,,856,vakantie,Vakantie,vakantiehuizen-nederlandse-antillen,Vakantiehuizen | Nederlandse Antillen,Nederlandse Antillen,Huizen | Buiten Europa,https://marketplace.apps-pilot.nl/l/vakantie/vakantiehuizen-nederlandse-antillen/,63,2,2,Vakantiehuizen,Nederlandse Antillen,
2,1313,,856,vakantie,Vakantie,vakantiehuizen-noorwegen,Vakantiehuizen | Noorwegen,Noorwegen,Huizen | Europa,https://marketplace.apps-pilot.nl/l/vakantie/vakantiehuizen-noorwegen/,9,0,0,Vakantiehuizen,Noorwegen,
2,869,,856,vakantie,Vakantie,vakantiehuizen-oostenrijk,Vakantiehuizen | Oostenrijk,Oostenrijk,Huizen | Europa,https://marketplace.apps-pilot.nl/l/vakantie/vakantiehuizen-oostenrijk/,139,4,4,Vakantiehuizen,Oostenrijk,
2,889,,856,vakantie,Vakantie,vakantiehuizen-overige-landen,Vakantiehuizen | Overige landen,Overige landen,Huizen | Overige,https://marketplace.apps-pilot.nl/l/vakantie/vakantiehuizen-overige-landen/,36,0,0,Vakantiehuizen,Overige landen,
2,871,,856,vakantie,Vakantie,vakantiehuizen-portugal,Vakantiehuizen | Portugal,Portugal,Huizen | Europa,https://marketplace.apps-pilot.nl/l/vakantie/vakantiehuizen-portugal/,71,1,1,Vakantiehuizen,Portugal,
2,1316,,856,vakantie,Vakantie,vakantiehuizen-slowakije,Vakantiehuizen | Slowakije,Slowakije,Huizen | Europa,https://marketplace.apps-pilot.nl/l/vakantie/vakantiehuizen-slowakije/,1,0,0,Vakantiehuizen,Slowakije,
2,872,,856,vakantie,Vakantie,vakantiehuizen-spanje,Vakantiehuizen | Spanje,Spanje,Huizen | Europa,https://marketplace.apps-pilot.nl/l/vakantie/vakantiehuizen-spanje/,522,6,6,Vakantiehuizen,Spanje,
2,1324,,856,vakantie,Vakantie,vakantiehuizen-tsjechie,Vakantiehuizen | Tsjechië,Tsjechië,Huizen | Europa,https://marketplace.apps-pilot.nl/l/vakantie/vakantiehuizen-tsjechie/,16,0,0,Vakantiehuizen,Tsjechië,
2,873,,856,vakantie,Vakantie,vakantiehuizen-turkije,Vakantiehuizen | Turkije,Turkije,Huizen | Europa,https://marketplace.apps-pilot.nl/l/vakantie/vakantiehuizen-turkije/,6,0,0,Vakantiehuizen,Turkije,
2,1327,,856,vakantie,Vakantie,vakantiehuizen-zweden,Vakantiehuizen | Zweden,Zweden,Huizen | Europa,https://marketplace.apps-pilot.nl/l/vakantie/vakantiehuizen-zweden/,34,0,0,Vakantiehuizen,Zweden,
2,874,,856,vakantie,Vakantie,vakantiehuizen-zwitserland,Vakantiehuizen | Zwitserland,Zwitserland,Huizen | Europa,https://marketplace.apps-pilot.nl/l/vakantie/vakantiehuizen-zwitserland/,46,0,0,Vakantiehuizen,Zwitserland,
2,2812,,856,vakantie,Vakantie,woningruil,Woningruil,,Woningruil,https://marketplace.apps-pilot.nl/l/vakantie/woningruil/,4,0,0,Woningruil,,
1,895,,895,verzamelen,Verzamelen,verzamelen,Verzamelen,,,https://marketplace.apps-pilot.nl/l/verzamelen/,,0,0,Verzamelen,,
2,2931,,895,verzamelen,Verzamelen,ansichtkaarten-belgie,Ansichtkaarten | België,Ansichten | België,"Ansichten, Prenten en Kaarten",https://marketplace.apps-pilot.nl/l/verzamelen/ansichtkaarten-belgie/,1142,0,0,Ansichtkaarten,België,
2,1817,,895,verzamelen,Verzamelen,ansichtkaarten-buitenland,Ansichtkaarten | Buitenland,Ansichten | Buitenland,"Ansichten, Prenten en Kaarten",https://marketplace.apps-pilot.nl/l/verzamelen/ansichtkaarten-buitenland/,22801,0,0,Ansichtkaarten,Buitenland,
2,2635,,895,verzamelen,Verzamelen,ansichtkaarten-dieren,Ansichtkaarten | Dieren,Ansichten | Dieren,"Ansichten, Prenten en Kaarten",https://marketplace.apps-pilot.nl/l/verzamelen/ansichtkaarten-dieren/,1997,7,7,Ansichtkaarten,Dieren,
2,897,,895,verzamelen,Verzamelen,ansichtkaarten-nederland,Ansichtkaarten | Nederland,Ansichten | Nederland,"Ansichten, Prenten en Kaarten",https://marketplace.apps-pilot.nl/l/verzamelen/ansichtkaarten-nederland/,233614,13,13,Ansichtkaarten,Nederland,
2,1818,,895,verzamelen,Verzamelen,ansichtkaarten-themakaarten,Ansichtkaarten | Themakaarten,Ansichten | Thema,"Ansichten, Prenten en Kaarten",https://marketplace.apps-pilot.nl/l/verzamelen/ansichtkaarten-themakaarten/,29562,0,0,Ansichtkaarten,Themakaarten,
2,1624,,895,verzamelen,Verzamelen,automaten-flipperkasten,Automaten | Flipperkasten,Flipperkasten,Automaten,https://marketplace.apps-pilot.nl/l/verzamelen/automaten-flipperkasten/,793,7,7,Automaten,Flipperkasten,
2,1625,,895,verzamelen,Verzamelen,automaten-gokkasten-en-fruitautomaten,Automaten | Gokkasten en Fruitautomaten,Gokkasten en Fruitautomaten,Automaten,https://marketplace.apps-pilot.nl/l/verzamelen/automaten-gokkasten-en-fruitautomaten/,955,0,0,Automaten,Gokkasten en Fruitautomaten,
2,1626,,895,verzamelen,Verzamelen,automaten-jukeboxen,Automaten | Jukeboxen,Jukeboxen,Automaten,https://marketplace.apps-pilot.nl/l/verzamelen/automaten-jukeboxen/,3235,5,5,Automaten,Jukeboxen,
2,1268,,895,verzamelen,Verzamelen,automaten-overige,Automaten | Overige,Overige,Automaten,https://marketplace.apps-pilot.nl/l/verzamelen/automaten-overige/,1813,0,0,Automaten,Overige,
2,909,,895,verzamelen,Verzamelen,automerken-motoren-en-formule-1,"Automerken, Motoren en Formule 1",Automerken en Motoren,Vervoer en Transport,https://marketplace.apps-pilot.nl/l/verzamelen/automerken-motoren-en-formule-1/,15731,0,0,"Automerken, Motoren en Formule 1",,
2,898,,895,verzamelen,Verzamelen,beelden-en-beeldjes,Beelden en Beeldjes,,"Poppen, Beren en Figuurtjes",https://marketplace.apps-pilot.nl/l/verzamelen/beelden-en-beeldjes/,23150,0,0,Beelden en Beeldjes,,
2,900,,895,verzamelen,Verzamelen,beren-en-cherished-teddies,Beren en Cherished Teddies,Beren,"Poppen, Beren en Figuurtjes",https://marketplace.apps-pilot.nl/l/verzamelen/beren-en-cherished-teddies/,4881,5,5,Beren en Cherished Teddies,,
2,2813,,895,verzamelen,Verzamelen,bidprentjes-en-rouwkaarten,Bidprentjes en Rouwkaarten,,"Ansichten, Prenten en Kaarten",https://marketplace.apps-pilot.nl/l/verzamelen/bidprentjes-en-rouwkaarten/,4612,0,0,Bidprentjes en Rouwkaarten,,
2,1269,,895,verzamelen,Verzamelen,biermerken,Biermerken,,"Dranken, Glas en Servies",https://marketplace.apps-pilot.nl/l/verzamelen/biermerken/,16673,18,18,Biermerken,,
2,899,,895,verzamelen,Verzamelen,blikken,Blikken,,Overige,https://marketplace.apps-pilot.nl/l/verzamelen/blikken/,13633,7,7,Blikken,,
2,1820,,895,verzamelen,Verzamelen,boekenleggers,Boekenleggers,,Overige,https://marketplace.apps-pilot.nl/l/verzamelen/boekenleggers/,1092,0,0,Boekenleggers,,
2,1393,,895,verzamelen,Verzamelen,complete-verzamelingen-en-collecties,Complete verzamelingen en Collecties,,Overige,https://marketplace.apps-pilot.nl/l/verzamelen/complete-verzamelingen-en-collecties/,1525,0,0,Complete verzamelingen en Collecties,,
2,901,,895,verzamelen,Verzamelen,diddl,Diddl,,"Film, Tv en Vermaak",https://marketplace.apps-pilot.nl/l/verzamelen/diddl/,2217,0,0,Diddl,,
2,902,,895,verzamelen,Verzamelen,dierenverzamelingen,Dierenverzamelingen,,"Dier, Steen en Fossiel",https://marketplace.apps-pilot.nl/l/verzamelen/dierenverzamelingen/,11199,9,9,Dierenverzamelingen,,
2,1270,,895,verzamelen,Verzamelen,disney,Disney,,"Film, Tv en Vermaak",https://marketplace.apps-pilot.nl/l/verzamelen/disney/,17561,0,0,Disney,,
2,2814,,895,verzamelen,Verzamelen,efteling,Efteling,,"Film, Tv en Vermaak",https://marketplace.apps-pilot.nl/l/verzamelen/efteling/,7388,0,0,Efteling,,
2,904,,895,verzamelen,Verzamelen,elektronische-apparatuur,Elektronische Apparatuur,,Apparatuur,https://marketplace.apps-pilot.nl/l/verzamelen/elektronische-apparatuur/,1273,0,0,Elektronische Apparatuur,,
2,1392,,895,verzamelen,Verzamelen,film-en-tv,Film en Tv,,"Film, Tv en Vermaak",https://marketplace.apps-pilot.nl/l/verzamelen/film-en-tv/,10834,0,0,Film en Tv,,
2,908,,895,verzamelen,Verzamelen,flippo-s,Flippo's,,"Film, Tv en Vermaak",https://marketplace.apps-pilot.nl/l/verzamelen/flippo-s/,1469,0,0,Flippo's,,
2,910,,895,verzamelen,Verzamelen,foto-s-en-prenten,Foto's en Prenten,,"Ansichten, Prenten en Kaarten",https://marketplace.apps-pilot.nl/l/verzamelen/foto-s-en-prenten/,13112,0,0,Foto's en Prenten,,
2,906,,895,verzamelen,Verzamelen,fotografica-en-filmapparatuur,Fotografica en Filmapparatuur,Fotografica en Film,Apparatuur,https://marketplace.apps-pilot.nl/l/verzamelen/fotografica-en-filmapparatuur/,2142,0,0,Fotografica en Filmapparatuur,,
2,911,,895,verzamelen,Verzamelen,geboortekaartjes-en-visitekaartjes,Geboortekaartjes en Visitekaartjes,,"Ansichten, Prenten en Kaarten",https://marketplace.apps-pilot.nl/l/verzamelen/geboortekaartjes-en-visitekaartjes/,1638,0,0,Geboortekaartjes en Visitekaartjes,,
2,912,,895,verzamelen,Verzamelen,glas-en-borrelglaasjes,Glas en Borrelglaasjes,,"Dranken, Glas en Servies",https://marketplace.apps-pilot.nl/l/verzamelen/glas-en-borrelglaasjes/,11936,0,0,Glas en Borrelglaasjes,,
2,913,,895,verzamelen,Verzamelen,harry-potter,Harry Potter,,"Film, Tv en Vermaak",https://marketplace.apps-pilot.nl/l/verzamelen/harry-potter/,3170,0,0,Harry Potter,,
2,915,,895,verzamelen,Verzamelen,klm-huisjes,KLM Huisjes,,Overige,https://marketplace.apps-pilot.nl/l/verzamelen/klm-huisjes/,1073,0,0,KLM Huisjes,,
2,914,,895,verzamelen,Verzamelen,kleding-en-patronen,Kleding en Patronen,,Kleding en Toebehoren,https://marketplace.apps-pilot.nl/l/verzamelen/kleding-en-patronen/,257,0,0,Kleding en Patronen,,
2,916,,895,verzamelen,Verzamelen,koninklijk-huis-en-royalty,Koninklijk Huis en Royalty,Koninklijk Huis,Overige,https://marketplace.apps-pilot.nl/l/verzamelen/koninklijk-huis-en-royalty/,4716,0,0,Koninklijk Huis en Royalty,,
2,917,,895,verzamelen,Verzamelen,lord-of-the-rings,Lord of the Rings,,"Film, Tv en Vermaak",https://marketplace.apps-pilot.nl/l/verzamelen/lord-of-the-rings/,998,0,0,Lord of the Rings,,
2,918,,895,verzamelen,Verzamelen,luchtvaart-en-vliegtuigspotten,Luchtvaart en Vliegtuigspotten,Luchtvaart,Vervoer en Transport,https://marketplace.apps-pilot.nl/l/verzamelen/luchtvaart-en-vliegtuigspotten/,7936,0,0,Luchtvaart en Vliegtuigspotten,,
2,935,,895,verzamelen,Verzamelen,merken-en-reclamevoorwerpen,Merken en Reclamevoorwerpen,Merken en Reclame,Overige,https://marketplace.apps-pilot.nl/l/verzamelen/merken-en-reclamevoorwerpen/,24158,0,0,Merken en Reclamevoorwerpen,,
2,920,,895,verzamelen,Verzamelen,militaria-algemeen,Militaria | Algemeen,,Overige,https://marketplace.apps-pilot.nl/l/verzamelen/militaria-algemeen/,24172,0,0,Militaria,Algemeen,
2,2815,,895,verzamelen,Verzamelen,militaria-tweede-wereldoorlog,Militaria | Tweede Wereldoorlog,,Overige,https://marketplace.apps-pilot.nl/l/verzamelen/militaria-tweede-wereldoorlog/,14357,0,0,Militaria,Tweede Wereldoorlog,
2,1387,,895,verzamelen,Verzamelen,mineralen-en-fossielen,Mineralen en Fossielen,,"Dier, Steen en Fossiel",https://marketplace.apps-pilot.nl/l/verzamelen/mineralen-en-fossielen/,23694,0,0,Mineralen en Fossielen,,
2,926,,895,verzamelen,Verzamelen,muziek-artiesten-en-beroemdheden,"Muziek, Artiesten en Beroemdheden",Muziek en Artiesten,"Film, Tv en Vermaak",https://marketplace.apps-pilot.nl/l/verzamelen/muziek-artiesten-en-beroemdheden/,20326,0,0,"Muziek, Artiesten en Beroemdheden",,
2,927,,895,verzamelen,Verzamelen,overige-verzamelen,Overige Verzamelen,,Overige,https://marketplace.apps-pilot.nl/l/verzamelen/overige-verzamelen/,29159,0,0,Overige Verzamelen,,
2,928,,895,verzamelen,Verzamelen,parfumverzamelingen,Parfumverzamelingen,,"Dranken, Glas en Servies",https://marketplace.apps-pilot.nl/l/verzamelen/parfumverzamelingen/,8057,0,0,Parfumverzamelingen,,
2,929,,895,verzamelen,Verzamelen,pennenverzamelingen,Pennenverzamelingen,,Overige,https://marketplace.apps-pilot.nl/l/verzamelen/pennenverzamelingen/,3148,6,6,Pennenverzamelingen,,
2,2902,,895,verzamelen,Verzamelen,poesieplaatjes,Poesieplaatjes,,Overige,https://marketplace.apps-pilot.nl/l/verzamelen/poesieplaatjes/,290,0,0,Poesieplaatjes,,
2,931,,895,verzamelen,Verzamelen,poppen,Poppen,,"Poppen, Beren en Figuurtjes",https://marketplace.apps-pilot.nl/l/verzamelen/poppen/,17535,0,0,Poppen,,
2,1627,,895,verzamelen,Verzamelen,poppenhuizen-en-toebehoren,Poppenhuizen en Toebehoren,Poppenhuizen,"Poppen, Beren en Figuurtjes",https://marketplace.apps-pilot.nl/l/verzamelen/poppenhuizen-en-toebehoren/,7161,0,0,Poppenhuizen en Toebehoren,,
2,933,,895,verzamelen,Verzamelen,poppetjes-en-figuurtjes,Poppetjes en Figuurtjes,,"Poppen, Beren en Figuurtjes",https://marketplace.apps-pilot.nl/l/verzamelen/poppetjes-en-figuurtjes/,53800,0,0,Poppetjes en Figuurtjes,,
2,934,,895,verzamelen,Verzamelen,porselein-kristal-en-bestek,"Porselein, Kristal en Bestek","Porselein, Kristal, Bestek","Dranken, Glas en Servies",https://marketplace.apps-pilot.nl/l/verzamelen/porselein-kristal-en-bestek/,5200,0,0,"Porselein, Kristal en Bestek",,
2,1446,,895,verzamelen,Verzamelen,posters,Posters,,"Film, Tv en Vermaak",https://marketplace.apps-pilot.nl/l/verzamelen/posters/,13293,0,0,Posters,,
2,1821,,895,verzamelen,Verzamelen,religie,Religie,,Overige,https://marketplace.apps-pilot.nl/l/verzamelen/religie/,3894,7,7,Religie,,
2,1390,,895,verzamelen,Verzamelen,retro,Retro,,Overige,https://marketplace.apps-pilot.nl/l/verzamelen/retro/,16011,0,0,Retro,,
2,896,,895,verzamelen,Verzamelen,rookartikelen-aanstekers-en-luciferdoosjes,"Rookartikelen, Aanstekers en Luciferdoosjes",Rookartikelen en Luciferdoosjes,Overige,https://marketplace.apps-pilot.nl/l/verzamelen/rookartikelen-aanstekers-en-luciferdoosjes/,16960,0,0,"Rookartikelen, Aanstekers en Luciferdoosjes",,
2,1686,,895,verzamelen,Verzamelen,scheepvaart,Scheepvaart,,Vervoer en Transport,https://marketplace.apps-pilot.nl/l/verzamelen/scheepvaart/,6476,0,0,Scheepvaart,,
2,1822,,895,verzamelen,Verzamelen,scouting,Scouting,,Sport en Scouting,https://marketplace.apps-pilot.nl/l/verzamelen/scouting/,714,0,0,Scouting,,
2,941,,895,verzamelen,Verzamelen,sleutelhangers,Sleutelhangers,,Overige,https://marketplace.apps-pilot.nl/l/verzamelen/sleutelhangers/,11108,0,0,Sleutelhangers,,
2,2816,,895,verzamelen,Verzamelen,smurfen,Smurfen,,"Poppen, Beren en Figuurtjes",https://marketplace.apps-pilot.nl/l/verzamelen/smurfen/,2329,8,8,Smurfen,,
2,2817,,895,verzamelen,Verzamelen,spaarpotten,Spaarpotten,,Overige,https://marketplace.apps-pilot.nl/l/verzamelen/spaarpotten/,3746,0,0,Spaarpotten,,
2,942,,895,verzamelen,Verzamelen,speelgoed,Speelgoed,,"Film, Tv en Vermaak",https://marketplace.apps-pilot.nl/l/verzamelen/speelgoed/,16211,0,0,Speelgoed,,
2,2818,,895,verzamelen,Verzamelen,speelkaarten-jokers-en-kwartetten,"Speelkaarten, Jokers en Kwartetten",,"Ansichten, Prenten en Kaarten",https://marketplace.apps-pilot.nl/l/verzamelen/speelkaarten-jokers-en-kwartetten/,4092,0,0,"Speelkaarten, Jokers en Kwartetten",,
2,943,,895,verzamelen,Verzamelen,speldjes-pins-en-buttons,"Speldjes, Pins en Buttons",,Kleding en Toebehoren,https://marketplace.apps-pilot.nl/l/verzamelen/speldjes-pins-en-buttons/,42361,0,0,"Speldjes, Pins en Buttons",,
2,944,,895,verzamelen,Verzamelen,spoorwegen-en-tramwegen,Spoorwegen en Tramwegen,Spoorwegen,Vervoer en Transport,https://marketplace.apps-pilot.nl/l/verzamelen/spoorwegen-en-tramwegen/,4509,0,0,Spoorwegen en Tramwegen,,
2,945,,895,verzamelen,Verzamelen,sportartikelen-en-voetbal,Sportartikelen en Voetbal,,Sport en Scouting,https://marketplace.apps-pilot.nl/l/verzamelen/sportartikelen-en-voetbal/,39325,14,14,Sportartikelen en Voetbal,,
2,2819,,895,verzamelen,Verzamelen,star-wars,Star Wars,,"Film, Tv en Vermaak",https://marketplace.apps-pilot.nl/l/verzamelen/star-wars/,8305,0,0,Star Wars,,
2,1823,,895,verzamelen,Verzamelen,stickers,Stickers,,"Film, Tv en Vermaak",https://marketplace.apps-pilot.nl/l/verzamelen/stickers/,47286,0,0,Stickers,,
2,1447,,895,verzamelen,Verzamelen,stripfiguren,Stripfiguren,,"Film, Tv en Vermaak",https://marketplace.apps-pilot.nl/l/verzamelen/stripfiguren/,6343,11,11,Stripfiguren,,
2,1824,,895,verzamelen,Verzamelen,suikerzakjes,Suikerzakjes,,Overige,https://marketplace.apps-pilot.nl/l/verzamelen/suikerzakjes/,4467,0,0,Suikerzakjes,,
2,2820,,895,verzamelen,Verzamelen,supermarktacties,Supermarktacties,,Overige,https://marketplace.apps-pilot.nl/l/verzamelen/supermarktacties/,3620,0,0,Supermarktacties,,
2,1388,,895,verzamelen,Verzamelen,swarovski,Swarovski,,"Dranken, Glas en Servies",https://marketplace.apps-pilot.nl/l/verzamelen/swarovski/,3421,0,0,Swarovski,,
2,946,,895,verzamelen,Verzamelen,telefoonkaarten,Telefoonkaarten,,"Ansichten, Prenten en Kaarten",https://marketplace.apps-pilot.nl/l/verzamelen/telefoonkaarten/,3665,0,0,Telefoonkaarten,,
2,947,,895,verzamelen,Verzamelen,tijdschriften-kranten-en-knipsels,"Tijdschriften, Kranten en Knipsels",Tijdschriften en Kranten,Overige,https://marketplace.apps-pilot.nl/l/verzamelen/tijdschriften-kranten-en-knipsels/,5447,0,0,"Tijdschriften, Kranten en Knipsels",,
2,2821,,895,verzamelen,Verzamelen,transformers,Transformers,,"Film, Tv en Vermaak",https://marketplace.apps-pilot.nl/l/verzamelen/transformers/,1870,0,0,Transformers,,
2,2141,,895,verzamelen,Verzamelen,verrassingseieren,Verrassingseieren,,Overige,https://marketplace.apps-pilot.nl/l/verzamelen/verrassingseieren/,933,0,0,Verrassingseieren,,
2,1825,,895,verzamelen,Verzamelen,vingerhoedjes,Vingerhoedjes,,Kleding en Toebehoren,https://marketplace.apps-pilot.nl/l/verzamelen/vingerhoedjes/,1091,0,0,Vingerhoedjes,,
2,907,,895,verzamelen,Verzamelen,wijnen,Wijnen,,"Dranken, Glas en Servies",https://marketplace.apps-pilot.nl/l/verzamelen/wijnen/,11343,13,13,Wijnen,,
2,2903,,895,verzamelen,Verzamelen,winkelwagenmuntjes,Winkelwagenmuntjes,,Overige,https://marketplace.apps-pilot.nl/l/verzamelen/winkelwagenmuntjes/,1121,0,0,Winkelwagenmuntjes,,
1,976,,976,watersport-en-boten,Watersport en Boten,watersport-en-boten,Watersport en Boten,,,https://marketplace.apps-pilot.nl/l/watersport-en-boten/,,0,0,Watersport en Boten,,
2,977,,976,watersport-en-boten,Watersport en Boten,accessoires-en-onderhoud,Accessoires en Onderhoud,,Accessoires en Toebehoren,https://marketplace.apps-pilot.nl/l/watersport-en-boten/accessoires-en-onderhoud/,23672,0,0,Accessoires en Onderhoud,,
2,1960,,976,watersport-en-boten,Watersport en Boten,beroepsscheepvaart,Beroepsscheepvaart,,Overige,https://marketplace.apps-pilot.nl/l/watersport-en-boten/beroepsscheepvaart/,140,0,0,Beroepsscheepvaart,,
2,978,,976,watersport-en-boten,Watersport en Boten,bootonderdelen,Bootonderdelen,,Accessoires en Toebehoren,https://marketplace.apps-pilot.nl/l/watersport-en-boten/bootonderdelen/,19173,0,0,Bootonderdelen,,
2,979,,976,watersport-en-boten,Watersport en Boten,boottrailers,Boottrailers,,Accessoires en Toebehoren,https://marketplace.apps-pilot.nl/l/watersport-en-boten/boottrailers/,426,4,4,Boottrailers,,
2,980,,976,watersport-en-boten,Watersport en Boten,buiten-en-binnenboordmotoren,Buiten- en Binnenboordmotoren,,Accessoires en Toebehoren,https://marketplace.apps-pilot.nl/l/watersport-en-boten/buiten-en-binnenboordmotoren/,2310,0,0,Buiten- en Binnenboordmotoren,,
2,981,,976,watersport-en-boten,Watersport en Boten,catamarans,Catamarans,,Zeilboten en Toebehoren,https://marketplace.apps-pilot.nl/l/watersport-en-boten/catamarans/,51,1,1,Catamarans,,
2,982,,976,watersport-en-boten,Watersport en Boten,duiken,Duiken,,Watersport,https://marketplace.apps-pilot.nl/l/watersport-en-boten/duiken/,6042,10,10,Duiken,,
2,1961,,976,watersport-en-boten,Watersport en Boten,golfsurfen,Golfsurfen,,Watersport,https://marketplace.apps-pilot.nl/l/watersport-en-boten/golfsurfen/,1427,5,5,Golfsurfen,,
2,2826,,976,watersport-en-boten,Watersport en Boten,hengelsport-algemeen,Hengelsport | Algemeen,Algemeen,Hengelsport,https://marketplace.apps-pilot.nl/l/watersport-en-boten/hengelsport-algemeen/,12945,0,0,Hengelsport,Algemeen,
2,983,,976,watersport-en-boten,Watersport en Boten,hengelsport-karpervissen,Hengelsport | Karpervissen,Karpervissen,Hengelsport,https://marketplace.apps-pilot.nl/l/watersport-en-boten/hengelsport-karpervissen/,7122,9,9,Hengelsport,Karpervissen,
2,2823,,976,watersport-en-boten,Watersport en Boten,hengelsport-roofvissen,Hengelsport | Roofvissen,Roofvissen,Hengelsport,https://marketplace.apps-pilot.nl/l/watersport-en-boten/hengelsport-roofvissen/,5394,0,0,Hengelsport,Roofvissen,
2,2825,,976,watersport-en-boten,Watersport en Boten,hengelsport-vliegvissen,Hengelsport | Vliegvissen,Vliegvissen,Hengelsport,https://marketplace.apps-pilot.nl/l/watersport-en-boten/hengelsport-vliegvissen/,744,0,0,Hengelsport,Vliegvissen,
2,2822,,976,watersport-en-boten,Watersport en Boten,hengelsport-witvissen,Hengelsport | Witvissen,Witvissen,Hengelsport,https://marketplace.apps-pilot.nl/l/watersport-en-boten/hengelsport-witvissen/,2523,0,0,Hengelsport,Witvissen,
2,2824,,976,watersport-en-boten,Watersport en Boten,hengelsport-zeevissen,Hengelsport | Zeevissen,Zeevissen,Hengelsport,https://marketplace.apps-pilot.nl/l/watersport-en-boten/hengelsport-zeevissen/,1893,0,0,Hengelsport,Zeevissen,
2,984,,976,watersport-en-boten,Watersport en Boten,jetski-s-en-waterscooters,Jetski's en Waterscooters,,Overige,https://marketplace.apps-pilot.nl/l/watersport-en-boten/jetski-s-en-waterscooters/,428,0,0,Jetski's en Waterscooters,,
2,3164,,976,watersport-en-boten,Watersport en Boten,kajaks,Kajaks,,Roeiboten,https://marketplace.apps-pilot.nl/l/watersport-en-boten/kajaks/,1228,1,1,Kajaks,,
2,985,,976,watersport-en-boten,Watersport en Boten,kajuitzeilboten-en-zeiljachten,Kajuitzeilboten en Zeiljachten,,Zeilboten en Toebehoren,https://marketplace.apps-pilot.nl/l/watersport-en-boten/kajuitzeilboten-en-zeiljachten/,846,32,32,Kajuitzeilboten en Zeiljachten,,
2,986,,976,watersport-en-boten,Watersport en Boten,kano-s,Kano's,,Roeiboten,https://marketplace.apps-pilot.nl/l/watersport-en-boten/kano-s/,1059,5,5,Kano's,,
2,1404,,976,watersport-en-boten,Watersport en Boten,kitesurfen,Kitesurfen,,Watersport,https://marketplace.apps-pilot.nl/l/watersport-en-boten/kitesurfen/,2614,7,7,Kitesurfen,,
2,987,,976,watersport-en-boten,Watersport en Boten,ligplaatsen,Ligplaatsen,,Overige,https://marketplace.apps-pilot.nl/l/watersport-en-boten/ligplaatsen/,108,0,0,Ligplaatsen,,
2,989,,976,watersport-en-boten,Watersport en Boten,motorboten-en-motorjachten,Motorboten en Motorjachten,Motorboten en Jachten,Motorboten,https://marketplace.apps-pilot.nl/l/watersport-en-boten/motorboten-en-motorjachten/,2655,49,49,Motorboten en Motorjachten,,
2,988,,976,watersport-en-boten,Watersport en Boten,navigatiemiddelen-en-scheepselektronica,Navigatiemiddelen en Scheepselektronica,,Accessoires en Toebehoren,https://marketplace.apps-pilot.nl/l/watersport-en-boten/navigatiemiddelen-en-scheepselektronica/,6793,0,0,Navigatiemiddelen en Scheepselektronica,,
2,990,,976,watersport-en-boten,Watersport en Boten,open-zeilboten,Open zeilboten,,Zeilboten en Toebehoren,https://marketplace.apps-pilot.nl/l/watersport-en-boten/open-zeilboten/,357,18,18,Open zeilboten,,
2,991,,976,watersport-en-boten,Watersport en Boten,overige-watersport-en-boten,Overige Watersport en Boten,,Overige,https://marketplace.apps-pilot.nl/l/watersport-en-boten/overige-watersport-en-boten/,1287,0,0,Overige Watersport en Boten,,
2,3165,,976,watersport-en-boten,Watersport en Boten,peddels,Peddels,,Roeiboten,https://marketplace.apps-pilot.nl/l/watersport-en-boten/peddels/,523,0,0,Peddels,,
2,2827,,976,watersport-en-boten,Watersport en Boten,platbodems,Platbodems,,Zeilboten en Toebehoren,https://marketplace.apps-pilot.nl/l/watersport-en-boten/platbodems/,163,23,23,Platbodems,,
2,992,,976,watersport-en-boten,Watersport en Boten,roeiboten,Roeiboten,,Roeiboten,https://marketplace.apps-pilot.nl/l/watersport-en-boten/roeiboten/,76,4,4,Roeiboten,,
2,993,,976,watersport-en-boten,Watersport en Boten,rubberboten,Rubberboten,,Motorboten,https://marketplace.apps-pilot.nl/l/watersport-en-boten/rubberboten/,1342,43,43,Rubberboten,,
2,1407,,976,watersport-en-boten,Watersport en Boten,sloepen,Sloepen,,Motorboten,https://marketplace.apps-pilot.nl/l/watersport-en-boten/sloepen/,2627,52,52,Sloepen,,
2,3162,,976,watersport-en-boten,Watersport en Boten,snorkelen,Snorkelen,,Watersport,https://marketplace.apps-pilot.nl/l/watersport-en-boten/snorkelen/,1180,6,6,Snorkelen,,
2,994,,976,watersport-en-boten,Watersport en Boten,speedboten,Speedboten,,Motorboten,https://marketplace.apps-pilot.nl/l/watersport-en-boten/speedboten/,1380,15,15,Speedboten,,
2,3163,,976,watersport-en-boten,Watersport en Boten,suppen,Suppen,,Watersport,https://marketplace.apps-pilot.nl/l/watersport-en-boten/suppen/,867,3,3,Suppen,,
2,1408,,976,watersport-en-boten,Watersport en Boten,vis-en-consoleboten,Vis- en Consoleboten,,Motorboten,https://marketplace.apps-pilot.nl/l/watersport-en-boten/vis-en-consoleboten/,922,11,11,Vis- en Consoleboten,,
2,2636,,976,watersport-en-boten,Watersport en Boten,wakeboarden,Wakeboarden,,Watersport,https://marketplace.apps-pilot.nl/l/watersport-en-boten/wakeboarden/,328,0,0,Wakeboarden,,
2,3161,,976,watersport-en-boten,Watersport en Boten,waterpolo,Waterpolo,,Watersport,https://marketplace.apps-pilot.nl/l/watersport-en-boten/waterpolo/,554,0,0,Waterpolo,,
2,1455,,976,watersport-en-boten,Watersport en Boten,waterski-s,Waterski's,,Watersport,https://marketplace.apps-pilot.nl/l/watersport-en-boten/waterski-s/,281,0,0,Waterski's,,
2,997,,976,watersport-en-boten,Watersport en Boten,watersportkleding,Watersportkleding,,Accessoires en Toebehoren,https://marketplace.apps-pilot.nl/l/watersport-en-boten/watersportkleding/,6591,13,13,Watersportkleding,,
2,995,,976,watersport-en-boten,Watersport en Boten,windsurfen,Windsurfen,,Watersport,https://marketplace.apps-pilot.nl/l/watersport-en-boten/windsurfen/,3206,34,34,Windsurfen,,
2,3195,,976,watersport-en-boten,Watersport en Boten,wingsurfen,Wingsurfen,,Watersport,https://marketplace.apps-pilot.nl/l/watersport-en-boten/wingsurfen/,825,7,7,Wingsurfen,,
2,998,,976,watersport-en-boten,Watersport en Boten,zeilen-en-zeiltoebehoren,Zeilen en Zeiltoebehoren,,Zeilboten en Toebehoren,https://marketplace.apps-pilot.nl/l/watersport-en-boten/zeilen-en-zeiltoebehoren/,1961,6,6,Zeilen en Zeiltoebehoren,,
1,537,,537,witgoed-en-apparatuur,Witgoed en Apparatuur,witgoed-en-apparatuur,Witgoed en Apparatuur,,,https://marketplace.apps-pilot.nl/l/witgoed-en-apparatuur/,,0,0,Witgoed en Apparatuur,,
2,538,,537,witgoed-en-apparatuur,Witgoed en Apparatuur,afzuigkappen,Afzuigkappen,,Keuken,https://marketplace.apps-pilot.nl/l/witgoed-en-apparatuur/afzuigkappen/,9506,0,0,Afzuigkappen,,
2,561,,537,witgoed-en-apparatuur,Witgoed en Apparatuur,airco-s,Airco's,,Huishouden,https://marketplace.apps-pilot.nl/l/witgoed-en-apparatuur/airco-s/,7960,0,0,Airco's,,
2,3177,,537,witgoed-en-apparatuur,Witgoed en Apparatuur,airfryers,Airfryers,,Keuken,https://marketplace.apps-pilot.nl/l/witgoed-en-apparatuur/airfryers/,3697,3,3,Airfryers,,
2,3181,,537,witgoed-en-apparatuur,Witgoed en Apparatuur,blenders,Blenders,,Keuken,https://marketplace.apps-pilot.nl/l/witgoed-en-apparatuur/blenders/,2010,5,5,Blenders,,
2,1979,,537,witgoed-en-apparatuur,Witgoed en Apparatuur,broodbakmachines,Broodbakmachines,,Keuken,https://marketplace.apps-pilot.nl/l/witgoed-en-apparatuur/broodbakmachines/,750,0,0,Broodbakmachines,,
2,1980,,537,witgoed-en-apparatuur,Witgoed en Apparatuur,broodroosters,Broodroosters,,Keuken,https://marketplace.apps-pilot.nl/l/witgoed-en-apparatuur/broodroosters/,1163,0,0,Broodroosters,,
2,3185,,537,witgoed-en-apparatuur,Witgoed en Apparatuur,bruiswatermachines,Bruiswatermachines,,Keuken,https://marketplace.apps-pilot.nl/l/witgoed-en-apparatuur/bruiswatermachines/,352,0,0,Bruiswatermachines,,
2,3184,,537,witgoed-en-apparatuur,Witgoed en Apparatuur,contactgrills,Contactgrills,,Keuken,https://marketplace.apps-pilot.nl/l/witgoed-en-apparatuur/contactgrills/,820,0,0,Contactgrills,,
2,3179,,537,witgoed-en-apparatuur,Witgoed en Apparatuur,eierkokers,Eierkokers,,Keuken,https://marketplace.apps-pilot.nl/l/witgoed-en-apparatuur/eierkokers/,202,0,0,Eierkokers,,
2,3171,,537,witgoed-en-apparatuur,Witgoed en Apparatuur,fonduesets,Fonduesets,,Keuken,https://marketplace.apps-pilot.nl/l/witgoed-en-apparatuur/fonduesets/,1137,3,3,Fonduesets,,
2,542,,537,witgoed-en-apparatuur,Witgoed en Apparatuur,fornuizen,Fornuizen,,Keuken,https://marketplace.apps-pilot.nl/l/witgoed-en-apparatuur/fornuizen/,5914,4,4,Fornuizen,,
2,541,,537,witgoed-en-apparatuur,Witgoed en Apparatuur,frituurpannen,Frituurpannen,,Keuken,https://marketplace.apps-pilot.nl/l/witgoed-en-apparatuur/frituurpannen/,1084,0,0,Frituurpannen,,
2,1981,,537,witgoed-en-apparatuur,Witgoed en Apparatuur,gourmetstellen,Gourmetstellen,,Keuken,https://marketplace.apps-pilot.nl/l/witgoed-en-apparatuur/gourmetstellen/,1990,0,0,Gourmetstellen,,
2,3173,,537,witgoed-en-apparatuur,Witgoed en Apparatuur,grillplaten,Grillplaten,,Keuken,https://marketplace.apps-pilot.nl/l/witgoed-en-apparatuur/grillplaten/,1308,2,2,Grillplaten,,
2,3175,,537,witgoed-en-apparatuur,Witgoed en Apparatuur,ijsmachines,IJsmachines,,Keuken,https://marketplace.apps-pilot.nl/l/witgoed-en-apparatuur/ijsmachines/,955,0,0,IJsmachines,,
2,3183,,537,witgoed-en-apparatuur,Witgoed en Apparatuur,juicers,Juicers,,Keuken,https://marketplace.apps-pilot.nl/l/witgoed-en-apparatuur/juicers/,1886,3,3,Juicers,,
2,543,,537,witgoed-en-apparatuur,Witgoed en Apparatuur,keukenmixers,Keukenmixers,,Keuken,https://marketplace.apps-pilot.nl/l/witgoed-en-apparatuur/keukenmixers/,4847,0,0,Keukenmixers,,
2,544,,537,witgoed-en-apparatuur,Witgoed en Apparatuur,koelkasten-en-ijskasten,Koelkasten en IJskasten,,Keuken,https://marketplace.apps-pilot.nl/l/witgoed-en-apparatuur/koelkasten-en-ijskasten/,14546,0,0,Koelkasten en IJskasten,,
2,3182,,537,witgoed-en-apparatuur,Witgoed en Apparatuur,koffiemachine-accessoires,Koffiemachine-accessoires,,Keuken,https://marketplace.apps-pilot.nl/l/witgoed-en-apparatuur/koffiemachine-accessoires/,3406,0,0,Koffiemachine-accessoires,,
2,545,,537,witgoed-en-apparatuur,Witgoed en Apparatuur,koffiezetapparaten,Koffiezetapparaten,,Keuken,https://marketplace.apps-pilot.nl/l/witgoed-en-apparatuur/koffiezetapparaten/,18794,0,0,Koffiezetapparaten,,
2,546,,537,witgoed-en-apparatuur,Witgoed en Apparatuur,kookplaten,Kookplaten,,Keuken,https://marketplace.apps-pilot.nl/l/witgoed-en-apparatuur/kookplaten/,6176,4,4,Kookplaten,,
2,3166,,537,witgoed-en-apparatuur,Witgoed en Apparatuur,luchtbehandelingsapparatuur,Luchtbehandelingsapparatuur,,Huishouden,https://marketplace.apps-pilot.nl/l/witgoed-en-apparatuur/luchtbehandelingsapparatuur/,5069,5,5,Luchtbehandelingsapparatuur,,
2,548,,537,witgoed-en-apparatuur,Witgoed en Apparatuur,magnetrons,Magnetrons,,Keuken,https://marketplace.apps-pilot.nl/l/witgoed-en-apparatuur/magnetrons/,4877,4,4,Magnetrons,,
2,3180,,537,witgoed-en-apparatuur,Witgoed en Apparatuur,melkopschuimers,Melkopschuimers,,Keuken,https://marketplace.apps-pilot.nl/l/witgoed-en-apparatuur/melkopschuimers/,711,2,2,Melkopschuimers,,
2,1982,,537,witgoed-en-apparatuur,Witgoed en Apparatuur,onderdelen-en-toebehoren,Onderdelen en Toebehoren,,Onderdelen,https://marketplace.apps-pilot.nl/l/witgoed-en-apparatuur/onderdelen-en-toebehoren/,8602,0,0,Onderdelen en Toebehoren,,
2,552,,537,witgoed-en-apparatuur,Witgoed en Apparatuur,ovens,Ovens,,Keuken,https://marketplace.apps-pilot.nl/l/witgoed-en-apparatuur/ovens/,7127,12,12,Ovens,,
2,553,,537,witgoed-en-apparatuur,Witgoed en Apparatuur,overige-witgoed-en-apparatuur,Overige Witgoed en Apparatuur,,Overige,https://marketplace.apps-pilot.nl/l/witgoed-en-apparatuur/overige-witgoed-en-apparatuur/,3965,0,0,Overige Witgoed en Apparatuur,,
2,554,,537,witgoed-en-apparatuur,Witgoed en Apparatuur,persoonlijke-verzorgingsapparatuur,Persoonlijke-verzorgingsapparatuur,,Persoonlijke apparatuur,https://marketplace.apps-pilot.nl/l/witgoed-en-apparatuur/persoonlijke-verzorgingsapparatuur/,10129,0,0,Persoonlijke-verzorgingsapparatuur,,
2,3178,,537,witgoed-en-apparatuur,Witgoed en Apparatuur,rijstkokers,Rijstkokers,,Keuken,https://marketplace.apps-pilot.nl/l/witgoed-en-apparatuur/rijstkokers/,514,0,0,Rijstkokers,,
2,3174,,537,witgoed-en-apparatuur,Witgoed en Apparatuur,slowcookers,Slowcookers,,Keuken,https://marketplace.apps-pilot.nl/l/witgoed-en-apparatuur/slowcookers/,763,0,0,Slowcookers,,
2,556,,537,witgoed-en-apparatuur,Witgoed en Apparatuur,stofzuigers,Stofzuigers,,Huishouden,https://marketplace.apps-pilot.nl/l/witgoed-en-apparatuur/stofzuigers/,13677,10,10,Stofzuigers,,
2,3168,,537,witgoed-en-apparatuur,Witgoed en Apparatuur,stoomapparaten,Stoomapparaten,,Huishouden,https://marketplace.apps-pilot.nl/l/witgoed-en-apparatuur/stoomapparaten/,2001,2,2,Stoomapparaten,,
2,557,,537,witgoed-en-apparatuur,Witgoed en Apparatuur,strijkijzers-en-strijkplanken,Strijkijzers en Strijkplanken,,Huishouden,https://marketplace.apps-pilot.nl/l/witgoed-en-apparatuur/strijkijzers-en-strijkplanken/,3161,2,2,Strijkijzers en Strijkplanken,,
2,1457,,537,witgoed-en-apparatuur,Witgoed en Apparatuur,thuistaps,Thuistaps,,Keuken,https://marketplace.apps-pilot.nl/l/witgoed-en-apparatuur/thuistaps/,937,3,3,Thuistaps,,
2,560,,537,witgoed-en-apparatuur,Witgoed en Apparatuur,vaatwasmachines,Vaatwasmachines,,Keuken,https://marketplace.apps-pilot.nl/l/witgoed-en-apparatuur/vaatwasmachines/,6437,3,3,Vaatwasmachines,,
2,3167,,537,witgoed-en-apparatuur,Witgoed en Apparatuur,ventilatoren,Ventilatoren,,Huishouden,https://marketplace.apps-pilot.nl/l/witgoed-en-apparatuur/ventilatoren/,3415,8,8,Ventilatoren,,
2,540,,537,witgoed-en-apparatuur,Witgoed en Apparatuur,vriezers-en-diepvrieskisten,Vriezers en Diepvrieskisten,,Keuken,https://marketplace.apps-pilot.nl/l/witgoed-en-apparatuur/vriezers-en-diepvrieskisten/,2606,2,2,Vriezers en Diepvrieskisten,,
2,3172,,537,witgoed-en-apparatuur,Witgoed en Apparatuur,wafelijzers,Wafelijzers,,Keuken,https://marketplace.apps-pilot.nl/l/witgoed-en-apparatuur/wafelijzers/,753,0,0,Wafelijzers,,
2,3170,,537,witgoed-en-apparatuur,Witgoed en Apparatuur,was-droogcombinaties,Was-droogcombinaties,,Huishouden,https://marketplace.apps-pilot.nl/l/witgoed-en-apparatuur/was-droogcombinaties/,705,0,0,Was-droogcombinaties,,
2,562,,537,witgoed-en-apparatuur,Witgoed en Apparatuur,wasdrogers,Wasdrogers,,Huishouden,https://marketplace.apps-pilot.nl/l/witgoed-en-apparatuur/wasdrogers/,4511,0,0,Wasdrogers,,
2,563,,537,witgoed-en-apparatuur,Witgoed en Apparatuur,wasmachines,Wasmachines,,Huishouden,https://marketplace.apps-pilot.nl/l/witgoed-en-apparatuur/wasmachines/,10126,0,0,Wasmachines,,
2,3176,,537,witgoed-en-apparatuur,Witgoed en Apparatuur,waterkoelers,Waterkoelers,,Keuken,https://marketplace.apps-pilot.nl/l/witgoed-en-apparatuur/waterkoelers/,185,0,0,Waterkoelers,,
2,1983,,537,witgoed-en-apparatuur,Witgoed en Apparatuur,waterkokers,Waterkokers,,Keuken,https://marketplace.apps-pilot.nl/l/witgoed-en-apparatuur/waterkokers/,2814,0,0,Waterkokers,,
2,3169,,537,witgoed-en-apparatuur,Witgoed en Apparatuur,waterontharders,Waterontharders,,Huishouden,https://marketplace.apps-pilot.nl/l/witgoed-en-apparatuur/waterontharders/,430,3,3,Waterontharders,,
2,564,,537,witgoed-en-apparatuur,Witgoed en Apparatuur,weegschalen,Weegschalen,,Persoonlijke apparatuur,https://marketplace.apps-pilot.nl/l/witgoed-en-apparatuur/weegschalen/,2449,5,5,Weegschalen,,
2,1458,,537,witgoed-en-apparatuur,Witgoed en Apparatuur,wekkers,Wekkers,,Persoonlijke apparatuur,https://marketplace.apps-pilot.nl/l/witgoed-en-apparatuur/wekkers/,2310,0,0,Wekkers,,
2,1359,,537,witgoed-en-apparatuur,Witgoed en Apparatuur,zonnebanken-en-gezichtsbruiners,Zonnebanken en Gezichtsbruiners,,Persoonlijke apparatuur,https://marketplace.apps-pilot.nl/l/witgoed-en-apparatuur/zonnebanken-en-gezichtsbruiners/,1603,4,4,Zonnebanken en Gezichtsbruiners,,
1,1085,,1085,zakelijke-goederen,Zakelijke goederen,zakelijke-goederen,Zakelijke goederen,,,https://marketplace.apps-pilot.nl/l/zakelijke-goederen/,,0,0,Zakelijke goederen,,
2,1086,,1085,zakelijke-goederen,Zakelijke goederen,agrarisch-aardappelen-groenten-fruit-en-vlees,"Agrarisch | Aardappelen, Groenten, Fruit en Vlees","Aardappelen, Groenten, Fruit en Vlees",Agrarisch,https://marketplace.apps-pilot.nl/l/zakelijke-goederen/agrarisch-aardappelen-groenten-fruit-en-vlees/,175,0,0,Agrarisch,"Aardappelen, Groenten, Fruit en Vlees",
2,2097,,1085,zakelijke-goederen,Zakelijke goederen,agrarisch-agrarisch-onroerend-goed,Agrarisch | Agrarisch Onroerend goed,Agrarisch Onroerend goed,Agrarisch,https://marketplace.apps-pilot.nl/l/zakelijke-goederen/agrarisch-agrarisch-onroerend-goed/,86,0,0,Agrarisch,Agrarisch Onroerend goed,
2,1691,,1085,zakelijke-goederen,Zakelijke goederen,agrarisch-onderdelen-banden-velgen-en-assen,"Agrarisch | Onderdelen | Banden, Velgen en Assen","Banden, Velgen en Assen",Agrarisch,https://marketplace.apps-pilot.nl/l/zakelijke-goederen/agrarisch-onderdelen-banden-velgen-en-assen/,1951,0,0,Agrarisch,Onderdelen,"Banden, Velgen en Assen"
2,1092,,1085,zakelijke-goederen,Zakelijke goederen,agrarisch-tractoren,Agrarisch | Tractoren,Tractoren,Agrarisch,https://marketplace.apps-pilot.nl/l/zakelijke-goederen/agrarisch-tractoren/,2441,13,13,Agrarisch,Tractoren,
2,2605,,1085,zakelijke-goederen,Zakelijke goederen,agrarisch-veevoer,Agrarisch | Veevoer,Veevoer,Agrarisch,https://marketplace.apps-pilot.nl/l/zakelijke-goederen/agrarisch-veevoer/,389,0,0,Agrarisch,Veevoer,
2,1692,,1085,zakelijke-goederen,Zakelijke goederen,agrarisch-werktuigen,Agrarisch | Werktuigen,Werktuigen,Agrarisch,https://marketplace.apps-pilot.nl/l/zakelijke-goederen/agrarisch-werktuigen/,6592,0,0,Agrarisch,Werktuigen,
2,1087,,1085,zakelijke-goederen,Zakelijke goederen,bedrijfs-onroerend-goed,Bedrijfs Onroerend goed,,"Kantoor, Winkel en Bedrijf",https://marketplace.apps-pilot.nl/l/zakelijke-goederen/bedrijfs-onroerend-goed/,2851,6,6,Bedrijfs Onroerend goed,,
2,1094,,1085,zakelijke-goederen,Zakelijke goederen,exploitaties-en-overnames,Exploitaties en Overnames,,"Kantoor, Winkel en Bedrijf",https://marketplace.apps-pilot.nl/l/zakelijke-goederen/exploitaties-en-overnames/,354,0,0,Exploitaties en Overnames,,
2,2103,,1085,zakelijke-goederen,Zakelijke goederen,horeca-food,Horeca | Food,Food,Horeca,https://marketplace.apps-pilot.nl/l/zakelijke-goederen/horeca-food/,370,0,0,Horeca,Food,
2,1090,,1085,zakelijke-goederen,Zakelijke goederen,horeca-keukenapparatuur,Horeca | Keukenapparatuur,Keukenapparatuur,Horeca,https://marketplace.apps-pilot.nl/l/zakelijke-goederen/horeca-keukenapparatuur/,73628,0,0,Horeca,Keukenapparatuur,
2,1689,,1085,zakelijke-goederen,Zakelijke goederen,horeca-meubilair-en-inrichting,Horeca | Meubilair en Inrichting,Meubilair en Inrichting,Horeca,https://marketplace.apps-pilot.nl/l/zakelijke-goederen/horeca-meubilair-en-inrichting/,5911,0,0,Horeca,Meubilair en Inrichting,
2,1688,,1085,zakelijke-goederen,Zakelijke goederen,horeca-overige,Horeca | Overige,Overige,Horeca,https://marketplace.apps-pilot.nl/l/zakelijke-goederen/horeca-overige/,11554,0,0,Horeca,Overige,
2,1389,,1085,zakelijke-goederen,Zakelijke goederen,kantoor-en-winkelinrichting-apparatuur-en-telecommunicatie,Kantoor en Winkelinrichting | Apparatuur en Telecommunicatie,Apparatuur en Telecommunicatie,"Kantoor, Winkel en Bedrijf",https://marketplace.apps-pilot.nl/l/zakelijke-goederen/kantoor-en-winkelinrichting-apparatuur-en-telecommunicatie/,87,0,0,Kantoor en Winkelinrichting,Apparatuur en Telecommunicatie,
2,2604,,1085,zakelijke-goederen,Zakelijke goederen,kantoor-en-winkelinrichting-beveiliging,Kantoor en Winkelinrichting | Beveiliging,Beveiliging,"Kantoor, Winkel en Bedrijf",https://marketplace.apps-pilot.nl/l/zakelijke-goederen/kantoor-en-winkelinrichting-beveiliging/,215,0,0,Kantoor en Winkelinrichting,Beveiliging,
2,372,,1085,zakelijke-goederen,Zakelijke goederen,kantoor-en-winkelinrichting-computer-en-it,Kantoor en Winkelinrichting | Computer en IT,Computer en IT,"Kantoor, Winkel en Bedrijf",https://marketplace.apps-pilot.nl/l/zakelijke-goederen/kantoor-en-winkelinrichting-computer-en-it/,36,0,0,Kantoor en Winkelinrichting,Computer en IT,
2,441,,1085,zakelijke-goederen,Zakelijke goederen,kantoor-en-winkelinrichting-kantoorartikelen,Kantoor en Winkelinrichting | Kantoorartikelen,Kantoorartikelen,"Kantoor, Winkel en Bedrijf",https://marketplace.apps-pilot.nl/l/zakelijke-goederen/kantoor-en-winkelinrichting-kantoorartikelen/,2767,0,0,Kantoor en Winkelinrichting,Kantoorartikelen,
2,1690,,1085,zakelijke-goederen,Zakelijke goederen,kantoor-en-winkelinrichting-kantoormeubilair-en-inrichting,Kantoor en Winkelinrichting | Kantoormeubilair en Inrichting,Kantoormeubilair en Inrichting,"Kantoor, Winkel en Bedrijf",https://marketplace.apps-pilot.nl/l/zakelijke-goederen/kantoor-en-winkelinrichting-kantoormeubilair-en-inrichting/,9203,0,0,Kantoor en Winkelinrichting,Kantoormeubilair en Inrichting,
2,2603,,1085,zakelijke-goederen,Zakelijke goederen,kantoor-en-winkelinrichting-kassa-s-en-betaalsystemen,Kantoor en Winkelinrichting | Kassa's en Betaalsystemen,Kassa's en Betaalsystemen,"Kantoor, Winkel en Bedrijf",https://marketplace.apps-pilot.nl/l/zakelijke-goederen/kantoor-en-winkelinrichting-kassa-s-en-betaalsystemen/,357,0,0,Kantoor en Winkelinrichting,Kassa's en Betaalsystemen,
2,1700,,1085,zakelijke-goederen,Zakelijke goederen,kantoor-en-winkelinrichting-magazijn-stelling-en-opslag,"Kantoor en Winkelinrichting | Magazijn, Stelling en Opslag","Magazijn, Stelling en Opslag","Kantoor, Winkel en Bedrijf",https://marketplace.apps-pilot.nl/l/zakelijke-goederen/kantoor-en-winkelinrichting-magazijn-stelling-en-opslag/,7032,0,0,Kantoor en Winkelinrichting,"Magazijn, Stelling en Opslag",
2,1964,,1085,zakelijke-goederen,Zakelijke goederen,kantoor-en-winkelinrichting-onderdelen,Kantoor en Winkelinrichting | Onderdelen,Onderdelen,"Kantoor, Winkel en Bedrijf",https://marketplace.apps-pilot.nl/l/zakelijke-goederen/kantoor-en-winkelinrichting-onderdelen/,46,0,0,Kantoor en Winkelinrichting,Onderdelen,
2,1091,,1085,zakelijke-goederen,Zakelijke goederen,kantoor-en-winkelinrichting-winkel-en-inventaris,Kantoor en Winkelinrichting | Winkel en Inventaris,Winkel en Inventaris,"Kantoor, Winkel en Bedrijf",https://marketplace.apps-pilot.nl/l/zakelijke-goederen/kantoor-en-winkelinrichting-winkel-en-inventaris/,4939,0,0,Kantoor en Winkelinrichting,Winkel en Inventaris,
2,2113,,1085,zakelijke-goederen,Zakelijke goederen,machines-en-bouw-aggregaten,Machines en Bouw | Aggregaten,Aggregaten,Machines en Bouw,https://marketplace.apps-pilot.nl/l/zakelijke-goederen/machines-en-bouw-aggregaten/,972,0,0,Machines en Bouw,Aggregaten,
2,1965,,1085,zakelijke-goederen,Zakelijke goederen,machines-en-bouw-heftrucks-en-intern-transport,Machines en Bouw | Heftrucks en Intern transport,Heftrucks en Intern transport,Machines en Bouw,https://marketplace.apps-pilot.nl/l/zakelijke-goederen/machines-en-bouw-heftrucks-en-intern-transport/,5435,15,15,Machines en Bouw,Heftrucks en Intern transport,
2,2117,,1085,zakelijke-goederen,Zakelijke goederen,machines-en-bouw-houtbewerking,Machines en Bouw | Houtbewerking,Houtbewerking,Machines en Bouw,https://marketplace.apps-pilot.nl/l/zakelijke-goederen/machines-en-bouw-houtbewerking/,3943,0,0,Machines en Bouw,Houtbewerking,
2,1694,,1085,zakelijke-goederen,Zakelijke goederen,machines-en-bouw-industrie-en-techniek,Machines en Bouw | Industrie en Techniek,Industrie en Techniek,Machines en Bouw,https://marketplace.apps-pilot.nl/l/zakelijke-goederen/machines-en-bouw-industrie-en-techniek/,904,0,0,Machines en Bouw,Industrie en Techniek,
2,286,,1085,zakelijke-goederen,Zakelijke goederen,machines-en-bouw-keten-en-containers,Machines en Bouw | Keten en Containers,Keten en Containers,Machines en Bouw,https://marketplace.apps-pilot.nl/l/zakelijke-goederen/machines-en-bouw-keten-en-containers/,3056,0,0,Machines en Bouw,Keten en Containers,
2,255,,1085,zakelijke-goederen,Zakelijke goederen,machines-en-bouw-kranen-en-graafmachines,Machines en Bouw | Kranen en Graafmachines,Kranen en Graafmachines,Machines en Bouw,https://marketplace.apps-pilot.nl/l/zakelijke-goederen/machines-en-bouw-kranen-en-graafmachines/,3961,9,9,Machines en Bouw,Kranen en Graafmachines,
2,2115,,1085,zakelijke-goederen,Zakelijke goederen,machines-en-bouw-lastechniek,Machines en Bouw | Lastechniek,Lastechniek,Machines en Bouw,https://marketplace.apps-pilot.nl/l/zakelijke-goederen/machines-en-bouw-lastechniek/,82,0,0,Machines en Bouw,Lastechniek,
2,2105,,1085,zakelijke-goederen,Zakelijke goederen,machines-en-bouw-liften-steigers-en-ladders,"Machines en Bouw | Liften, Steigers en Ladders","Liften, Steigers en Ladders",Machines en Bouw,https://marketplace.apps-pilot.nl/l/zakelijke-goederen/machines-en-bouw-liften-steigers-en-ladders/,1424,0,0,Machines en Bouw,"Liften, Steigers en Ladders",
2,2116,,1085,zakelijke-goederen,Zakelijke goederen,machines-en-bouw-metaalbewerking,Machines en Bouw | Metaalbewerking,Metaalbewerking,Machines en Bouw,https://marketplace.apps-pilot.nl/l/zakelijke-goederen/machines-en-bouw-metaalbewerking/,627,0,0,Machines en Bouw,Metaalbewerking,
2,1695,,1085,zakelijke-goederen,Zakelijke goederen,machines-en-bouw-onderdelen,Machines en Bouw | Onderdelen,Onderdelen,Machines en Bouw,https://marketplace.apps-pilot.nl/l/zakelijke-goederen/machines-en-bouw-onderdelen/,2834,0,0,Machines en Bouw,Onderdelen,
2,1696,,1085,zakelijke-goederen,Zakelijke goederen,machines-en-bouw-onderhoud-en-reiniging,Machines en Bouw | Onderhoud en Reiniging,Onderhoud en Reiniging,Machines en Bouw,https://marketplace.apps-pilot.nl/l/zakelijke-goederen/machines-en-bouw-onderhoud-en-reiniging/,702,0,0,Machines en Bouw,Onderhoud en Reiniging,
2,1697,,1085,zakelijke-goederen,Zakelijke goederen,machines-en-bouw-overig,Machines en Bouw | Overig,Overig,Machines en Bouw,https://marketplace.apps-pilot.nl/l/zakelijke-goederen/machines-en-bouw-overig/,1252,0,0,Machines en Bouw,Overig,
2,2114,,1085,zakelijke-goederen,Zakelijke goederen,machines-en-bouw-pompen-en-compressoren,Machines en Bouw | Pompen en Compressoren,Pompen en Compressoren,Machines en Bouw,https://marketplace.apps-pilot.nl/l/zakelijke-goederen/machines-en-bouw-pompen-en-compressoren/,1306,0,0,Machines en Bouw,Pompen en Compressoren,
2,1698,,1085,zakelijke-goederen,Zakelijke goederen,machines-en-bouw-transport,Machines en Bouw | Transport,Transport,Machines en Bouw,https://marketplace.apps-pilot.nl/l/zakelijke-goederen/machines-en-bouw-transport/,299,0,0,Machines en Bouw,Transport,
2,1966,,1085,zakelijke-goederen,Zakelijke goederen,machines-en-bouw-tuin-park-en-bosbouw,"Machines en Bouw | Tuin, Park en Bosbouw","Tuin, Park en Bosbouw",Machines en Bouw,https://marketplace.apps-pilot.nl/l/zakelijke-goederen/machines-en-bouw-tuin-park-en-bosbouw/,1228,8,8,Machines en Bouw,"Tuin, Park en Bosbouw",
2,1093,,1085,zakelijke-goederen,Zakelijke goederen,overige-zakelijke-goederen,Overige Zakelijke goederen,,Overige,https://marketplace.apps-pilot.nl/l/zakelijke-goederen/overige-zakelijke-goederen/,820,0,0,Overige Zakelijke goederen,,
2,1089,,1085,zakelijke-goederen,Zakelijke goederen,partijgoederen-en-retail-franchising-wederverkoop-en-distributie,"Partijgoederen en Retail | Franchising, Wederverkoop en Distributie","Franchising, Wederverkoop en Distributie",Partijgoederen en Retail,https://marketplace.apps-pilot.nl/l/zakelijke-goederen/partijgoederen-en-retail-franchising-wederverkoop-en-distributie/,28,0,0,Partijgoederen en Retail,"Franchising, Wederverkoop en Distributie",
2,1419,,1085,zakelijke-goederen,Zakelijke goederen,partijgoederen-en-retail-partijgoederen,Partijgoederen en Retail | Partijgoederen,Partijgoederen,Partijgoederen en Retail,https://marketplace.apps-pilot.nl/l/zakelijke-goederen/partijgoederen-en-retail-partijgoederen/,317,0,0,Partijgoederen en Retail,Partijgoederen,
2,1096,,1085,zakelijke-goederen,Zakelijke goederen,partijgoederen-en-retail-verkoopwagens,Partijgoederen en Retail | Verkoopwagens,Verkoopwagens,Partijgoederen en Retail,https://marketplace.apps-pilot.nl/l/zakelijke-goederen/partijgoederen-en-retail-verkoopwagens/,255,0,0,Partijgoederen en Retail,Verkoopwagens,
2,1702,,1085,zakelijke-goederen,Zakelijke goederen,partijgoederen-en-retail-verpakking-en-verzending,Partijgoederen en Retail | Verpakking en Verzending,Verpakking en Verzending,Partijgoederen en Retail,https://marketplace.apps-pilot.nl/l/zakelijke-goederen/partijgoederen-en-retail-verpakking-en-verzending/,2168,0,0,Partijgoederen en Retail,Verpakking en Verzending,
